"OTU_ID","Kingdom","Phylum","Class","Order","Family","Genus","Species","is_dark","SH_class","SH_source","SH_URL","plutof_chimera_flag","common_taxonomy","common_rank","similarity_percentage","SH_code_015","SH_code_02","SH_code_03","status_015","status_02","status_03","winter_occ","winter_mean_share","summer_occ","summer_mean_share"
"OTU1","k__Fungi","p__Ascomycota","c__Leotiomycetes","o__Thelebolales","f__Thelebolaceae","g__Thelebolus",NA,FALSE,"placeable_existing_SH","UNITE_container","https://unite.ut.ee/sh/SH0598998.10FU",FALSE,"k__Fungi;p__Ascomycota;c__Leotiomycetes;o__Thelebolales",4,100,"SH0897423.10FU","SH0598998.10FU","SH0110823.10FU","present_in","present_in","present_in",5,0.0320802108023567,15,0.24850146684368
"OTU2","k__Fungi","p__Ascomycota","c__Dothideomycetes","o__Myriangiales","f__Myriangiales_fam_Incertae_sedis","g__Myriangiales_gen_Incertae_sedis",NA,FALSE,"placeable_existing_SH","UNITE_container","https://unite.ut.ee/sh/SH0664245.10FU",FALSE,"k__Fungi;p__Ascomycota;c__Dothideomycetes;o__Myriangiales",4,100,"SH0973252.10FU","SH0664245.10FU","SH0162833.10FU","present_in","present_in","present_in",21,0.0504913225260048,5,5.85972914632926e-05
"OTU3","k__Fungi","p__Ascomycota","c__Leotiomycetes","o__Thelebolales","f__Thelebolaceae","g__Thelebolus",NA,FALSE,"placeable_existing_SH","UNITE_container","https://unite.ut.ee/sh/SH0598998.10FU",FALSE,"k__Fungi;p__Ascomycota;c__Leotiomycetes;o__Thelebolales",4,98.6,"SH0897423.10FU","SH0598998.10FU","SH0110823.10FU","present_in","present_in","present_in",2,0.00647269776689556,0,0
"OTU4","k__Fungi","p__Ascomycota","c__Saccharomycetes","o__Saccharomycetales","f__Trichomonascaceae","g__Blastobotrys","s__arbuscula",FALSE,"placeable_existing_SH","UNITE_container","https://unite.ut.ee/sh/SH0552556.10FU",FALSE,"k__Fungi;p__Ascomycota;c__Saccharomycetes;o__Saccharomycetales;f__Trichomonascaceae;g__Blastobotrys",6,100,"SH0843807.10FU","SH0552556.10FU","SH0072778.10FU","present_in","present_in","present_in",1,0.000200390092713816,0,0
"OTU5","k__Fungi","p__Ascomycota","c__Leotiomycetes",NA,NA,NA,NA,TRUE,"no_SH_match","UNITE_container",NA,TRUE,NA,NA,NA,NA,NA,NA,NA,NA,NA,0,0,1,4.68276897318568e-05
"OTU6","k__Fungi","p__Basidiomycota","c__Agaricomycetes","o__Polyporales","f__Polyporales_fam_Incertae_sedis","g__Amyloporia","s__xantha",FALSE,"placeable_existing_SH","UNITE_container","https://unite.ut.ee/sh/SH0657439.10FU",FALSE,"k__Fungi;p__Basidiomycota;c__Agaricomycetes;o__Polyporales;f__Polyporales_fam_Incertae_sedis;g__Amyloporia;s__Amyloporia_xantha",7,100,"SH0965097.10FU","SH0657439.10FU","SH0157606.10FU","present_in","present_in","present_in",0,0,1,0.000293375280645379
"OTU7","k__Fungi","p__Basidiomycota",NA,NA,NA,NA,NA,TRUE,"no_SH_match","UNITE_container",NA,TRUE,NA,NA,NA,NA,NA,NA,NA,NA,NA,1,0.000566931386843539,0,0
"OTU8","k__Fungi","p__Mucoromycota","c__Umbelopsidomycetes","o__Umbelopsidales","f__Umbelopsidaceae","g__Umbelopsis","s__dimorpha",FALSE,"placeable_existing_SH","UNITE_container","https://unite.ut.ee/sh/SH0468608.10FU",FALSE,"k__Fungi;p__Mucoromycota;c__Umbelopsidomycetes;o__Umbelopsidales;f__Umbelopsidaceae;g__Umbelopsis",6,99,"SH0742495.10FU","SH0468608.10FU","SH0009099.10FU","present_in","present_in","present_in",0,0,1,4.57648449715877e-05
"OTU9","k__Fungi","p__Ascomycota","c__Dothideomycetes","o__Cladosporiales","f__Cladosporiaceae","g__Cladosporium",NA,FALSE,"excluded_nonITS","UNITE_container","https://unite.ut.ee/sh/SH0655188.10FU",FALSE,"k__Fungi;p__Ascomycota;c__Dothideomycetes;o__Cladosporiales;f__Cladosporiaceae;g__Cladosporium;s__Cladosporium_herbarum",7,100,"SH0962330.10FU","SH0655188.10FU","SH0155802.10FU","present_in","present_in","present_in",4,0.00365580334992319,5,6.59328646570978e-05
"OTU10","k__Fungi","p__Basidiomycota","c__Exobasidiomycetes","o__Exobasidiales","f__Exobasidiaceae","g__Exobasidium","s__arescens 1",FALSE,"placeable_existing_SH","UNITE_container","https://unite.ut.ee/sh/SH0631558.10FU",FALSE,"k__Fungi;p__Basidiomycota;c__Exobasidiomycetes;o__Exobasidiales;f__Exobasidiaceae;g__Exobasidium",6,99,"SH0934686.10FU","SH0631558.10FU","SH0136961.10FU","present_in","present_in","present_in",1,0.000126616418134765,0,0
"OTU11","k__Fungi",NA,NA,NA,NA,NA,NA,TRUE,"no_SH_match","UNITE_container",NA,FALSE,NA,NA,NA,NA,NA,NA,NA,NA,NA,1,0.00076042476042476,0,0
"OTU12","k__Fungi","p__Basidiomycota","c__Microbotryomycetes","o__Microbotryomycetes_ord_Incertae_sedis","f__Chrysozymaceae","g__Chrysozyma",NA,FALSE,"placeable_existing_SH","UNITE_container","https://unite.ut.ee/sh/SH0461329.10FU",FALSE,"k__Fungi;p__Basidiomycota;c__Microbotryomycetes",3,97.8,"SH0734016.10FU","SH0461329.10FU","SH0003221.10FU","present_in","present_in","present_in",1,0.00019584791727897,0,0
"OTU13","k__Fungi","p__Basidiomycota","c__Agaricomycetes","o__Sebacinales","f__Serendipitaceae","g__Serendipitaceae_gen_Incertae_sedis",NA,FALSE,"placeable_existing_SH","UNITE_container","https://unite.ut.ee/sh/SH0512397.10FU",FALSE,"k__Fungi;p__Basidiomycota;c__Agaricomycetes;o__Sebacinales;f__Serendipitaceae",5,100,"s854","SH0512397.10FU","SH0041380.10FU","new_singleton_in","present_in","present_in",0,0,1,4.5264682731461e-05
"OTU14","k__Fungi","p__Ascomycota","c__Leotiomycetes","o__Helotiales",NA,NA,NA,TRUE,"placeable_existing_SH","UNITE_container","https://unite.ut.ee/sh/SH0643285.10FU",FALSE,"k__Fungi;p__Ascomycota;c__Leotiomycetes;o__Helotiales",4,100,"SH0948438.10FU","SH0643285.10FU","SH0146624.10FU","present_in","present_in","present_in",0,0,3,0.000410330615011229
"OTU15","k__Fungi","p__Ascomycota","c__Dothideomycetes",NA,NA,NA,NA,TRUE,"novel_new_SH","UNITE_container",NA,FALSE,"k__Fungi;p__Ascomycota;c__Dothideomycetes",3,85.7,"s860","s551","s33","new_singleton_in","new_singleton_in","new_singleton_in",1,8.9043253403717e-05,4,0.00141176843414621
"OTU16","k__Fungi","p__Ascomycota","c__Leotiomycetes","o__Helotiales","f__Lachnaceae","g__Lachnellula","s__hyalina 1",FALSE,"placeable_existing_SH","UNITE_container","https://unite.ut.ee/sh/SH0564267.10FU",FALSE,"k__Fungi;p__Ascomycota;c__Leotiomycetes;o__Helotiales;f__Lachnaceae;g__Lachnellula",6,98.6,"SH0857425.10FU","SH0564267.10FU","SH0082120.10FU","present_in","present_in","present_in",1,0.000186496379618992,2,1.12017875366593e-06
"OTU17","k__Fungi","p__Ascomycota","c__Sordariomycetes","o__Diaporthales","f__Cytosporaceae","g__Cytospora",NA,FALSE,"placeable_existing_SH","UNITE_container","https://unite.ut.ee/sh/SH0574425.10FU",FALSE,"k__Fungi;p__Ascomycota;c__Sordariomycetes;o__Diaporthales;f__Cytosporaceae;g__Cytospora",6,100,"SH0868999.10FU","SH0574425.10FU","SH0090466.10FU","present_in","present_in","present_in",0,0,1,4.90015322717633e-05
"OTU19","k__Fungi","p__Basidiomycota","c__Malasseziomycetes","o__Malasseziales","f__Malasseziaceae","g__Malassezia","s__restricta 1",FALSE,"placeable_existing_SH","UNITE_container","https://unite.ut.ee/sh/SH0686389.10FU",FALSE,"k__Fungi;p__Basidiomycota;c__Malasseziomycetes;o__Malasseziales;f__Malasseziaceae;g__Malassezia;s__Malassezia_restricta",7,100,"SH0999786.10FU","SH0686389.10FU","SH0179873.10FU","present_in","present_in","present_in",3,0.00337134027596116,2,0.00252714371313143
"OTU20","k__Fungi","p__Basidiomycota","c__Tremellomycetes","o__Cystofilobasidiales","f__Mrakiaceae","g__Mrakia","s__aquatica",FALSE,"placeable_existing_SH","UNITE_container","https://unite.ut.ee/sh/SH0651932.10FU",FALSE,"k__Fungi;p__Basidiomycota;c__Tremellomycetes;o__Cystofilobasidiales;f__Mrakiaceae;g__Mrakia",6,97.4,"SH0958526.10FU","SH0651932.10FU","SH0153429.10FU","present_in","present_in","present_in",1,0.000288027359927325,0,0
"OTU21","k__Fungi","p__Ascomycota","c__Dothideomycetes","o__Venturiales","f__Venturiaceae","g__Venturia","s__pyrina",FALSE,"novel_new_SH","UNITE_container",NA,FALSE,"k__Fungi;p__Ascomycota;c__Dothideomycetes;o__Venturiales;f__Venturiaceae;g__Fagicola",6,100,"179","116","SH0171985.10FU","new_sh_in","new_sh_in","present_in",1,0.000642982035046901,12,0.00112772086959442
"OTU22","k__Fungi","p__Ascomycota","c__Dothideomycetes","o__Pleosporales","f__Sporormiaceae",NA,NA,TRUE,"novel_new_SH","UNITE_container",NA,TRUE,"k__Fungi;p__Ascomycota",2,100,"s869","s557","s39","new_singleton_in","new_singleton_in","new_singleton_in",0,0,6,0.00124273356288777
"OTU23","k__Fungi","p__Ascomycota",NA,NA,NA,NA,NA,TRUE,"placeable_existing_SH","UNITE_container","https://unite.ut.ee/sh/SH0652422.10FU",FALSE,"k__Fungi;p__Ascomycota",2,98,"191","SH0652422.10FU","SH0153832.10FU","new_sh_in","present_in","present_in",1,0.000150076004156612,0,0
"OTU24","k__Fungi","p__Basidiomycota","c__Agaricomycetes","o__Atheliales","f__Atheliaceae","g__Tylospora","s__asterophora 1",FALSE,"placeable_existing_SH","UNITE_container","https://unite.ut.ee/sh/SH0537670.10FU",FALSE,"k__Fungi;p__Basidiomycota;c__Agaricomycetes;o__Atheliales;f__Atheliaceae;g__Tylospora;s__Tylospora_asterophora",7,100,"SH0826300.10FU","SH0537670.10FU","SH0061000.10FU","present_in","present_in","present_in",0,0,1,0.000178218628429436
"OTU25","k__Fungi","p__Ascomycota","c__Lecanoromycetes","o__Lecanorales","f__Parmeliaceae","g__Melanohalea","s__olivacea 1",FALSE,"placeable_existing_SH","UNITE_container","https://unite.ut.ee/sh/SH0558234.10FU",FALSE,"k__Fungi;p__Ascomycota;c__Lecanoromycetes;o__Lecanorales;f__Parmeliaceae;g__Melanohalea",6,98.6,"SH0851152.10FU","SH0558234.10FU","SH0077514.10FU","present_in","present_in","present_in",1,0.00012036377453185,0,0
"OTU26","k__Fungi","p__Ascomycota",NA,NA,NA,NA,NA,TRUE,"no_SH_match","UNITE_container",NA,FALSE,NA,NA,NA,NA,NA,NA,NA,NA,NA,0,0,3,7.3260974365814e-05
"OTU27","k__Fungi","p__Ascomycota","c__Leotiomycetes","o__Helotiales","f__Godroniaceae",NA,NA,TRUE,"placeable_existing_SH","UNITE_container","https://unite.ut.ee/sh/SH0623043.10FU",FALSE,"k__Fungi;p__Ascomycota;c__Leotiomycetes;o__Helotiales;f__Godroniaceae;g__Godronia",6,97.2,"SH0924904.10FU","SH0623043.10FU","SH0129952.10FU","present_in","present_in","present_in",0,0,6,0.00133196655680092
"OTU30","k__Fungi","p__Ascomycota","c__Leotiomycetes","o__Helotiales",NA,NA,NA,TRUE,"novel_new_SH","UNITE_container",NA,TRUE,"k__Fungi;p__Ascomycota",2,100,"170","109","10","new_sh_in","new_sh_in","new_sh_in",0,0,5,4.7871966493799e-05
"OTU31","k__Fungi","p__Ascomycota","c__Lecanoromycetes",NA,NA,NA,NA,TRUE,"novel_new_SH","UNITE_container",NA,TRUE,"k__Fungi;p__Ascomycota;c__Lecanoromycetes",3,84.4,"s896","s580","s59","new_singleton_in","new_singleton_in","new_singleton_in",1,0.000179549523071579,0,0
"OTU32","k__Fungi","p__Basidiomycota","c__Microbotryomycetes","o__Kriegeriales","f__Kriegeriaceae","g__Phenoliferia",NA,FALSE,"placeable_existing_SH","UNITE_container","https://unite.ut.ee/sh/SH0705758.10FU",FALSE,"k__Fungi;p__Basidiomycota;c__Microbotryomycetes;o__Kriegeriales;f__Kriegeriaceae;g__Phenoliferia",6,100,"SH1022698.10FU","SH0705758.10FU","SH0194963.10FU","present_in","present_in","present_in",0,0,11,0.00149994930026408
"OTU33","k__Fungi","p__Ascomycota",NA,NA,NA,NA,NA,TRUE,"no_SH_match","UNITE_container",NA,FALSE,NA,NA,NA,NA,NA,NA,NA,NA,NA,1,7.22296911039785e-05,1,2.01940504451131e-05
"OTU34","k__Fungi","p__Basidiomycota","c__Microbotryomycetes","o__Sporidiobolales","f__Sporidiobolaceae","g__Rhodotorula","s__glutinis",FALSE,"placeable_existing_SH","UNITE_container","https://unite.ut.ee/sh/SH0581838.10FU",FALSE,"k__Fungi;p__Basidiomycota;c__Microbotryomycetes;o__Sporidiobolales;f__Sporidiobolaceae;g__Rhodotorula;s__Rhodotorula_graminis",7,100,"SH0877557.10FU","SH0581838.10FU","SH0096492.10FU","present_in","present_in","present_in",1,0.000175808908007588,0,0
"OTU35","k__Fungi","p__Basidiomycota","c__Tremellomycetes","o__Tremellales",NA,NA,NA,TRUE,"novel_new_SH","UNITE_container",NA,FALSE,"k__Fungi;p__Basidiomycota;c__Tremellomycetes;o__Tremellales",4,92.3,"197","134","26","new_sh_in","new_sh_in","new_sh_in",0,0,2,3.07143322999365e-05
"OTU36","k__Fungi","p__Ascomycota","c__Dothideomycetes","o__Venturiales","f__Sympoventuriaceae",NA,NA,TRUE,"novel_new_SH","UNITE_container",NA,TRUE,"k__Fungi;p__Ascomycota;c__Dothideomycetes;o__Venturiales",4,99.3,"s917","s600","s74","new_singleton_in","new_singleton_in","new_singleton_in",0,0,2,4.1543865484531e-05
"OTU37","k__Fungi","p__Ascomycota","c__Sordariomycetes","o__Hypocreales","f__Sarocladiaceae","g__Sarocladium",NA,FALSE,"placeable_existing_SH","UNITE_container","https://unite.ut.ee/sh/SH0481979.10FU",FALSE,"k__Fungi;p__Ascomycota;c__Sordariomycetes;o__Hypocreales;f__Sarocladiaceae;g__Sarocladium;s__Sarocladium_strictum",7,100,"SH0758387.10FU","SH0481979.10FU","SH0019681.10FU","present_in","present_in","present_in",1,0.000176877655168728,0,0
"OTU38","k__Fungi","p__Chytridiomycota","c__Spizellomycetes","o__Spizellomycetales","f__Spizellomycetales_fam_Incertae_sedis","g__Spizellomycetales_gen_Incertae_sedis",NA,FALSE,"novel_new_SH","UNITE_container",NA,FALSE,"k__Fungi;p__Chytridiomycota;c__Spizellomycetes;o__Spizellomycetales",4,92.3,"s924","s607","s80","new_singleton_in","new_singleton_in","new_singleton_in",0,0,3,0.00132344263490688
"OTU39","k__Fungi","p__Ascomycota","c__Lecanoromycetes",NA,NA,NA,NA,TRUE,"novel_new_SH","UNITE_container",NA,TRUE,"k__Fungi;p__Ascomycota;c__Lecanoromycetes",3,86.8,"s931","s613","s83","new_singleton_in","new_singleton_in","new_singleton_in",2,0.000485130064443485,0,0
"OTU40","k__Fungi","p__Ascomycota","c__Dothideomycetes","o__Venturiales","f__Venturiaceae",NA,NA,TRUE,"placeable_existing_SH","UNITE_container","https://unite.ut.ee/sh/SH0676380.10FU",FALSE,"k__Fungi;p__Ascomycota;c__Dothideomycetes;o__Venturiales;f__Venturiaceae;g__Fagicola",6,100,"168","SH0676380.10FU","SH0171985.10FU","new_sh_in","present_in","present_in",1,0.000260439149328038,1,4.20065394201211e-05
"OTU41","k__Fungi","p__Basidiomycota","c__Tremellomycetes","o__Filobasidiales","f__Filobasidiaceae","g__Goffeauzyma","s__gastrica 1",FALSE,"placeable_existing_SH","UNITE_container","https://unite.ut.ee/sh/SH0615003.10FU",FALSE,"k__Fungi;p__Basidiomycota;c__Tremellomycetes;o__Filobasidiales;f__Filobasidiaceae;g__Goffeauzyma;s__Goffeauzyma_gastrica",7,100,"SH0915539.10FU","SH0615003.10FU","SH0123701.10FU","present_in","present_in","present_in",0,0,6,0.00227086446211372
"OTU42","k__Fungi","p__Basidiomycota","c__Microbotryomycetes","o__Microbotryomycetes_ord_Incertae_sedis","f__Microbotryomycetes_fam_Incertae_sedis","g__Curvibasidium",NA,FALSE,"placeable_existing_SH","PlutoF_live","https://unite.ut.ee/sh/SH0551389.10FU",FALSE,"k__Fungi;p__Basidiomycota;c__Microbotryomycetes;o__Microbotryomycetes_ord_Incertae_sedis;f__Microbotryomycetes_fam_Incertae_sedis;g__Curvibasidium",6,99.3,"s940","SH0551389.10FU","s89","new_singleton_in","new_singleton_in","new_singleton_in",0,0,2,3.54166021908625e-05
"OTU43","k__Fungi","p__Basidiomycota","c__Microbotryomycetes","o__Microbotryomycetes_ord_Incertae_sedis",NA,NA,NA,TRUE,"novel_new_SH","UNITE_container",NA,FALSE,"k__Fungi;p__Basidiomycota;c__Microbotryomycetes",3,94.9,"s944","s625","s93","new_singleton_in","new_singleton_in","new_singleton_in",0,0,6,9.18202866486485e-05
"OTU44","k__Fungi","p__Ascomycota","c__Leotiomycetes","o__Helotiales","f__Calloriaceae","g__Calloria",NA,FALSE,"novel_new_SH","UNITE_container",NA,TRUE,"k__Fungi;p__Ascomycota;c__Leotiomycetes;o__Helotiales",4,100,"s949","s630","SH0180931.10FU","new_singleton_in","new_singleton_in","present_in",1,0.000171801106153312,0,0
"OTU45","k__Fungi","p__Ascomycota","c__Leotiomycetes","o__Helotiales","f__Dermateaceae","g__Coleophoma",NA,FALSE,"novel_new_SH","UNITE_container",NA,TRUE,"k__Fungi;p__Ascomycota;c__Leotiomycetes;o__Helotiales;f__Dermateaceae;g__Coleophoma",6,100,"s953","s634","SH0158631.10FU","new_singleton_in","new_singleton_in","present_in",5,0.0307610334156028,4,0.00302890238498051
"OTU46","k__Fungi","p__Ascomycota",NA,NA,NA,NA,NA,TRUE,"no_SH_match","UNITE_container",NA,FALSE,NA,NA,NA,NA,NA,NA,NA,NA,NA,5,0.0030207815540773,2,2.50890605178516e-06
"OTU47","k__Fungi","p__Ascomycota","c__Leotiomycetes","o__Helotiales",NA,NA,NA,TRUE,"placeable_existing_SH","UNITE_container","https://unite.ut.ee/sh/SH0696833.10FU",FALSE,"k__Fungi;p__Ascomycota;c__Leotiomycetes;o__Helotiales;f__Ploettnerulaceae;g__Cadophora",6,100,"SH1012076.10FU","SH0696833.10FU","SH0188209.10FU","present_in","present_in","present_in",0,0,3,5.68354986737047e-05
"OTU48","k__Fungi","p__Ascomycota","c__Dothideomycetes","o__Pleosporales","f__Didymellaceae","g__Epicoccum","s__pimprinum",FALSE,"placeable_existing_SH","UNITE_container","https://unite.ut.ee/sh/SH0568406.10FU",FALSE,"k__Fungi;p__Ascomycota;c__Dothideomycetes;o__Pleosporales;f__Didymellaceae;g__Didymella",6,100,"SH0862152.10FU","SH0568406.10FU","SH0085547.10FU","present_in","present_in","present_in",1,0.000226574398161755,0,0
"OTU49","k__Fungi","p__Ascomycota","c__Dothideomycetes","o__Mycosphaerellales","f__Teratosphaeriaceae","g__Neocatenulostroma","s__microsporum",FALSE,"placeable_existing_SH","UNITE_container","https://unite.ut.ee/sh/SH0551830.10FU",FALSE,"k__Fungi;p__Ascomycota;c__Dothideomycetes;o__Mycosphaerellales;f__Teratosphaeriaceae;g__Neocatenulostroma",6,100,"SH0843013.10FU","SH0551830.10FU","SH0072063.10FU","present_in","present_in","present_in",1,0.000915134248467582,0,0
"OTU51","k__Fungi","p__Ascomycota","c__Leotiomycetes","o__Leotiales","f__Tympanidaceae",NA,NA,TRUE,"novel_new_SH","UNITE_container",NA,TRUE,"k__Fungi;p__Ascomycota",2,100,"s968","s647","s108","new_singleton_in","new_singleton_in","new_singleton_in",0,0,8,0.00143734209371741
"OTU55","k__Fungi","p__Ascomycota","c__Dothideomycetes","o__Venturiales","f__Venturiaceae","g__Venturia",NA,FALSE,"placeable_existing_SH","UNITE_container","https://unite.ut.ee/sh/SH0676378.10FU",FALSE,"k__Fungi;p__Ascomycota;c__Dothideomycetes;o__Venturiales;f__Venturiaceae;g__Venturia",6,100,"SH0987927.10FU","SH0676378.10FU","SH0171987.10FU","present_in","present_in","present_in",1,3.98533502984617e-07,4,0.00220108685604001
"OTU56","k__Fungi","p__Basidiomycota","c__Agaricomycetes","o__Agaricales","f__Cortinariaceae","g__Cortinarius","s__armillatus 1",FALSE,"placeable_existing_SH","UNITE_container","https://unite.ut.ee/sh/SH0674987.10FU",FALSE,"k__Fungi;p__Basidiomycota;c__Agaricomycetes;o__Agaricales;f__Cortinariaceae;g__Cortinarius;s__Cortinarius_armillatus",7,100,"SH0986459.10FU","SH0674987.10FU","SH0171035.10FU","present_in","present_in","present_in",1,3.64414405969366e-05,0,0
"OTU57","k__Fungi","p__Ascomycota","c__Leotiomycetes",NA,NA,NA,NA,TRUE,"novel_new_SH","UNITE_container",NA,TRUE,"k__Fungi;p__Ascomycota;c__Leotiomycetes",3,85.3,"s979","s658","13","new_singleton_in","new_singleton_in","new_sh_in",0,0,1,4.43994037160081e-07
"OTU58","k__Fungi","p__Ascomycota","c__Sordariomycetes","o__Diaporthales","f__Gnomoniaceae",NA,NA,TRUE,"novel_new_SH","UNITE_container",NA,FALSE,"k__Fungi;p__Ascomycota;c__Sordariomycetes",3,99.4,"s982","s660","s118","new_singleton_in","new_singleton_in","new_singleton_in",1,0.000163251128864189,0,0
"OTU59","k__Fungi","p__Ascomycota","c__Dothideomycetes","o__Dothideomycetes_ord_Incertae_sedis","f__Dothideomycetes_fam_Incertae_sedis","g__Radulidium",NA,FALSE,"placeable_existing_SH","UNITE_container","https://unite.ut.ee/sh/SH0537720.10FU",FALSE,"k__Fungi;p__Ascomycota;c__Dothideomycetes;o__Dothideomycetes_ord_Incertae_sedis;f__Dothideomycetes_fam_Incertae_sedis;g__Radulidium",6,100,"SH0826365.10FU","SH0537720.10FU","SH0061044.10FU","present_in","present_in","present_in",1,0.000161648008122478,0,0
"OTU61","k__Fungi","p__Basidiomycota","c__Agaricomycetes","o__Cantharellales","f__Botryobasidiaceae","g__Botryobasidium",NA,FALSE,"novel_new_SH","UNITE_container",NA,FALSE,"k__Fungi;p__Basidiomycota;c__Agaricomycetes;o__Cantharellales",4,93,"s1000","s677","s132","new_singleton_in","new_singleton_in","new_singleton_in",0,0,1,3.77622491295614e-05
"OTU62","k__Fungi","p__Basidiomycota","c__Tremellomycetes","o__Cystofilobasidiales","f__Mrakiaceae","g__Tausonia","s__pullulans 1",FALSE,"placeable_existing_SH","UNITE_container","https://unite.ut.ee/sh/SH0477600.10FU",FALSE,"k__Fungi;p__Basidiomycota;c__Tremellomycetes;o__Cystofilobasidiales;f__Mrakiaceae;g__Tausonia;s__Tausonia_pullulans",7,100,"SH0753078.10FU","SH0477600.10FU","SH0016266.10FU","present_in","present_in","present_in",1,3.24548490844108e-07,4,0.00127816559736259
"OTU64","k__Fungi","p__Ascomycota","c__Taphrinomycetes","o__Taphrinales","f__Taphrinaceae","g__Taphrina","s__tormentillae",FALSE,"placeable_existing_SH","UNITE_container","https://unite.ut.ee/sh/SH0534178.10FU",FALSE,"k__Fungi;p__Ascomycota;c__Taphrinomycetes;o__Taphrinales;f__Taphrinaceae;g__Taphrina",6,100,"SH0822289.10FU","SH0534178.10FU","SH0058149.10FU","present_in","present_in","present_in",0,0,2,0.000245492554723708
"OTU65","k__Fungi","p__Ascomycota","c__Lecanoromycetes","o__Lecanorales","f__Parmeliaceae","g__Hypogymnia","s__tubulosa",FALSE,"placeable_existing_SH","UNITE_container","https://unite.ut.ee/sh/SH0558294.10FU",FALSE,"k__Fungi;p__Ascomycota;c__Lecanoromycetes;o__Lecanorales;f__Parmeliaceae;g__Hypogymnia;s__Hypogymnia_tubulosa",7,100,"SH0850877.10FU","SH0558294.10FU","SH0077568.10FU","present_in","present_in","present_in",1,0.000113577329004356,2,2.59680101720659e-06
"OTU66","k__Fungi","p__Ascomycota",NA,NA,NA,NA,NA,TRUE,"novel_new_SH","UNITE_container",NA,TRUE,"k__Fungi;p__Ascomycota",2,100,"s1001","s678","s133","new_singleton_in","new_singleton_in","new_singleton_in",0,0,1,4.04339353825413e-05
"OTU67","k__Fungi","p__Basidiomycota","c__Agaricomycetes","o__Agaricales","f__Cortinariaceae","g__Cortinarius",NA,FALSE,"placeable_existing_SH","UNITE_container","https://unite.ut.ee/sh/SH0701850.10FU",FALSE,"k__Fungi;p__Basidiomycota;c__Agaricomycetes;o__Agaricales;f__Cortinariaceae;g__Cortinarius;s__Cortinarius_croceus",7,99.5,"SH1018504.10FU","SH0701850.10FU","SH0192155.10FU","present_in","present_in","present_in",0,0,2,3.73648905642883e-05
"OTU68","k__Fungi",NA,NA,NA,NA,NA,NA,TRUE,"no_SH_match","UNITE_container",NA,FALSE,NA,NA,NA,NA,NA,NA,NA,NA,NA,0,0,1,4.3981269712229e-05
"OTU69","k__Fungi","p__Ascomycota","c__Dothideomycetes","o__Dothideomycetes_ord_Incertae_sedis","f__Naetrocymbaceae","g__Naetrocymbe","s__punctiformis 1",FALSE,"placeable_existing_SH","UNITE_container","https://unite.ut.ee/sh/SH0554926.10FU",FALSE,"k__Fungi;p__Ascomycota;c__Dothideomycetes",3,98.6,"SH0846571.10FU","SH0554926.10FU","SH0074649.10FU","present_in","present_in","present_in",0,0,1,3.69494854893556e-05
"OTU70","k__Fungi","p__Ascomycota","c__Dothideomycetes","o__Pleosporales","f__Melanommataceae",NA,NA,TRUE,"placeable_existing_SH","UNITE_container","https://unite.ut.ee/sh/SH0582824.10FU",FALSE,"k__Fungi;p__Ascomycota;c__Dothideomycetes;o__Pleosporales;f__Melanommataceae;g__Herpotrichia",6,98.6,"SH0878494.10FU","SH0582824.10FU","SH0097289.10FU","present_in","present_in","present_in",0,0,2,0.00103043712386111
"OTU72","k__Fungi","p__Basidiomycota","c__Tremellomycetes","o__Cystofilobasidiales","f__Mrakiaceae","g__Krasilnikovozyma",NA,FALSE,"placeable_existing_SH","UNITE_container","https://unite.ut.ee/sh/SH0521894.10FU",FALSE,"k__Fungi;p__Basidiomycota;c__Tremellomycetes;o__Cystofilobasidiales;f__Mrakiaceae;g__Krasilnikovozyma",6,100,"s1023","SH0521894.10FU","SH0048563.10FU","new_singleton_in","present_in","present_in",0,0,3,3.10378077723136e-05
"OTU73","k__Fungi","p__Basidiomycota","c__Tremellomycetes","o__Filobasidiales","f__Piskurozymaceae","g__Piskurozyma",NA,FALSE,"placeable_existing_SH","UNITE_container","https://unite.ut.ee/sh/SH0646807.10FU",FALSE,"k__Fungi;p__Basidiomycota;c__Tremellomycetes;o__Filobasidiales;f__Piskurozymaceae;g__Piskurozyma",6,96.6,"s1026","SH0646807.10FU","SH0149332.10FU","new_singleton_in","present_in","present_in",0,0,2,5.5481403160265e-05
"OTU74","k__Fungi","p__Ascomycota","c__Leotiomycetes","o__Helotiales",NA,NA,NA,TRUE,"placeable_existing_SH","UNITE_container","https://unite.ut.ee/sh/SH0696931.10FU",FALSE,"k__Fungi;p__Ascomycota;c__Leotiomycetes;o__Helotiales;f__Ploettnerulaceae",5,100,"SH1011920.10FU","SH0696931.10FU","SH0188235.10FU","present_in","present_in","present_in",4,0.00211953237738235,0,0
"OTU75","k__Fungi","p__Ascomycota","c__Leotiomycetes","o__Helotiales","f__Calloriaceae","g__Calloria",NA,FALSE,"placeable_existing_SH","UNITE_container","https://unite.ut.ee/sh/SH0687669.10FU",FALSE,"k__Fungi;p__Ascomycota;c__Leotiomycetes;o__Helotiales",4,100,"SH1001303.10FU","SH0687669.10FU","SH0180931.10FU","present_in","present_in","present_in",2,0.000158109087598494,0,0
"OTU78","k__Fungi","p__Ascomycota","c__Dothideomycetes","o__Capnodiales","f__Capnodiales_fam_Incertae_sedis","g__Perusta",NA,FALSE,"placeable_existing_SH","UNITE_container","https://unite.ut.ee/sh/SH0624031.10FU",FALSE,"k__Fungi;p__Ascomycota;c__Dothideomycetes;o__Dothideales",4,100,"SH0925963.10FU","SH0624031.10FU","SH0130731.10FU","present_in","present_in","present_in",0,0,2,0.000121182233487213
"OTU79","k__Fungi","p__Ascomycota","c__Dothideomycetes","o__Capnodiales",NA,NA,NA,TRUE,"placeable_existing_SH","UNITE_container","https://unite.ut.ee/sh/SH0645362.10FU",FALSE,"k__Fungi;p__Ascomycota;c__Dothideomycetes;o__Capnodiales",4,100,"SH0950800.10FU","SH0645362.10FU","SH0148176.10FU","present_in","present_in","present_in",2,1.12151953654501e-06,1,0.00265632800490086
"OTU80","k__Fungi","p__Basidiomycota","c__Tremellomycetes","o__Cystofilobasidiales","f__Mrakiaceae",NA,NA,TRUE,"no_SH_match","UNITE_container",NA,TRUE,NA,NA,NA,NA,NA,NA,NA,NA,NA,0,0,3,4.28926072805743e-05
"OTU81","k__Fungi","p__Basidiomycota","c__Agaricomycetes","o__Agaricales","f__Cortinariaceae","g__Cortinarius","s__armillatus 2",FALSE,"placeable_existing_SH","UNITE_container","https://unite.ut.ee/sh/SH0674987.10FU",FALSE,"k__Fungi;p__Basidiomycota;c__Agaricomycetes;o__Agaricales;f__Cortinariaceae;g__Cortinarius;s__Cortinarius_armillatus",7,100,"SH0986459.10FU","SH0674987.10FU","SH0171035.10FU","present_in","present_in","present_in",2,0.00111320338695886,0,0
"OTU84","k__Fungi","p__Basidiomycota","c__Tremellomycetes","o__Tremellales","f__Bulleribasidiaceae","g__Dioszegia",NA,FALSE,"novel_new_SH","UNITE_container",NA,TRUE,"k__Fungi;p__Basidiomycota;c__Tremellomycetes;o__Tremellales",4,93.1,"s1050","s719","s169","new_singleton_in","new_singleton_in","new_singleton_in",0,0,2,3.31990632477723e-05
"OTU86","k__Fungi","p__Ascomycota","c__Dothideomycetes","o__Mycosphaerellales","f__Teratosphaeriaceae","g__Lapidomyces",NA,FALSE,"novel_new_SH","UNITE_container",NA,TRUE,"k__Fungi;p__Ascomycota;c__Dothideomycetes;o__Mycosphaerellales;f__Teratosphaeriaceae;g__Lapidomyces",6,95.4,"s1054","s722","SH0072125.10FU","new_singleton_in","new_singleton_in","present_in",0,0,1,3.02145774545298e-05
"OTU87","k__Fungi","p__Basidiomycota","c__Agaricomycetes","o__Boletales","f__Boletaceae","g__Leccinum","s__versipelle",FALSE,"placeable_existing_SH","UNITE_container","https://unite.ut.ee/sh/SH0592644.10FU",FALSE,"k__Fungi;p__Basidiomycota;c__Agaricomycetes;o__Boletales;f__Boletaceae;g__Leccinum;s__Leccinum_versipelle",7,100,"SH0889731.10FU","SH0592644.10FU","SH0105509.10FU","present_in","present_in","present_in",2,0.00118385951976848,0,0
"OTU88","k__Fungi","p__Basidiomycota","c__Microbotryomycetes","o__Kriegeriales","f__Kriegeriaceae","g__Phenoliferia",NA,FALSE,"placeable_existing_SH","UNITE_container","https://unite.ut.ee/sh/SH0705758.10FU",FALSE,"k__Fungi;p__Basidiomycota;c__Microbotryomycetes;o__Kriegeriales;f__Kriegeriaceae;g__Phenoliferia",6,100,"SH1022698.10FU","SH0705758.10FU","SH0194963.10FU","present_in","present_in","present_in",0,0,1,0.000315889585833654
"OTU89","k__Fungi","p__Basidiomycota","c__Tremellomycetes","o__Tremellales","f__Bulleribasidiaceae","g__Vishniacozyma","s__victoriae 1",FALSE,"placeable_existing_SH","UNITE_container","https://unite.ut.ee/sh/SH0633921.10FU",FALSE,"k__Fungi;p__Basidiomycota;c__Tremellomycetes;o__Tremellales;f__Bulleribasidiaceae;g__Vishniacozyma;s__Vishniacozyma_victoriae",7,100,"SH0937374.10FU","SH0633921.10FU","SH0138970.10FU","present_in","present_in","present_in",0,0,1,3.45111945687382e-05
"OTU90","k__Fungi","p__Ascomycota","c__Dothideomycetes","o__Pleosporales","f__Didymellaceae",NA,NA,TRUE,"placeable_existing_SH","UNITE_container","https://unite.ut.ee/sh/SH0568406.10FU",FALSE,"k__Fungi;p__Ascomycota;c__Dothideomycetes;o__Pleosporales;f__Didymellaceae",5,100,"SH0862152.10FU","SH0568406.10FU","SH0085547.10FU","present_in","present_in","present_in",0,0,7,5.39085425812082e-05
"OTU91","k__Fungi","p__Ascomycota","c__Eurotiomycetes","o__Eurotiales","f__Aspergillaceae","g__Penicillium",NA,FALSE,"placeable_existing_SH","UNITE_container","https://unite.ut.ee/sh/SH0636341.10FU",FALSE,"k__Fungi;p__Ascomycota;c__Eurotiomycetes;o__Eurotiales;f__Aspergillaceae;g__Penicillium;s__Penicillium_ochotense",7,100,"SH0940404.10FU","SH0636341.10FU","SH0140788.10FU","present_in","present_in","present_in",0,0,1,6.05420620363103e-05
"OTU92","k__Fungi","p__Ascomycota","c__Sordariomycetes","o__Coniochaetales","f__Coniochaetaceae",NA,NA,TRUE,"placeable_existing_SH","UNITE_container","https://unite.ut.ee/sh/SH0579308.10FU",FALSE,"k__Fungi;p__Ascomycota;c__Sordariomycetes;o__Coniochaetales",4,100,"SH0874562.10FU","SH0579308.10FU","SH0094603.10FU","present_in","present_in","present_in",4,0.00839664014143983,13,0.0146870302387358
"OTU93","k__Fungi","p__Ascomycota","c__Saccharomycetes","o__Saccharomycetales","f__Saccharomycetales_fam_Incertae_sedis","g__Candida","s__albicans",FALSE,"placeable_existing_SH","UNITE_container","https://unite.ut.ee/sh/SH0686876.10FU",FALSE,"k__Fungi;p__Ascomycota;c__Saccharomycetes;o__Saccharomycetales;f__Saccharomycetales_fam_Incertae_sedis;g__Candida;s__Candida_albicans",7,100,"SH1000215.10FU","SH0686876.10FU","SH0180238.10FU","present_in","present_in","present_in",3,0.00447848992895071,0,0
"OTU94","k__Fungi","p__Ascomycota",NA,NA,NA,NA,NA,TRUE,"novel_new_SH","UNITE_container",NA,FALSE,"k__Fungi",1,81.8,"s1084","s750","s196","new_singleton_in","new_singleton_in","new_singleton_in",0,0,2,3.4474589074946e-05
"OTU95","k__Fungi","p__Basidiomycota","c__Agaricomycetes","o__Agaricales","f__Strophariaceae","g__Stropharia","s__hornemannii 1",FALSE,"placeable_existing_SH","UNITE_container","https://unite.ut.ee/sh/SH0682265.10FU",FALSE,"k__Fungi;p__Basidiomycota;c__Agaricomycetes;o__Agaricales;f__Strophariaceae;g__Stropharia;s__Stropharia_hornemannii",7,99.1,"SH0994920.10FU","SH0682265.10FU","SH0176622.10FU","present_in","present_in","present_in",1,0.000788511899623011,0,0
"OTU96","k__Fungi","p__Basidiomycota",NA,NA,NA,NA,NA,TRUE,"no_SH_match","UNITE_container",NA,FALSE,NA,NA,NA,NA,NA,NA,NA,NA,NA,0,0,1,4.20599491376704e-05
"OTU97","k__Fungi","p__Ascomycota","c__Eurotiomycetes","o__Chaetothyriales",NA,NA,NA,TRUE,"placeable_existing_SH","UNITE_container","https://unite.ut.ee/sh/SH0652605.10FU",FALSE,"k__Fungi;p__Ascomycota;c__Eurotiomycetes;o__Chaetothyriales;f__Herpotrichiellaceae;g__Cladophialophora",6,100,"SH0959417.10FU","SH0652605.10FU","SH0154020.10FU","present_in","present_in","present_in",4,0.000369361848520267,5,0.00138566588946068
"OTU98","k__Fungi","p__Basidiomycota","c__Agaricomycetes","o__Cantharellales","f__Hydnaceae","g__Sistotrema",NA,FALSE,"placeable_existing_SH","UNITE_container","https://unite.ut.ee/sh/SH0547973.10FU",FALSE,"k__Fungi;p__Basidiomycota;c__Agaricomycetes;o__Cantharellales;f__Hydnaceae;g__Sistotrema",6,100,"SH0838544.10FU","SH0547973.10FU","SH0069018.10FU","present_in","present_in","present_in",1,0.000144280866753948,0,0
"OTU99","k__Fungi","p__Ascomycota","c__Sordariomycetes","o__Hypocreales","f__Nectriaceae","g__Fusarium",NA,FALSE,"placeable_existing_SH","UNITE_container","https://unite.ut.ee/sh/SH0458597.10FU",FALSE,"k__Fungi;p__Ascomycota;c__Sordariomycetes;o__Hypocreales;f__Nectriaceae;g__Fusarium;s__Fusarium_verticillioides",7,100,"SH0730681.10FU","SH0458597.10FU","SH0001128.10FU","present_in","present_in","present_in",3,0.00326591709271923,0,0
"OTU101","k__Fungi","p__Ascomycota","c__Leotiomycetes","o__Helotiales","f__Helotiales_fam_Incertae_sedis","g__Cejpia","s__hystrix",FALSE,"placeable_existing_SH","UNITE_container","https://unite.ut.ee/sh/SH0565388.10FU",FALSE,"k__Fungi;p__Ascomycota;c__Leotiomycetes;o__Helotiales;f__Helotiales_fam_Incertae_sedis;g__Cejpia;s__Cejpia_hystrix",7,100,"SH0858778.10FU","SH0565388.10FU","SH0083060.10FU","present_in","present_in","present_in",0,0,2,4.60518239738433e-05
"OTU102","k__Fungi","p__Ascomycota","c__Eurotiomycetes",NA,NA,NA,NA,TRUE,"placeable_existing_SH","UNITE_container","https://unite.ut.ee/sh/SH0538904.10FU",FALSE,"k__Fungi;p__Ascomycota;c__Eurotiomycetes;o__Chaetothyriales;f__Herpotrichiellaceae",5,98.7,"SH0828105.10FU","SH0538904.10FU","SH0062296.10FU","present_in","present_in","present_in",2,6.48477902804273e-05,0,0
"OTU103","k__Fungi","p__Ascomycota","c__Lecanoromycetes","o__Lecanorales","f__Parmeliaceae","g__Melanohalea",NA,FALSE,"placeable_existing_SH","UNITE_container","https://unite.ut.ee/sh/SH0558709.10FU",FALSE,"k__Fungi;p__Ascomycota;c__Lecanoromycetes;o__Lecanorales;f__Parmeliaceae;g__Melanohalea",6,100,"s1112","SH0558709.10FU","SH0077514.10FU","new_singleton_in","present_in","present_in",1,5.57108344408802e-05,0,0
"OTU104","k__Fungi","p__Ascomycota","c__Lecanoromycetes",NA,NA,NA,NA,TRUE,"novel_new_SH","UNITE_container",NA,TRUE,"k__Fungi;p__Ascomycota;c__Lecanoromycetes",3,92.5,"186","123","18","new_sh_in","new_sh_in","new_sh_in",6,0.00417692225882004,1,1.34332011237679e-07
"OTU107","k__Fungi","p__Basidiomycota","c__Agaricomycetes","o__Agaricales","f__Strophariaceae","g__Pholiota","s__lenta",FALSE,"placeable_existing_SH","UNITE_container","https://unite.ut.ee/sh/SH0682133.10FU",FALSE,"k__Fungi;p__Basidiomycota;c__Agaricomycetes;o__Agaricales;f__Strophariaceae;g__Pholiota;s__Pholiota_lenta",7,100,"SH0995094.10FU","SH0682133.10FU","SH0176626.10FU","present_in","present_in","present_in",1,3.0641275614466e-05,0,0
"OTU108","k__Fungi","p__Ascomycota","c__Leotiomycetes","o__Rhytismatales","f__Rhytismataceae","g__Coccomyces","s__australis",FALSE,"novel_new_SH","UNITE_container",NA,TRUE,"k__Fungi;p__Ascomycota;c__Leotiomycetes",3,99.3,"s1119","s779","s214","new_singleton_in","new_singleton_in","new_singleton_in",0,0,5,0.00142515870423302
"OTU109","k__Fungi","p__Basidiomycota","c__Tremellomycetes","o__Filobasidiales","f__Piskurozymaceae","g__Piskurozyma",NA,FALSE,"novel_new_SH","UNITE_container",NA,FALSE,"k__Fungi;p__Basidiomycota;c__Tremellomycetes",3,81.3,"s1148","s807","s236","new_singleton_in","new_singleton_in","new_singleton_in",0,0,1,4.01234873910004e-05
"OTU110","k__Fungi","p__Ascomycota","c__Dothideomycetes","o__Dothideales","f__Saccotheciaceae","g__Kabatiella",NA,FALSE,"novel_new_SH","UNITE_container",NA,FALSE,"k__Fungi;p__Ascomycota;c__Dothideomycetes",3,88.2,"s1124","s784","s218","new_singleton_in","new_singleton_in","new_singleton_in",1,0.000743906299461855,0,0
"OTU113","k__Fungi","p__Basidiomycota","c__Tremellomycetes","o__Tremellales",NA,NA,NA,TRUE,"novel_new_SH","UNITE_container",NA,FALSE,"k__Fungi;p__Basidiomycota;c__Tremellomycetes;o__Tremellales",4,93.5,"216","153","42","new_sh_in","new_sh_in","new_sh_in",0,0,6,0.00117102245659873
"OTU115","k__Fungi","p__Mucoromycota","c__Mucoromycetes","o__Mucorales","f__Cunninghamellaceae","g__Absidia","s__cylindrospora 1",FALSE,"novel_new_SH","UNITE_container",NA,FALSE,"k__Fungi;p__Mucoromycota;c__Mucoromycetes;o__Mucorales",4,99.5,"s1132","s792","s223","new_singleton_in","new_singleton_in","new_singleton_in",0,0,1,5.98839961446113e-05
"OTU118","k__Fungi","p__Ascomycota","c__Leotiomycetes","o__Leotiales",NA,NA,NA,TRUE,"novel_new_SH","UNITE_container",NA,TRUE,"k__Fungi;p__Ascomycota",2,100,"183","120","16","new_sh_in","new_sh_in","new_sh_in",0,0,2,5.14164420181178e-05
"OTU119","k__Fungi","p__Ascomycota","c__Dothideomycetes","o__Pleosporales","f__Pleosporaceae","g__Alternaria",NA,FALSE,"placeable_existing_SH","UNITE_container","https://unite.ut.ee/sh/SH0563398.10FU",FALSE,"k__Fungi;p__Ascomycota;c__Dothideomycetes;o__Pleosporales;f__Pleosporaceae;g__Alternaria;s__Alternaria_eichhorniae",7,100,"SH0856386.10FU","SH0563398.10FU","SH0081549.10FU","present_in","present_in","present_in",1,0.000213392947871151,0,0
"OTU120","k__Fungi","p__Basidiomycota","c__Agaricomycetes","o__Trechisporales","f__Trechisporales_fam_Incertae_sedis","g__Trechisporales_gen_Incertae_sedis",NA,FALSE,"novel_new_SH","UNITE_container",NA,FALSE,"k__Fungi;p__Basidiomycota;c__Agaricomycetes",3,99,"s1140","s799","s229","new_singleton_in","new_singleton_in","new_singleton_in",0,0,1,5.42904360651696e-05
"OTU121","k__Fungi","p__Ascomycota","c__Leotiomycetes","o__Phacidiales","f__Phacidiaceae",NA,NA,TRUE,"placeable_existing_SH","UNITE_container","https://unite.ut.ee/sh/SH0628700.10FU",FALSE,"k__Fungi;p__Ascomycota;c__Leotiomycetes;o__Phacidiales;f__Phacidiaceae;g__Phacidium",6,100,"SH0931217.10FU","SH0628700.10FU","SH0134790.10FU","present_in","present_in","present_in",2,0.000360898723172947,5,0.00103168800123347
"OTU122","k__Fungi","p__Ascomycota",NA,NA,NA,NA,NA,TRUE,"novel_new_SH","UNITE_container",NA,TRUE,"k__Fungi;p__Ascomycota",2,97.3,"s1147","s806","s235","new_singleton_in","new_singleton_in","new_singleton_in",0,0,1,2.41959874987398e-05
"OTU123","k__Fungi","p__Basidiomycota","c__Microbotryomycetes",NA,NA,NA,NA,TRUE,"placeable_existing_SH","UNITE_container","https://unite.ut.ee/sh/SH0714886.10FU",FALSE,"k__Fungi;p__Basidiomycota;c__Microbotryomycetes;o__Sporidiobolales;f__Sporidiobolaceae;g__Rhodotorula",6,100,"SH1032433.10FU","SH0714886.10FU","SH0203412.10FU","present_in","present_in","present_in",0,0,2,3.14504641365753e-05
"OTU124","k__Fungi","p__Ascomycota","c__Lecanoromycetes","o__Lecanorales","f__Cladoniaceae","g__Cladonia",NA,FALSE,"novel_new_SH","UNITE_container",NA,FALSE,"k__Fungi;p__Ascomycota;c__Lecanoromycetes;o__Lecanorales",4,100,"s812","s510","s3","new_singleton_in","new_singleton_in","new_singleton_in",1,8.42393784609345e-05,0,0
"OTU125","k__Fungi","p__Basidiomycota","c__Agaricomycetes","o__Cantharellales",NA,NA,NA,TRUE,"placeable_existing_SH","UNITE_container","https://unite.ut.ee/sh/SH0644644.10FU",FALSE,"k__Fungi;p__Basidiomycota;c__Agaricomycetes;o__Cantharellales",4,100,"SH0950005.10FU","SH0644644.10FU","SH0147588.10FU","present_in","present_in","present_in",0,0,1,1.8636093463894e-05
"OTU126","k__Fungi","p__Ascomycota","c__Eurotiomycetes","o__Eurotiales","f__Trichocomaceae","g__Talaromyces",NA,FALSE,"placeable_existing_SH","UNITE_container","https://unite.ut.ee/sh/SH0664335.10FU",FALSE,"k__Fungi;p__Ascomycota;c__Eurotiomycetes;o__Eurotiales;f__Trichocomaceae;g__Talaromyces",6,100,"SH0973349.10FU","SH0664335.10FU","SH0162938.10FU","present_in","present_in","present_in",1,0.00124520342558004,0,0
"OTU127","k__Fungi","p__Basidiomycota",NA,NA,NA,NA,NA,TRUE,"no_SH_match","UNITE_container",NA,FALSE,NA,NA,NA,NA,NA,NA,NA,NA,NA,0,0,3,3.27123402653034e-05
"OTU129","k__Fungi","p__Ascomycota","c__Geoglossomycetes","o__Geoglossales","f__Geoglossaceae","g__Sabuloglossum","s__monticola",FALSE,"placeable_existing_SH","UNITE_container","https://unite.ut.ee/sh/SH0637093.10FU",FALSE,"k__Fungi;p__Ascomycota;c__Geoglossomycetes;o__Geoglossales;f__Geoglossaceae;g__Sabuloglossum",6,100,"SH0941373.10FU","SH0637093.10FU","SH0141354.10FU","present_in","present_in","present_in",0,0,1,3.03848560876934e-05
"OTU130","k__Fungi","p__Ascomycota","c__Eurotiomycetes","o__Sclerococcales","f__Dactylosporaceae","g__Sclerococcum",NA,FALSE,"novel_new_SH","UNITE_container",NA,TRUE,"k__Fungi;p__Ascomycota",2,98.6,"165","105","7","new_sh_in","new_sh_in","new_sh_in",0,0,1,3.02598155276618e-05
"OTU131","k__Fungi","p__Ascomycota","c__Leotiomycetes","o__Helotiales","f__Hamatocanthoscyphaceae","g__Stipitochalara",NA,FALSE,"novel_new_SH","UNITE_container",NA,TRUE,"k__Fungi;p__Ascomycota",2,100,"170","109","10","new_sh_in","new_sh_in","new_sh_in",0,0,2,2.5320883372056e-05
"OTU132","k__Fungi","p__Ascomycota","c__Dothideomycetes",NA,NA,NA,NA,TRUE,"placeable_existing_SH","UNITE_container","https://unite.ut.ee/sh/SH0690532.10FU",FALSE,"k__Fungi;p__Ascomycota;c__Dothideomycetes",3,98.8,"SH1004765.10FU","SH0690532.10FU","SH0183108.10FU","present_in","present_in","present_in",4,0.0017081035559297,0,0
"OTU133","k__Fungi","p__Ascomycota",NA,NA,NA,NA,NA,TRUE,"no_SH_match","UNITE_container",NA,FALSE,NA,NA,NA,NA,NA,NA,NA,NA,NA,1,8.28668427629967e-05,0,0
"OTU134","k__Fungi","p__Ascomycota","c__Leotiomycetes","o__Helotiales",NA,NA,NA,TRUE,"placeable_existing_SH","UNITE_container","https://unite.ut.ee/sh/SH0643524.10FU",FALSE,"k__Fungi;p__Ascomycota;c__Leotiomycetes;o__Helotiales;f__Mollisiaceae;g__Mollisia",6,98.6,"SH0948792.10FU","SH0643524.10FU","SH0146546.10FU","present_in","present_in","present_in",0,0,1,2.47057934675627e-05
"OTU136","k__Fungi","p__Ascomycota","c__Saccharomycetes","o__Saccharomycetales","f__Saccharomycetales_fam_Incertae_sedis","g__Candida","s__parapsilosis 1",FALSE,"placeable_existing_SH","UNITE_container","https://unite.ut.ee/sh/SH0591952.10FU",FALSE,"k__Fungi;p__Ascomycota;c__Saccharomycetes;o__Saccharomycetales",4,100,"174","SH0591952.10FU","SH0104971.10FU","new_sh_in","present_in","present_in",11,0.0433898235716661,6,0.014441137372957
"OTU137","k__Fungi","p__Ascomycota","c__Leotiomycetes","o__Helotiales",NA,NA,NA,TRUE,"placeable_existing_SH","UNITE_container","https://unite.ut.ee/sh/SH0467716.10FU",FALSE,"k__Fungi;p__Ascomycota;c__Leotiomycetes;o__Helotiales",4,100,"SH0741497.10FU","SH0467716.10FU","SH0008342.10FU","present_in","present_in","present_in",0,0,3,0.00145498570915027
"OTU138","k__Fungi","p__Basidiomycota","c__Tremellomycetes","o__Filobasidiales","f__Piskurozymaceae","g__Piskurozyma",NA,FALSE,"placeable_existing_SH","UNITE_container","https://unite.ut.ee/sh/SH0532291.10FU",FALSE,"k__Fungi;p__Basidiomycota;c__Tremellomycetes;o__Tremellales;f__Cryptococcaceae;g__Cryptococcus",6,98.3,"SH0820074.10FU","SH0532291.10FU","SH0056615.10FU","present_in","present_in","present_in",0,0,1,0.000194993451163338
"OTU139","k__Fungi","p__Ascomycota",NA,NA,NA,NA,NA,TRUE,"no_SH_match","UNITE_container",NA,TRUE,NA,NA,NA,NA,NA,NA,NA,NA,NA,0,0,1,3.6870231656595e-05
"OTU140","k__Fungi","p__Ascomycota","c__Dothideomycetes","o__Mycosphaerellales",NA,NA,NA,TRUE,"placeable_existing_SH","UNITE_container","https://unite.ut.ee/sh/SH0699474.10FU",FALSE,"k__Fungi;p__Ascomycota;c__Dothideomycetes;o__Mycosphaerellales;f__Teratosphaeriaceae;g__Devriesia",6,100,"SH1015376.10FU","SH0699474.10FU","SH0190222.10FU","present_in","present_in","present_in",1,0.000273332086461645,0,0
"OTU141","k__Fungi","p__Ascomycota",NA,NA,NA,NA,NA,TRUE,"no_SH_match","UNITE_container",NA,TRUE,NA,NA,NA,NA,NA,NA,NA,NA,NA,0,0,1,5.1987205444223e-05
"OTU142","k__Fungi","p__Basidiomycota","c__Agaricomycetes","o__Cantharellales","f__Hydnaceae","g__Hydnum",NA,FALSE,"placeable_existing_SH","PlutoF_live","https://unite.ut.ee/sh/SH0557342.10FU",FALSE,"k__Fungi;p__Basidiomycota;c__Agaricomycetes;o__Cantharellales;f__Hydnaceae;g__Hydnum;s__Hydnum_rufescens",7,100,"163","SH0557342.10FU","5","new_sh_in","new_sh_in","new_sh_in",3,4.84580771305635e-06,1,5.87554882522318e-07
"OTU143","k__Fungi","p__Ascomycota","c__Leotiomycetes","o__Helotiales",NA,NA,NA,TRUE,"placeable_existing_SH","UNITE_container","https://unite.ut.ee/sh/SH0564279.10FU",FALSE,"k__Fungi;p__Ascomycota;c__Leotiomycetes;o__Helotiales;f__Lachnaceae;g__Lachnum",6,99.3,"SH0857421.10FU","SH0564279.10FU","SH0082119.10FU","present_in","present_in","present_in",0,0,1,0.000184877346414711
"OTU144","k__Fungi","p__Ascomycota","c__Dothideomycetes","o__Mycosphaerellales","f__Teratosphaeriaceae","g__Bryochiton","s__monascus 1",FALSE,"novel_new_SH","UNITE_container",NA,TRUE,"k__Fungi;p__Ascomycota;c__Dothideomycetes;o__Mycosphaerellales;f__Teratosphaeriaceae;g__Bryochiton",6,97.3,"s848","s542","SH0139560.10FU","new_singleton_in","new_singleton_in","present_in",0,0,1,0.000183702278534957
"OTU146","k__Fungi","p__Ascomycota","c__Leotiomycetes",NA,NA,NA,NA,TRUE,"novel_new_SH","UNITE_container",NA,TRUE,"k__Fungi;p__Ascomycota;c__Leotiomycetes;o__Helotiales",4,84,"s849","s543","s27","new_singleton_in","new_singleton_in","new_singleton_in",1,0.000671961783072894,0,0
"OTU147","k__Fungi","p__Ascomycota","c__Dothideomycetes","o__Mycosphaerellales","f__Teratosphaeriaceae","g__Bryochiton","s__monascus 2",FALSE,"novel_new_SH","UNITE_container",NA,TRUE,"k__Fungi;p__Ascomycota;c__Dothideomycetes;o__Mycosphaerellales;f__Teratosphaeriaceae;g__Bryochiton",6,96,"s850","s544","SH0139560.10FU","new_singleton_in","new_singleton_in","present_in",2,1.87975649317889e-06,2,0.000703509112899644
"OTU149","k__Fungi","p__Ascomycota","c__Dothideomycetes",NA,NA,NA,NA,TRUE,"novel_new_SH","UNITE_container",NA,TRUE,"k__Fungi;p__Ascomycota;c__Dothideomycetes;o__Mycosphaerellales;f__Teratosphaeriaceae",5,98.6,"177","115","SH0158848.10FU","new_sh_in","new_sh_in","present_in",1,0.000757084848859814,0,0
"OTU150","k__Fungi","p__Basidiomycota","c__Microbotryomycetes",NA,NA,NA,NA,TRUE,"placeable_existing_SH","UNITE_container","https://unite.ut.ee/sh/SH0584497.10FU",FALSE,"k__Fungi;p__Basidiomycota;c__Microbotryomycetes;o__Sporidiobolales;f__Sporidiobolaceae;g__Rhodotorula",6,100,"SH0880525.10FU","SH0584497.10FU","SH0098686.10FU","present_in","present_in","present_in",0,0,4,2.52193973770567e-05
"OTU151","k__Fungi","p__Ascomycota",NA,NA,NA,NA,NA,TRUE,"no_SH_match","UNITE_container",NA,FALSE,NA,NA,NA,NA,NA,NA,NA,NA,NA,0,0,2,5.04647384759593e-05
"OTU152","k__Fungi","p__Ascomycota","c__Sordariomycetes","o__Amphisphaeriales","f__Hyponectriaceae","g__Physalospora",NA,FALSE,"placeable_existing_SH","UNITE_container","https://unite.ut.ee/sh/SH0668266.10FU",FALSE,"k__Fungi;p__Ascomycota;c__Sordariomycetes;o__Amphisphaeriales;f__Hyponectriaceae;g__Physalospora",6,98.6,"SH0978059.10FU","SH0668266.10FU","SH0165917.10FU","present_in","present_in","present_in",0,0,1,3.13851805679467e-05
"OTU153","k__Fungi","p__Ascomycota",NA,NA,NA,NA,NA,TRUE,"no_SH_match","UNITE_container",NA,TRUE,NA,NA,NA,NA,NA,NA,NA,NA,NA,2,0.000284230653197622,3,0.00228213750680953
"OTU155","k__Fungi","p__Ascomycota","c__Leotiomycetes",NA,NA,NA,NA,TRUE,"novel_new_SH","UNITE_container",NA,TRUE,"k__Fungi;p__Ascomycota;c__Leotiomycetes",3,87,"s851","s545","13","new_singleton_in","new_singleton_in","new_sh_in",1,0.000152522374744597,1,2.71104644533787e-05
"OTU156","k__Fungi","p__Ascomycota","c__Dothideomycetes","o__Dothideales",NA,NA,NA,TRUE,"placeable_existing_SH","PlutoF_live","https://unite.ut.ee/sh/SH0623929.10FU",FALSE,"k__Fungi;p__Ascomycota;c__Dothideomycetes;o__Dothideales;f__Dothideaceae",5,100,"s852","SH0623929.10FU","SH0130745.10FU","new_singleton_in","new_sh_in","present_in",1,0.00012130280278943,0,0
"OTU157","k__Fungi","p__Basidiomycota","c__Agaricomycetes","o__Agaricales","f__Cortinariaceae","g__Cortinarius","s__stillatitius 1",FALSE,"placeable_existing_SH","UNITE_container","https://unite.ut.ee/sh/SH0701870.10FU",FALSE,"k__Fungi;p__Basidiomycota;c__Agaricomycetes;o__Agaricales;f__Cortinariaceae;g__Cortinarius",6,100,"SH1017775.10FU","SH0701870.10FU","SH0191743.10FU","present_in","present_in","present_in",0,0,1,3.26419379179066e-07
"OTU159","k__Fungi","p__Basidiomycota","c__Microbotryomycetes","o__Sporidiobolales","f__Sporidiobolaceae","g__Rhodotorula",NA,FALSE,"placeable_existing_SH","UNITE_container","https://unite.ut.ee/sh/SH0581841.10FU",FALSE,"k__Fungi;p__Basidiomycota;c__Microbotryomycetes;o__Sporidiobolales;f__Sporidiobolaceae;g__Rhodotorula;s__Rhodotorula_mucilaginosa",7,100,"SH0877593.10FU","SH0581841.10FU","SH0096494.10FU","present_in","present_in","present_in",3,0.00150570217665526,2,0.00200495654589882
"OTU160","k__Fungi","p__Ascomycota","c__Eurotiomycetes","o__Chaetothyriales","f__Herpotrichiellaceae","g__Sorocybe",NA,FALSE,"placeable_existing_SH","UNITE_container","https://unite.ut.ee/sh/SH0539503.10FU",FALSE,"k__Fungi;p__Ascomycota;c__Eurotiomycetes;o__Chaetothyriales;f__Herpotrichiellaceae;g__Sorocybe",6,97,"s853","SH0539503.10FU","SH0062436.10FU","new_singleton_in","present_in","present_in",1,4.51332885971908e-05,0,0
"OTU161","k__Fungi","p__Ascomycota","c__Dothideomycetes","o__Dothideales","f__Saccotheciaceae","g__Aureobasidium",NA,FALSE,"placeable_existing_SH","UNITE_container","https://unite.ut.ee/sh/SH0624009.10FU",FALSE,"k__Fungi;p__Ascomycota;c__Dothideomycetes;o__Dothideales;f__Saccotheciaceae;g__Aureobasidium;s__Aureobasidium_pullulans",7,100,"SH0925964.10FU","SH0624009.10FU","SH0130703.10FU","present_in","present_in","present_in",1,0.00439762738130227,1,1.44993799098525e-07
"OTU163","k__Fungi","p__Ascomycota","c__Eurotiomycetes","o__Chaetothyriales","f__Herpotrichiellaceae","g__Cladophialophora",NA,FALSE,"placeable_existing_SH","UNITE_container","https://unite.ut.ee/sh/SH0652696.10FU",FALSE,"k__Fungi;p__Ascomycota;c__Eurotiomycetes",3,100,"SH0959346.10FU","SH0652696.10FU","SH0154002.10FU","present_in","present_in","present_in",0,0,1,2.93220113274243e-05
"OTU164","k__Fungi","p__Basidiomycota","c__Exobasidiomycetes","o__Exobasidiales","f__Exobasidiaceae","g__Exobasidium",NA,FALSE,"placeable_existing_SH","PlutoF_live","https://unite.ut.ee/sh/SH0486605.10FU",FALSE,"k__Fungi;p__Basidiomycota;c__Exobasidiomycetes;o__Exobasidiales;f__Exobasidiaceae;g__Exobasidium",6,98.9,"176","SH0486605.10FU","4","new_sh_in","new_sh_in","new_sh_in",0,0,3,0.000169765133450024
"OTU165","k__Fungi","p__Ascomycota","c__Leotiomycetes","o__Helotiales","f__Hyaloscyphaceae","g__Hyphodiscus",NA,FALSE,"placeable_existing_SH","UNITE_container","https://unite.ut.ee/sh/SH0608461.10FU",FALSE,"k__Fungi;p__Ascomycota;c__Leotiomycetes;o__Helotiales;f__Hyaloscyphaceae;g__Hyphodiscus",6,100,"SH0908079.10FU","SH0608461.10FU","SH0118594.10FU","present_in","present_in","present_in",0,0,1,2.82679182369071e-05
"OTU166","k__Fungi","p__Ascomycota","c__Eurotiomycetes","o__Chaetothyriales","f__Herpotrichiellaceae","g__Sorocybe",NA,FALSE,"placeable_existing_SH","UNITE_container","https://unite.ut.ee/sh/SH0539503.10FU",FALSE,"k__Fungi;p__Ascomycota;c__Eurotiomycetes;o__Chaetothyriales;f__Herpotrichiellaceae;g__Sorocybe",6,100,"SH0828305.10FU","SH0539503.10FU","SH0062436.10FU","present_in","present_in","present_in",1,8.53448167116583e-05,0,0
"OTU167","k__Fungi","p__Ascomycota",NA,NA,NA,NA,NA,TRUE,"no_SH_match","UNITE_container",NA,FALSE,NA,NA,NA,NA,NA,NA,NA,NA,NA,4,0.00252590287084463,0,0
"OTU168","k__Fungi","p__Ascomycota","c__Xylonomycetes","o__GS34","f__GS34_fam_Incertae_sedis","g__GS34_gen_Incertae_sedis",NA,FALSE,"placeable_existing_SH","UNITE_container","https://unite.ut.ee/sh/SH0570212.10FU",FALSE,"k__Fungi;p__Ascomycota;c__Leotiomycetes;o__Leotiales;f__Tympanidaceae",5,98.7,"SH0864219.10FU","SH0570212.10FU","SH0087031.10FU","present_in","present_in","present_in",0,0,2,2.67364429615972e-05
"OTU170","k__Fungi","p__Ascomycota","c__Eurotiomycetes","o__Chaetothyriales",NA,NA,NA,TRUE,"placeable_existing_SH","UNITE_container","https://unite.ut.ee/sh/SH0539193.10FU",FALSE,"k__Fungi;p__Ascomycota;c__Eurotiomycetes;o__Chaetothyriales",4,100,"SH0828117.10FU","SH0539193.10FU","SH0062114.10FU","present_in","present_in","present_in",0,0,1,5.10165484929174e-05
"OTU171","k__Fungi","p__Ascomycota","c__Arthoniomycetes","o__Lichenostigmatales","f__Phaeococcomycetaceae","g__Phaeococcomyces",NA,FALSE,"placeable_existing_SH","UNITE_container","https://unite.ut.ee/sh/SH0464471.10FU",FALSE,"k__Fungi;p__Ascomycota",2,100,"SH0737723.10FU","SH0464471.10FU","SH0005723.10FU","present_in","present_in","present_in",0,0,2,4.74472287653407e-05
"OTU172","k__Fungi","p__Ascomycota",NA,NA,NA,NA,NA,TRUE,"novel_new_SH","UNITE_container",NA,TRUE,"k__Fungi;p__Ascomycota",2,92.2,"s855","s546","s28","new_singleton_in","new_singleton_in","new_singleton_in",0,0,2,0.00214776338136101
"OTU174","k__Fungi","p__Ascomycota","c__Leotiomycetes","o__Helotiales",NA,NA,NA,TRUE,"placeable_existing_SH","UNITE_container","https://unite.ut.ee/sh/SH0483058.10FU",FALSE,"k__Fungi;p__Ascomycota;c__Leotiomycetes;o__Helotiales",4,100,"SH0759552.10FU","SH0483058.10FU","SH0020432.10FU","present_in","present_in","present_in",1,2.28806686045096e-05,0,0
"OTU175","k__Fungi","p__Basidiomycota","c__Tremellomycetes","o__Cystofilobasidiales","f__Mrakiaceae","g__Mrakiaceae_gen_Incertae_sedis",NA,FALSE,"placeable_existing_SH","UNITE_container","https://unite.ut.ee/sh/SH0480524.10FU",FALSE,"k__Fungi;p__Basidiomycota;c__Tremellomycetes;o__Cystofilobasidiales;f__Mrakiaceae",5,100,"SH0756652.10FU","SH0480524.10FU","SH0018514.10FU","present_in","present_in","present_in",5,0.0229102422542864,13,0.0166077452536776
"OTU176","k__Fungi","p__Ascomycota","c__Dothideomycetes","o__Dothideales","f__Dothideaceae","g__Dothiora",NA,FALSE,"placeable_existing_SH","PlutoF_live","https://unite.ut.ee/sh/SH0623929.10FU",FALSE,"k__Fungi;p__Ascomycota;c__Dothideomycetes",3,100,"178","SH0623929.10FU","SH0130745.10FU","new_sh_in","new_sh_in","present_in",2,0.000866073139243567,3,0.000136982609888403
"OTU178","k__Fungi","p__Ascomycota","c__Dothideomycetes","o__Venturiales","f__Cylindrosympodiaceae","g__Pseudoanungitea",NA,FALSE,"placeable_existing_SH","UNITE_container","https://unite.ut.ee/sh/SH0532509.10FU",FALSE,"k__Fungi;p__Ascomycota;c__Dothideomycetes;o__Venturiales;f__Cylindrosympodiaceae;g__Pseudoanungitea",6,98.6,"SH0820383.10FU","SH0532509.10FU","SH0056762.10FU","present_in","present_in","present_in",0,0,1,2.60084364865853e-05
"OTU179","k__Fungi","p__Mucoromycota","c__Endogonomycetes","o__GS22","f__GS22_fam_Incertae_sedis","g__GS22_gen_Incertae_sedis",NA,FALSE,"placeable_existing_SH","UNITE_container","https://unite.ut.ee/sh/SH0606617.10FU",FALSE,"k__Fungi;p__Mucoromycota;c__Endogonomycetes",3,98.8,"SH0905829.10FU","SH0606617.10FU","SH0116929.10FU","present_in","present_in","present_in",0,0,1,2.61959973266328e-05
"OTU180","k__Fungi","p__Ascomycota",NA,NA,NA,NA,NA,TRUE,"no_SH_match","UNITE_container",NA,FALSE,NA,NA,NA,NA,NA,NA,NA,NA,NA,1,0.000111951265129452,0,0
"OTU181","k__Fungi","p__Ascomycota","c__Dothideomycetes","o__Venturiales","f__Venturiaceae","g__Venturia",NA,FALSE,"novel_new_SH","UNITE_container",NA,TRUE,"k__Fungi;p__Ascomycota;c__Dothideomycetes;o__Venturiales;f__Venturiaceae;g__Fagicola",6,100,"179","116","SH0171985.10FU","new_sh_in","new_sh_in","present_in",0,0,1,0.000651856472327059
"OTU184","k__Fungi","p__Ascomycota","c__Leotiomycetes","o__Helotiales","f__Lachnaceae",NA,NA,TRUE,"placeable_existing_SH","UNITE_container","https://unite.ut.ee/sh/SH0679011.10FU",FALSE,"k__Fungi;p__Ascomycota;c__Leotiomycetes;o__Helotiales",4,98.6,"SH0991050.10FU","SH0679011.10FU","SH0174286.10FU","present_in","present_in","present_in",0,0,1,1.17045965823514e-06
"OTU185","k__Fungi","p__Ascomycota","c__Lecanoromycetes","o__Lecanorales","f__Cladoniaceae","g__Cladonia",NA,FALSE,"novel_new_SH","UNITE_container",NA,FALSE,"k__Fungi;p__Ascomycota;c__Lecanoromycetes;o__Lecanorales",4,100,"s856","s547","s29","new_singleton_in","new_singleton_in","new_singleton_in",0,0,2,2.22832540516627e-05
"OTU186","k__Fungi","p__Ascomycota","c__Leotiomycetes","o__Helotiales","f__Godroniaceae","g__Godronia",NA,FALSE,"novel_new_SH","UNITE_container",NA,FALSE,"k__Fungi;p__Ascomycota;c__Leotiomycetes",3,100,"s857","s548","s30","new_singleton_in","new_singleton_in","new_singleton_in",1,0.00267164073603599,1,2.63210378866645e-05
"OTU188","k__Fungi","p__Basidiomycota","c__Agaricomycetes","o__Agaricales","f__Hydnangiaceae","g__Laccaria",NA,FALSE,"placeable_existing_SH","UNITE_container","https://unite.ut.ee/sh/SH0666627.10FU",FALSE,"k__Fungi;p__Basidiomycota;c__Agaricomycetes;o__Agaricales;f__Hydnangiaceae",5,99,"SH0976157.10FU","SH0666627.10FU","SH0164638.10FU","present_in","present_in","present_in",0,0,1,2.55707945264745e-05
"OTU189","k__Fungi","p__Ascomycota","c__Leotiomycetes","o__Helotiales","f__Helotiales_fam_Incertae_sedis","g__Cistella","s__acuum",FALSE,"excluded_nonITS","UNITE_container",NA,FALSE,NA,NA,NA,NA,NA,NA,NA,NA,NA,1,6.89699188213761e-05,1,3.38318864563225e-07
"OTU190","k__Fungi","p__Ascomycota","c__Dothideomycetes","o__Dothideales","f__Dothideales_fam_Incertae_sedis","g__Dothideales_gen_Incertae_sedis",NA,FALSE,"placeable_existing_SH","UNITE_container","https://unite.ut.ee/sh/SH0615015.10FU",FALSE,"k__Fungi;p__Ascomycota;c__Dothideomycetes;o__Dothideales",4,98.8,"SH0915555.10FU","SH0615015.10FU","SH0123707.10FU","present_in","present_in","present_in",5,0.00331512615824106,0,0
"OTU192","k__Fungi","p__Ascomycota","c__Dothideomycetes","o__Dothideales","f__Saccotheciaceae","g__Kabatiella",NA,FALSE,"placeable_existing_SH","UNITE_container","https://unite.ut.ee/sh/SH0615008.10FU",FALSE,"k__Fungi;p__Ascomycota;c__Dothideomycetes",3,100,"SH0915561.10FU","SH0615008.10FU","SH0123712.10FU","present_in","present_in","present_in",7,0.00251140427711477,1,8.48690385865571e-07
"OTU193","k__Fungi","p__Ascomycota","c__Leotiomycetes","o__Helotiales","f__Dermateaceae","g__Coleophoma","s__empetri",FALSE,"placeable_existing_SH","UNITE_container","https://unite.ut.ee/sh/SH0577780.10FU",FALSE,"k__Fungi;p__Ascomycota;c__Leotiomycetes;o__Helotiales;f__Dermateaceae;g__Coleophoma",6,100,"SH0872801.10FU","SH0577780.10FU","SH0093280.10FU","present_in","present_in","present_in",1,0.00123312901090679,0,0
"OTU194","k__Fungi","p__Ascomycota","c__Sordariomycetes","o__Hypocreales","f__Hypocreaceae","g__Trichoderma",NA,FALSE,"placeable_existing_SH","UNITE_container","https://unite.ut.ee/sh/SH0708155.10FU",FALSE,"k__Fungi;p__Ascomycota;c__Sordariomycetes;o__Hypocreales;f__Hypocreaceae;g__Trichoderma;s__Trichoderma_viride",7,100,"SH1025555.10FU","SH0708155.10FU","SH0196874.10FU","present_in","present_in","present_in",1,1.4063767936578e-06,3,0.00180459545753092
"OTU195","k__Fungi","p__Ascomycota","c__Dothideomycetes","o__Phaeothecales","f__Phaeothecaceae","g__Phaeotheca",NA,FALSE,"placeable_existing_SH","UNITE_container","https://unite.ut.ee/sh/SH0691264.10FU",FALSE,"k__Fungi;p__Ascomycota;c__Dothideomycetes;o__Phaeothecales;f__Phaeothecaceae;g__Phaeotheca",6,97.9,"SH1005577.10FU","SH0691264.10FU","SH0183711.10FU","present_in","present_in","present_in",1,6.77689500856805e-05,0,0
"OTU196","k__Fungi","p__Ascomycota","c__Dothideomycetes","o__Dothideales","f__Dothideaceae","g__Dothiora",NA,FALSE,"placeable_existing_SH","PlutoF_live","https://unite.ut.ee/sh/SH0623929.10FU",FALSE,"k__Fungi;p__Ascomycota;c__Dothideomycetes",3,99.5,"178","SH0623929.10FU","SH0130745.10FU","new_sh_in","new_sh_in","present_in",0,0,1,2.59176987068178e-05
"OTU197","k__Fungi","p__Basidiomycota","c__Exobasidiomycetes","o__Exobasidiales","f__Exobasidiaceae","g__Exobasidium",NA,FALSE,"placeable_existing_SH","PlutoF_live","https://unite.ut.ee/sh/SH0486605.10FU",FALSE,"k__Fungi;p__Basidiomycota;c__Exobasidiomycetes;o__Exobasidiales;f__Exobasidiaceae;g__Exobasidium",6,100,"162","SH0486605.10FU","4","new_sh_in","new_sh_in","new_sh_in",1,0.000686409653800958,1,1.68903578869416e-05
"OTU199","k__Fungi","p__Ascomycota","c__Dothideomycetes","o__Venturiales","f__Cylindrosympodiaceae","g__Sympodiella",NA,FALSE,"novel_new_SH","UNITE_container",NA,TRUE,"k__Fungi;p__Ascomycota;c__Dothideomycetes;o__Venturiales",4,92.5,"s858","s549","s31","new_singleton_in","new_singleton_in","new_singleton_in",0,0,3,0.000919528171639991
"OTU200","k__Fungi","p__Ascomycota",NA,NA,NA,NA,NA,TRUE,"no_SH_match","UNITE_container",NA,FALSE,NA,NA,NA,NA,NA,NA,NA,NA,NA,1,6.72542491989539e-05,0,0
"OTU201","k__Fungi","p__Basidiomycota","c__Microbotryomycetes","o__Microbotryomycetes_ord_Incertae_sedis","f__Chrysozymaceae","g__Fellozyma",NA,FALSE,"placeable_existing_SH","UNITE_container","https://unite.ut.ee/sh/SH0641382.10FU",FALSE,"k__Fungi;p__Basidiomycota;c__Microbotryomycetes;o__Microbotryomycetes_ord_Incertae_sedis;f__Chrysozymaceae;g__Fellozyma",6,100,"SH0946244.10FU","SH0641382.10FU","SH0144900.10FU","present_in","present_in","present_in",0,0,1,2.09345620122733e-05
"OTU202","k__Fungi","p__Basidiomycota","c__Tremellomycetes","o__Tremellales","f__Rhynchogastremaceae","g__Papiliotrema",NA,FALSE,"novel_new_SH","UNITE_container",NA,FALSE,"k__Fungi;p__Basidiomycota;c__Tremellomycetes",3,93.8,"s859","s550","s32","new_singleton_in","new_singleton_in","new_singleton_in",0,0,1,4.27742829604366e-05
"OTU204","k__Fungi","p__Ascomycota","c__Sordariomycetes","o__Hypocreales","f__Nectriaceae","g__Nectria","s__cinnabarina",FALSE,"placeable_existing_SH","UNITE_container","https://unite.ut.ee/sh/SH0684467.10FU",FALSE,"k__Fungi;p__Ascomycota;c__Sordariomycetes;o__Hypocreales;f__Nectriaceae;g__Nectria;s__Nectria_cinnabarina",7,100,"SH0997469.10FU","SH0684467.10FU","SH0178242.10FU","present_in","present_in","present_in",1,0.000103935661420899,0,0
"OTU205","k__Fungi","p__Basidiomycota","c__Malasseziomycetes","o__Malasseziales","f__Malasseziaceae","g__Malassezia",NA,FALSE,"placeable_existing_SH","UNITE_container","https://unite.ut.ee/sh/SH0686389.10FU",FALSE,"k__Fungi;p__Basidiomycota;c__Malasseziomycetes;o__Malasseziales;f__Malasseziaceae;g__Malassezia;s__Malassezia_restricta",7,100,"SH0999786.10FU","SH0686389.10FU","SH0179873.10FU","present_in","present_in","present_in",3,0.00345648410203195,0,0
"OTU207","k__Fungi","p__Ascomycota","c__Dothideomycetes","o__Mycosphaerellales","f__Teratosphaeriaceae","g__Microcyclospora",NA,FALSE,"novel_new_SH","UNITE_container",NA,FALSE,"k__Fungi;p__Ascomycota;c__Dothideomycetes;o__Mycosphaerellales",4,88.5,"181","118","14","new_sh_in","new_sh_in","new_sh_in",4,0.00117758147025791,2,9.2219047849902e-05
"OTU208","k__Fungi","p__Ascomycota","c__Leotiomycetes","o__Helotiales",NA,NA,NA,TRUE,"novel_new_SH","UNITE_container",NA,TRUE,"k__Fungi",1,98.6,"s861","s552","s34","new_singleton_in","new_singleton_in","new_singleton_in",0,0,2,2.56166571365798e-05
"OTU209","k__Fungi","p__Basidiomycota","c__Microbotryomycetes","o__Microbotryomycetes_ord_Incertae_sedis","f__Chrysozymaceae","g__Fellozyma","s__cerberi",FALSE,"placeable_existing_SH","UNITE_container","https://unite.ut.ee/sh/SH0641381.10FU",FALSE,"k__Fungi;p__Basidiomycota;c__Microbotryomycetes;o__Microbotryomycetes_ord_Incertae_sedis;f__Chrysozymaceae;g__Fellozyma;s__Fellozyma_cerberi",7,100,"SH0946235.10FU","SH0641381.10FU","SH0144886.10FU","present_in","present_in","present_in",1,0.000283461394572506,3,1.107426475007e-05
"OTU210","k__Fungi","p__Ascomycota","c__Lecanoromycetes","o__Lecanorales","f__Tephromelataceae","g__Violella","s__fucata",FALSE,"placeable_existing_SH","UNITE_container","https://unite.ut.ee/sh/SH0551937.10FU",FALSE,"k__Fungi;p__Ascomycota;c__Lecanoromycetes;o__Lecanorales;f__Tephromelataceae;g__Violella;s__Violella_fucata",7,100,"SH0843127.10FU","SH0551937.10FU","SH0072241.10FU","present_in","present_in","present_in",2,0.000104520072437876,0,0
"OTU211","k__Fungi","p__Ascomycota","c__Dothideomycetes","o__Capnodiales",NA,NA,NA,TRUE,"placeable_existing_SH","UNITE_container","https://unite.ut.ee/sh/SH0551728.10FU",FALSE,"k__Fungi;p__Ascomycota;c__Dothideomycetes;o__Capnodiales",4,98.7,"SH0842948.10FU","SH0551728.10FU","SH0072169.10FU","present_in","present_in","present_in",3,0.00178950800471578,0,0
"OTU213","k__Fungi","p__Ascomycota","c__Leotiomycetes","o__Thelebolales","f__Thelebolaceae","g__Thelebolus",NA,FALSE,"placeable_existing_SH","UNITE_container","https://unite.ut.ee/sh/SH0598998.10FU",FALSE,"k__Fungi;p__Ascomycota;c__Leotiomycetes;o__Thelebolales",4,100,"SH0897423.10FU","SH0598998.10FU","SH0110823.10FU","present_in","present_in","present_in",2,0.000592969427727978,8,0.0139970905867059
"OTU214","k__Fungi","p__Ascomycota","c__Leotiomycetes","o__Phacidiales","f__Phacidiaceae",NA,NA,TRUE,"placeable_existing_SH","UNITE_container","https://unite.ut.ee/sh/SH0628700.10FU",FALSE,"k__Fungi;p__Ascomycota;c__Leotiomycetes;o__Phacidiales;f__Phacidiaceae;g__Phacidium",6,98.6,"SH0931217.10FU","SH0628700.10FU","SH0134790.10FU","present_in","present_in","present_in",0,0,3,0.000784054815633541
"OTU215","k__Fungi","p__Basidiomycota","c__Agaricomycetes","o__Agaricales","f__Lycoperdaceae","g__Lycoperdon",NA,FALSE,"placeable_existing_SH","UNITE_container","https://unite.ut.ee/sh/SH0697411.10FU",FALSE,"k__Fungi;p__Basidiomycota;c__Agaricomycetes;o__Agaricales;f__Lycoperdaceae;g__Lycoperdon;s__Lycoperdon_utriforme",7,100,"SH1012760.10FU","SH0697411.10FU","SH0188593.10FU","present_in","present_in","present_in",1,0.000283846184285423,0,0
"OTU216","k__Fungi","p__Ascomycota","c__Lecanoromycetes","o__Lecanorales","f__Parmeliaceae","g__Hypogymnia","s__physodes",FALSE,"placeable_existing_SH","UNITE_container","https://unite.ut.ee/sh/SH0558478.10FU",FALSE,"k__Fungi;p__Ascomycota;c__Lecanoromycetes;o__Lecanorales;f__Parmeliaceae;g__Hypogymnia;s__Hypogymnia_physodes",7,100,"SH0851166.10FU","SH0558478.10FU","SH0077456.10FU","present_in","present_in","present_in",3,0.00235144650901395,2,2.76027419345131e-06
"OTU217","k__Fungi","p__Basidiomycota","c__Exobasidiomycetes","o__Exobasidiales","f__Exobasidiaceae","g__Exobasidium",NA,FALSE,"placeable_existing_SH","PlutoF_live","https://unite.ut.ee/sh/SH0486605.10FU",FALSE,"k__Fungi;p__Basidiomycota;c__Exobasidiomycetes;o__Exobasidiales;f__Exobasidiaceae;g__Exobasidium",6,100,"176","SH0486605.10FU","4","new_sh_in","new_sh_in","new_sh_in",1,0.000294972517194739,2,3.069031755346e-05
"OTU219","k__Fungi",NA,NA,NA,NA,NA,NA,TRUE,"no_SH_match","UNITE_container",NA,FALSE,NA,NA,NA,NA,NA,NA,NA,NA,NA,1,5.64480288474703e-05,0,0
"OTU220","k__Fungi","p__Ascomycota","c__Dothideomycetes","o__Pleosporales","f__Sporormiaceae","g__Sporormiella","s__leporina 1",FALSE,"novel_new_SH","UNITE_container",NA,TRUE,"k__Fungi;p__Ascomycota;c__Dothideomycetes",3,100,"182","119","15","new_sh_in","new_sh_in","new_sh_in",0,0,1,0.00198542736424289
"OTU221","k__Fungi","p__Ascomycota","c__Dothideomycetes","o__Mycosphaerellales","f__Teratosphaeriaceae","g__Lapidomyces",NA,FALSE,"placeable_existing_SH","UNITE_container","https://unite.ut.ee/sh/SH0551818.10FU",FALSE,"k__Fungi;p__Ascomycota;c__Dothideomycetes;o__Capnodiales",4,98.6,"SH0842886.10FU","SH0551818.10FU","SH0072070.10FU","present_in","present_in","present_in",1,0.000597527181788283,0,0
"OTU222","k__Fungi","p__Ascomycota","c__Dothideomycetes","o__Mycosphaerellales","f__Teratosphaeriaceae","g__Microcyclospora",NA,FALSE,"novel_new_SH","UNITE_container",NA,FALSE,"k__Fungi;p__Ascomycota;c__Dothideomycetes;o__Mycosphaerellales",4,88.5,"181","118","14","new_sh_in","new_sh_in","new_sh_in",1,6.15925394449603e-05,0,0
"OTU223","k__Fungi","p__Basidiomycota","c__Tremellomycetes","o__Filobasidiales","f__Piskurozymaceae",NA,NA,TRUE,"novel_new_SH","UNITE_container",NA,FALSE,"k__Fungi;p__Basidiomycota;c__Tremellomycetes",3,87,"s862","s553","s35","new_singleton_in","new_singleton_in","new_singleton_in",0,0,1,2.26948616457463e-05
"OTU224","k__Fungi","p__Ascomycota","c__Leotiomycetes","o__Helotiales","f__Mollisiaceae","g__Phialocephala","s__glacialis 1",FALSE,"placeable_existing_SH","UNITE_container","https://unite.ut.ee/sh/SH0565386.10FU",FALSE,"k__Fungi;p__Ascomycota;c__Leotiomycetes;o__Helotiales;f__Mollisiaceae;g__Phialocephala",6,100,"SH0858784.10FU","SH0565386.10FU","SH0083104.10FU","present_in","present_in","present_in",0,0,2,0.000585271420689367
"OTU225","k__Fungi","p__Ascomycota","c__Leotiomycetes","o__Leotiales",NA,NA,NA,TRUE,"novel_new_SH","UNITE_container",NA,TRUE,"k__Fungi;p__Ascomycota",2,98.6,"183","120","16","new_sh_in","new_sh_in","new_sh_in",0,0,1,5.46143309937778e-06
"OTU226","k__Fungi","p__Ascomycota",NA,NA,NA,NA,NA,TRUE,"no_SH_match","UNITE_container",NA,TRUE,NA,NA,NA,NA,NA,NA,NA,NA,NA,1,0.00148349592794037,1,4.43994037160081e-07
"OTU227","k__Fungi","p__Mortierellomycota","c__Mortierellomycetes","o__Mortierellales","f__Mortierellaceae","g__Mortierella",NA,FALSE,"placeable_existing_SH","UNITE_container","https://unite.ut.ee/sh/SH0703084.10FU",FALSE,"k__Fungi;p__Mortierellomycota;c__Mortierellomycetes;o__Mortierellales;f__Mortierellaceae;g__Mortierella",6,100,"SH1019538.10FU","SH0703084.10FU","SH0192864.10FU","present_in","present_in","present_in",0,0,1,7.58969328426209e-05
"OTU228","k__Fungi","p__Ascomycota","c__Dothideomycetes",NA,NA,NA,NA,TRUE,"placeable_existing_SH","UNITE_container","https://unite.ut.ee/sh/SH0682050.10FU",FALSE,"k__Fungi;p__Ascomycota;c__Dothideomycetes",3,100,"SH0994740.10FU","SH0682050.10FU","SH0176483.10FU","present_in","present_in","present_in",3,0.00277550265706432,1,1.41295832835776e-05
"OTU229","k__Fungi","p__Ascomycota","c__Dothideomycetes","o__Pleosporales","f__Melanommataceae",NA,NA,TRUE,"placeable_existing_SH","UNITE_container","https://unite.ut.ee/sh/SH0582824.10FU",FALSE,"k__Fungi;p__Ascomycota;c__Dothideomycetes;o__Pleosporales;f__Melanommataceae;g__Herpotrichia",6,100,"s863","SH0582824.10FU","SH0097289.10FU","new_singleton_in","present_in","present_in",0,0,2,3.62102942080762e-05
"OTU230","k__Fungi","p__Ascomycota","c__Sordariomycetes","o__Amphisphaeriales","f__Phlogicylindriaceae","g__Phlogicylindrium",NA,FALSE,"placeable_existing_SH","UNITE_container","https://unite.ut.ee/sh/SH0611541.10FU",FALSE,"k__Fungi;p__Ascomycota;c__Sordariomycetes;o__Amphisphaeriales;f__Phlogicylindriaceae;g__Phlogicylindrium",6,100,"SH0911562.10FU","SH0611541.10FU","SH0120973.10FU","present_in","present_in","present_in",0,0,1,6.83291750880821e-05
"OTU231","k__Fungi","p__Basidiomycota",NA,NA,NA,NA,NA,TRUE,"novel_new_SH","UNITE_container",NA,FALSE,"k__Fungi;p__Basidiomycota",2,97.3,"190","128","22","new_sh_in","new_sh_in","new_sh_in",1,0.000271670476648515,0,0
"OTU232","k__Fungi","p__Ascomycota","c__Dothideomycetes","o__Venturiales","f__Venturiaceae",NA,NA,TRUE,"placeable_existing_SH","UNITE_container","https://unite.ut.ee/sh/SH0676380.10FU",FALSE,"k__Fungi;p__Ascomycota;c__Dothideomycetes;o__Venturiales;f__Venturiaceae;g__Fagicola",6,100,"168","SH0676380.10FU","SH0171985.10FU","new_sh_in","present_in","present_in",3,0.000396224577803912,2,0.00395226103550218
"OTU234","k__Fungi","p__Basidiomycota","c__Agaricomycetes","o__Cantharellales",NA,NA,NA,TRUE,"placeable_existing_SH","UNITE_container","https://unite.ut.ee/sh/SH0644644.10FU",FALSE,"k__Fungi;p__Basidiomycota;c__Agaricomycetes;o__Cantharellales",4,100,"SH0950005.10FU","SH0644644.10FU","SH0147588.10FU","present_in","present_in","present_in",0,0,1,2.33774317303264e-05
"OTU235","k__Fungi","p__Basidiomycota","c__Microbotryomycetes","o__Kriegeriales","f__Camptobasidiaceae","g__Glaciozyma",NA,FALSE,"placeable_existing_SH","UNITE_container","https://unite.ut.ee/sh/SH0705682.10FU",FALSE,"k__Fungi;p__Basidiomycota;c__Microbotryomycetes;o__Kriegeriales;f__Camptobasidiaceae;g__Glaciozyma",6,100,"SH1022710.10FU","SH0705682.10FU","SH0194934.10FU","present_in","present_in","present_in",1,9.48513105512063e-05,0,0
"OTU236","k__Fungi","p__Ascomycota","c__Leotiomycetes","o__Helotiales","f__Hyaloscyphaceae",NA,NA,TRUE,"placeable_existing_SH","UNITE_container","https://unite.ut.ee/sh/SH0599459.10FU",FALSE,"k__Fungi;p__Ascomycota;c__Leotiomycetes;o__Helotiales;f__Hyaloscyphaceae;g__Hyaloscypha",6,100,"s864","SH0599459.10FU","SH0110681.10FU","new_singleton_in","present_in","present_in",1,3.43303908755314e-07,0,0
"OTU237","k__Fungi","p__Ascomycota","c__Dothideomycetes","o__Botryosphaeriales",NA,NA,NA,TRUE,"novel_new_SH","UNITE_container",NA,FALSE,"k__Fungi;p__Ascomycota;c__Dothideomycetes;o__Botryosphaeriales",4,85.3,"184","121","17","new_sh_in","new_sh_in","new_sh_in",1,3.69650338161606e-05,0,0
"OTU238","k__Fungi","p__Basidiomycota","c__Agaricomycetes","o__Agaricales","f__Inocybaceae","g__Inocybe",NA,FALSE,"placeable_existing_SH","UNITE_container","https://unite.ut.ee/sh/SH0570958.10FU",FALSE,"k__Fungi;p__Basidiomycota;c__Agaricomycetes;o__Agaricales;f__Inocybaceae;g__Inocybe;s__Inocybe_rufoalba",7,100,"SH0865010.10FU","SH0570958.10FU","SH0087674.10FU","present_in","present_in","present_in",0,0,1,2.20071385655722e-05
"OTU239","k__Fungi","p__Ascomycota","c__Dothideomycetes","o__Pleosporales",NA,NA,NA,TRUE,"novel_new_SH","UNITE_container",NA,TRUE,"k__Fungi;p__Ascomycota",2,100,"s865","s554","s36","new_singleton_in","new_singleton_in","new_singleton_in",0,0,1,1.74093080783616e-05
"OTU240","k__Fungi","p__Ascomycota","c__Dothideomycetes",NA,NA,NA,NA,TRUE,"placeable_existing_SH","PlutoF_live","https://unite.ut.ee/sh/SH0650010.10FU",FALSE,"k__Fungi;p__Ascomycota;c__Dothideomycetes",3,96.3,"185","SH0650010.10FU","SH0152035.10FU","new_sh_in","new_sh_in","present_in",0,0,1,0.000137482941931279
"OTU241","k__Fungi","p__Ascomycota","c__Dothideomycetes","o__Phaeothecales","f__Phaeothecaceae","g__Phaeotheca",NA,FALSE,"placeable_existing_SH","UNITE_container","https://unite.ut.ee/sh/SH0691263.10FU",FALSE,"k__Fungi;p__Ascomycota;c__Dothideomycetes;o__Phaeothecales;f__Phaeothecaceae;g__Phaeotheca",6,98.6,"SH1005585.10FU","SH0691263.10FU","SH0183705.10FU","present_in","present_in","present_in",2,0.000207170619736711,0,0
"OTU242","k__Fungi","p__Ascomycota","c__Lecanoromycetes",NA,NA,NA,NA,TRUE,"novel_new_SH","UNITE_container",NA,TRUE,"k__Fungi;p__Ascomycota;c__Lecanoromycetes",3,90.2,"186","123","18","new_sh_in","new_sh_in","new_sh_in",3,0.0033275423271647,0,0
"OTU244","k__Fungi",NA,NA,NA,NA,NA,NA,TRUE,"no_SH_match","UNITE_container",NA,FALSE,NA,NA,NA,NA,NA,NA,NA,NA,NA,0,0,2,3.37535751148559e-05
"OTU245","k__Fungi","p__Ascomycota","c__Dothideomycetes",NA,NA,NA,NA,TRUE,"novel_new_SH","UNITE_container",NA,FALSE,"k__Fungi;p__Ascomycota;c__Dothideomycetes",3,92.5,"187","124","19","new_sh_in","new_sh_in","new_sh_in",4,0.00221886058086411,1,2.0439565111461e-06
"OTU246","k__Fungi","p__Basidiomycota","c__Exobasidiomycetes","o__Exobasidiales","f__Exobasidiaceae","g__Exobasidium",NA,FALSE,"placeable_existing_SH","PlutoF_live","https://unite.ut.ee/sh/SH0486605.10FU",FALSE,"k__Fungi;p__Basidiomycota;c__Exobasidiomycetes;o__Exobasidiales;f__Exobasidiaceae;g__Exobasidium",6,99.6,"176","SH0486605.10FU","4","new_sh_in","new_sh_in","new_sh_in",2,0.000166901282257695,0,0
"OTU248","k__Fungi","p__Basidiomycota","c__Cystobasidiomycetes","o__Cystobasidiales","f__Cystobasidiaceae","g__Cystobasidium",NA,FALSE,"placeable_existing_SH","PlutoF_live","https://unite.ut.ee/sh/SH0657078.10FU",FALSE,"k__Fungi;p__Basidiomycota;c__Cystobasidiomycetes;o__Cystobasidiales;f__Cystobasidiaceae;g__Cystobasidium;s__Cystobasidium_benthicum",7,99.2,"s866","SH0657078.10FU","s37","new_singleton_in","new_singleton_in","new_singleton_in",0,0,1,3.75097558268444e-05
"OTU249","k__Fungi","p__Ascomycota",NA,NA,NA,NA,NA,TRUE,"no_SH_match","UNITE_container",NA,FALSE,NA,NA,NA,NA,NA,NA,NA,NA,NA,0,0,1,5.54968901999511e-05
"OTU250","k__Fungi","p__Ascomycota",NA,NA,NA,NA,NA,TRUE,"excluded_nonITS","UNITE_container",NA,FALSE,NA,NA,NA,NA,NA,NA,NA,NA,NA,2,0.00157740626292732,0,0
"OTU251","k__Fungi","p__Ascomycota","c__Leotiomycetes",NA,NA,NA,NA,TRUE,"novel_new_SH","UNITE_container",NA,TRUE,"k__Fungi;p__Ascomycota;c__Leotiomycetes",3,90.3,"s867","s556","s38","new_singleton_in","new_singleton_in","new_singleton_in",0,0,1,3.70710452323784e-05
"OTU252","k__Fungi","p__Ascomycota","c__Dothideomycetes","o__Pleosporales","f__Didymellaceae",NA,NA,TRUE,"placeable_existing_SH","UNITE_container","https://unite.ut.ee/sh/SH0568406.10FU",FALSE,"k__Fungi;p__Ascomycota;c__Dothideomycetes;o__Pleosporales;f__Didymellaceae",5,100,"SH0862152.10FU","SH0568406.10FU","SH0085547.10FU","present_in","present_in","present_in",15,0.0466623360691101,9,0.00569593388685731
"OTU253","k__Fungi","p__Basidiomycota","c__Agaricomycetes","o__Atheliales","f__Atheliaceae","g__Tylospora","s__asterophora 2",FALSE,"placeable_existing_SH","UNITE_container","https://unite.ut.ee/sh/SH0537670.10FU",FALSE,"k__Fungi;p__Basidiomycota;c__Agaricomycetes;o__Atheliales;f__Atheliaceae;g__Tylospora;s__Tylospora_asterophora",7,100,"SH0826300.10FU","SH0537670.10FU","SH0061000.10FU","present_in","present_in","present_in",0,0,3,0.000830129822047503
"OTU255","k__Fungi","p__Basidiomycota","c__Tremellomycetes","o__Filobasidiales","f__Piskurozymaceae","g__Piskurozyma",NA,FALSE,"placeable_existing_SH","UNITE_container","https://unite.ut.ee/sh/SH0532280.10FU",FALSE,"k__Fungi;p__Basidiomycota;c__Tremellomycetes;o__Filobasidiales;f__Piskurozymaceae;g__Piskurozyma",6,97.3,"SH0820047.10FU","SH0532280.10FU","SH0056617.10FU","present_in","present_in","present_in",0,0,1,2.08192532452714e-05
"OTU256","k__Fungi","p__Ascomycota","c__Dothideomycetes","o__Venturiales","f__Sympoventuriaceae",NA,NA,TRUE,"placeable_existing_SH","UNITE_container","https://unite.ut.ee/sh/SH0475158.10FU",FALSE,"k__Fungi;p__Ascomycota;c__Dothideomycetes;o__Venturiales;f__Sympoventuriaceae",5,98.7,"SH0750086.10FU","SH0475158.10FU","SH0014354.10FU","present_in","present_in","present_in",0,0,1,3.65226569892959e-05
"OTU257","k__Fungi","p__Ascomycota","c__Candelariomycetes","o__Candelariales","f__Pycnoraceae","g__Pycnora",NA,FALSE,"novel_new_SH","UNITE_container",NA,TRUE,"k__Fungi;p__Ascomycota",2,100,"s868","125","20","new_singleton_in","new_sh_in","new_sh_in",0,0,1,1.62781948416319e-05
"OTU258","k__Fungi","p__Ascomycota","c__Leotiomycetes","o__Phacidiales","f__Phacidiaceae",NA,NA,TRUE,"placeable_existing_SH","UNITE_container","https://unite.ut.ee/sh/SH0628700.10FU",FALSE,"k__Fungi;p__Ascomycota;c__Leotiomycetes;o__Phacidiales;f__Phacidiaceae;g__Phacidium",6,100,"SH0931217.10FU","SH0628700.10FU","SH0134790.10FU","present_in","present_in","present_in",0,0,10,0.00180365239105977
"OTU260","k__Fungi","p__Ascomycota","c__Dothideomycetes","o__Mytilinidiales","f__Mytilinidiaceae","g__Mytilinidion",NA,FALSE,"placeable_existing_SH","UNITE_container","https://unite.ut.ee/sh/SH0622520.10FU",FALSE,"k__Fungi;p__Ascomycota;c__Dothideomycetes",3,100,"SH0924285.10FU","SH0622520.10FU","SH0129514.10FU","present_in","present_in","present_in",1,0.000467639356528245,0,0
"OTU261","k__Fungi","p__Ascomycota","c__Dothideomycetes",NA,NA,NA,NA,TRUE,"novel_new_SH","UNITE_container",NA,TRUE,"k__Fungi;p__Ascomycota;c__Dothideomycetes;o__Mycosphaerellales;f__Teratosphaeriaceae;g__Meristemomyces",6,97.2,"188","126","SH0072085.10FU","new_sh_in","new_sh_in","present_in",0,0,1,0.0010145510383153
"OTU265","k__Fungi","p__Ascomycota",NA,NA,NA,NA,NA,TRUE,"novel_new_SH","UNITE_container",NA,FALSE,"k__Fungi",1,88.8,"189","127","21","new_sh_in","new_sh_in","new_sh_in",4,0.00123987223227344,1,2.61135503343253e-07
"OTU266","k__Fungi","p__Basidiomycota","c__Agaricomycetes","o__Sebacinales","f__Serendipitaceae","g__Serendipita",NA,FALSE,"placeable_existing_SH","UNITE_container","https://unite.ut.ee/sh/SH0461471.10FU",FALSE,"k__Fungi;p__Basidiomycota;c__Agaricomycetes;o__Sebacinales;f__Serendipitaceae;g__Serendipita",6,100,"SH0734220.10FU","SH0461471.10FU","SH0003250.10FU","present_in","present_in","present_in",0,0,1,2.48641688272416e-05
"OTU267","k__Fungi","p__Basidiomycota","c__Malasseziomycetes","o__Malasseziales","f__Malasseziaceae","g__Malassezia","s__restricta 2",FALSE,"placeable_existing_SH","UNITE_container","https://unite.ut.ee/sh/SH0686389.10FU",FALSE,"k__Fungi;p__Basidiomycota;c__Malasseziomycetes;o__Malasseziales;f__Malasseziaceae;g__Malassezia;s__Malassezia_restricta",7,100,"SH0999786.10FU","SH0686389.10FU","SH0179873.10FU","present_in","present_in","present_in",4,0.00344501441419932,0,0
"OTU268","k__Fungi","p__Ascomycota","c__Saccharomycetes","o__Saccharomycetales","f__Saccharomycetales_fam_Incertae_sedis","g__Candida","s__parapsilosis 2",FALSE,"placeable_existing_SH","UNITE_container","https://unite.ut.ee/sh/SH0591952.10FU",FALSE,"k__Fungi;p__Ascomycota;c__Saccharomycetes;o__Saccharomycetales",4,100,"174","SH0591952.10FU","SH0104971.10FU","new_sh_in","present_in","present_in",3,6.04328236312983e-05,0,0
"OTU269","k__Fungi","p__Basidiomycota","c__Agaricomycetes","o__Boletales","f__Boletaceae","g__Leccinum",NA,FALSE,"placeable_existing_SH","UNITE_container","https://unite.ut.ee/sh/SH0586257.10FU",FALSE,"k__Fungi;p__Basidiomycota;c__Agaricomycetes;o__Boletales;f__Boletaceae;g__Leccinum;s__Leccinum_scabrum",7,100,"SH0882458.10FU","SH0586257.10FU","SH0100236.10FU","present_in","present_in","present_in",0,0,1,2.96971330075193e-05
"OTU270","k__Fungi","p__Ascomycota","c__Leotiomycetes","o__Leotiales",NA,NA,NA,TRUE,"novel_new_SH","UNITE_container",NA,TRUE,"k__Fungi;p__Ascomycota",2,98.6,"183","120","16","new_sh_in","new_sh_in","new_sh_in",0,0,2,3.5011824271286e-05
"OTU272","k__Fungi","p__Ascomycota","c__Leotiomycetes","o__Helotiales","f__Mollisiaceae",NA,NA,TRUE,"novel_new_SH","UNITE_container",NA,TRUE,"k__Fungi",1,100,"s870","s558","s40","new_singleton_in","new_singleton_in","new_singleton_in",0,0,5,0.000556669771856371
"OTU273","k__Fungi","p__Ascomycota","c__Eurotiomycetes","o__Chaetothyriales","f__Herpotrichiellaceae",NA,NA,TRUE,"placeable_existing_SH","UNITE_container","https://unite.ut.ee/sh/SH0474083.10FU",FALSE,"k__Fungi;p__Ascomycota;c__Eurotiomycetes;o__Chaetothyriales;f__Herpotrichiellaceae",5,96.1,"s871","SH0474083.10FU","SH0013496.10FU","new_singleton_in","present_in","present_in",0,0,1,4.26021584267379e-05
"OTU274","k__Fungi","p__Ascomycota","c__Eurotiomycetes","o__Chaetothyriales",NA,NA,NA,TRUE,"novel_new_SH","UNITE_container",NA,TRUE,"k__Fungi;p__Ascomycota;c__Eurotiomycetes",3,94.4,"s872","s559","s41","new_singleton_in","new_singleton_in","new_singleton_in",1,3.33843752698658e-05,0,0
"OTU275","k__Fungi","p__Ascomycota",NA,NA,NA,NA,NA,TRUE,"placeable_existing_SH","UNITE_container","https://unite.ut.ee/sh/SH0596183.10FU",FALSE,"k__Fungi;p__Ascomycota",2,100,"SH0893825.10FU","SH0596183.10FU","SH0108362.10FU","present_in","present_in","present_in",0,0,6,4.1809610019454e-05
"OTU276","k__Fungi","p__Ascomycota","c__Sordariomycetes","o__Diaporthales","f__Gnomoniaceae",NA,NA,TRUE,"novel_new_SH","UNITE_container",NA,TRUE,"k__Fungi;p__Ascomycota;c__Sordariomycetes",3,98.1,"s873","s560","s42","new_singleton_in","new_singleton_in","new_singleton_in",0,0,1,3.46581369628153e-05
"OTU278","k__Fungi","p__Basidiomycota","c__Cystobasidiomycetes","o__Cystobasidiomycetes_ord_Incertae_sedis",NA,NA,NA,TRUE,"novel_new_SH","UNITE_container",NA,FALSE,"k__Fungi;p__Basidiomycota;c__Cystobasidiomycetes",3,80,"s886","s572","s51","new_singleton_in","new_singleton_in","new_singleton_in",1,0.000327376327376327,0,0
"OTU279","k__Fungi","p__Basidiomycota","c__Tremellomycetes","o__Tremellales",NA,NA,NA,TRUE,"novel_new_SH","UNITE_container",NA,FALSE,"k__Fungi;p__Basidiomycota;c__Tremellomycetes;o__Tremellales",4,81,"s874","s561","s43","new_singleton_in","new_singleton_in","new_singleton_in",0,0,2,2.03801748115113e-05
"OTU280","k__Fungi","p__Ascomycota",NA,NA,NA,NA,NA,TRUE,"novel_new_SH","UNITE_container",NA,FALSE,"k__Fungi;p__Ascomycota",2,80.6,"s877","s564","s46","new_singleton_in","new_singleton_in","new_singleton_in",0,0,1,1.96313679249707e-05
"OTU281","k__Fungi","p__Ascomycota","c__Lecanoromycetes","o__Lecanorales","f__Parmeliaceae","g__Melanohalea",NA,FALSE,"placeable_existing_SH","UNITE_container","https://unite.ut.ee/sh/SH0558347.10FU",FALSE,"k__Fungi;p__Ascomycota;c__Lecanoromycetes;o__Lecanorales;f__Parmeliaceae;g__Melanohalea",6,100,"SH0850759.10FU","SH0558347.10FU","SH0077366.10FU","present_in","present_in","present_in",3,0.00141381440542577,1,4.01096437220787e-07
"OTU283","k__Fungi","p__Chytridiomycota","c__Spizellomycetes","o__Spizellomycetales","f__Powellomycetaceae",NA,NA,TRUE,"placeable_existing_SH","UNITE_container","https://unite.ut.ee/sh/SH0694218.10FU",FALSE,"k__Fungi;p__Chytridiomycota;c__Spizellomycetes;o__Spizellomycetales;f__Powellomycetaceae",5,99.1,"SH1008992.10FU","SH0694218.10FU","SH0186045.10FU","present_in","present_in","present_in",0,0,1,1.67800226438582e-05
"OTU284","k__Fungi","p__Ascomycota","c__Leotiomycetes","o__Helotiales","f__Helotiaceae","g__Helotium",NA,FALSE,"novel_new_SH","UNITE_container",NA,TRUE,"k__Fungi;p__Ascomycota",2,90.5,"s875","s562","s44","new_singleton_in","new_singleton_in","new_singleton_in",1,3.98533502984617e-07,2,0.00164889648021065
"OTU285","k__Fungi","p__Basidiomycota","c__Tremellomycetes","o__Tremellales","f__Bulleribasidiaceae","g__Dioszegia",NA,FALSE,"placeable_existing_SH","UNITE_container","https://unite.ut.ee/sh/SH0459999.10FU",FALSE,"k__Fungi;p__Basidiomycota;c__Tremellomycetes;o__Tremellales;f__Bulleribasidiaceae;g__Dioszegia;s__Dioszegia_crocea",7,100,"SH0732458.10FU","SH0459999.10FU","SH0002202.10FU","present_in","present_in","present_in",1,6.59951372004168e-05,3,3.70384778883638e-06
"OTU286","k__Fungi","p__Ascomycota","c__Leotiomycetes","o__Helotiales",NA,NA,NA,TRUE,"novel_new_SH","UNITE_container",NA,TRUE,"k__Fungi;p__Ascomycota;c__Leotiomycetes;o__Helotiales",4,90.5,"s876","s563","s45","new_singleton_in","new_singleton_in","new_singleton_in",0,0,2,2.3871105179902e-05
"OTU287","k__Fungi","p__Basidiomycota","c__Tremellomycetes","o__Cystofilobasidiales","f__Mrakiaceae","g__Mrakia","s__robertii 1",FALSE,"placeable_existing_SH","UNITE_container","https://unite.ut.ee/sh/SH0651934.10FU",FALSE,"k__Fungi;p__Basidiomycota;c__Tremellomycetes;o__Cystofilobasidiales;f__Mrakiaceae;g__Mrakia;s__Mrakia_robertii",7,99.6,"SH0958535.10FU","SH0651934.10FU","SH0153435.10FU","present_in","present_in","present_in",0,0,2,3.11833179124671e-05
"OTU288","k__Fungi","p__Ascomycota","c__Eurotiomycetes",NA,NA,NA,NA,TRUE,"novel_new_SH","UNITE_container",NA,FALSE,"k__Fungi;p__Ascomycota;c__Eurotiomycetes",3,86.6,"s904","s588","s65","new_singleton_in","new_singleton_in","new_singleton_in",0,0,1,1.93187665248915e-05
"OTU289","k__Fungi","p__Basidiomycota","c__Agaricomycetes","o__Sebacinales","f__Serendipitaceae","g__Serendipita",NA,FALSE,"placeable_existing_SH","UNITE_container","https://unite.ut.ee/sh/SH0461471.10FU",FALSE,"k__Fungi;p__Basidiomycota;c__Agaricomycetes;o__Sebacinales;f__Serendipitaceae;g__Serendipita",6,100,"SH0734220.10FU","SH0461471.10FU","SH0003250.10FU","present_in","present_in","present_in",0,0,1,2.393466718884e-05
"OTU290","k__Fungi","p__Ascomycota","c__Leotiomycetes","o__Phacidiales","f__Phacidiaceae",NA,NA,TRUE,"placeable_existing_SH","UNITE_container","https://unite.ut.ee/sh/SH0628700.10FU",FALSE,"k__Fungi;p__Ascomycota;c__Leotiomycetes;o__Phacidiales;f__Phacidiaceae;g__Phacidium",6,97.3,"SH0931217.10FU","SH0628700.10FU","SH0134790.10FU","present_in","present_in","present_in",0,0,5,0.0130861880684108
"OTU291","k__Fungi","p__Ascomycota","c__Dothideomycetes","o__Pleosporales","f__Melanommataceae",NA,NA,TRUE,"placeable_existing_SH","UNITE_container","https://unite.ut.ee/sh/SH0582824.10FU",FALSE,"k__Fungi;p__Ascomycota;c__Dothideomycetes;o__Pleosporales;f__Melanommataceae;g__Herpotrichia",6,98.6,"SH0878494.10FU","SH0582824.10FU","SH0097289.10FU","present_in","present_in","present_in",0,0,3,0.0031550284536007
"OTU292","k__Fungi","p__Ascomycota",NA,NA,NA,NA,NA,TRUE,"no_SH_match","UNITE_container",NA,TRUE,NA,NA,NA,NA,NA,NA,NA,NA,NA,1,0.000503095093113296,0,0
"OTU293","k__Fungi","p__Ascomycota","c__Dothideomycetes","o__Dothideales",NA,NA,NA,TRUE,"placeable_existing_SH","UNITE_container","https://unite.ut.ee/sh/SH0623929.10FU",FALSE,"k__Fungi;p__Ascomycota;c__Dothideomycetes;o__Dothideales;f__Dothideaceae",5,100,"SH0926011.10FU","SH0623929.10FU","SH0130745.10FU","present_in","present_in","present_in",0,0,1,3.41875408613262e-05
"OTU294","k__Fungi","p__Basidiomycota","c__Microbotryomycetes","o__Microbotryomycetes_ord_Incertae_sedis","f__Microbotryomycetes_fam_Incertae_sedis",NA,NA,TRUE,"placeable_existing_SH","UNITE_container","https://unite.ut.ee/sh/SH0674788.10FU",FALSE,"k__Fungi;p__Basidiomycota;c__Microbotryomycetes;o__Microbotryomycetes_ord_Incertae_sedis;f__Microbotryomycetes_fam_Incertae_sedis;g__Curvibasidium",6,99.1,"SH0985961.10FU","SH0674788.10FU","SH0170847.10FU","present_in","present_in","present_in",0,0,2,1.49438022446154e-05
"OTU295","k__Fungi","p__Ascomycota","c__Leotiomycetes","o__Helotiales",NA,NA,NA,TRUE,"novel_new_SH","UNITE_container",NA,TRUE,"k__Fungi",1,100,"s879","s566","s47","new_singleton_in","new_singleton_in","new_singleton_in",0,0,3,0.00148102719326377
"OTU296","k__Fungi","p__Basidiomycota","c__Agaricomycetes","o__Atheliales","f__Atheliaceae","g__Piloderma","s__byssinum",FALSE,"placeable_existing_SH","PlutoF_live","https://unite.ut.ee/sh/SH0706981.10FU",FALSE,"k__Fungi;p__Basidiomycota;c__Agaricomycetes;o__Atheliales;f__Atheliaceae;g__Piloderma;s__Piloderma_byssinum",7,100,"s878","SH0706981.10FU","SH0195986.10FU","new_singleton_in","new_singleton_in","present_in",1,0.000317016317016317,0,0
"OTU297","k__Fungi","p__Ascomycota","c__Lecanoromycetes",NA,NA,NA,NA,TRUE,"placeable_existing_SH","UNITE_container","https://unite.ut.ee/sh/SH0572012.10FU",FALSE,"k__Fungi;p__Ascomycota;c__Lecanoromycetes",3,96.2,"s880","SH0572012.10FU","SH0088571.10FU","new_singleton_in","present_in","present_in",1,0.0015831079183559,0,0
"OTU298","k__Fungi","p__Chytridiomycota","c__Spizellomycetes","o__Spizellomycetales","f__Powellomycetaceae",NA,NA,TRUE,"placeable_existing_SH","UNITE_container","https://unite.ut.ee/sh/SH0694218.10FU",FALSE,"k__Fungi;p__Chytridiomycota;c__Spizellomycetes;o__Spizellomycetales;f__Powellomycetaceae",5,100,"SH1008992.10FU","SH0694218.10FU","SH0186045.10FU","present_in","present_in","present_in",0,0,1,1.62944271332642e-05
"OTU299","k__Fungi","p__Ascomycota","c__Dothideomycetes","o__Mycosphaerellales","f__Teratosphaeriaceae","g__Meristemomyces",NA,FALSE,"novel_new_SH","UNITE_container",NA,TRUE,"k__Fungi;p__Ascomycota;c__Dothideomycetes;o__Mycosphaerellales;f__Teratosphaeriaceae;g__Meristemomyces",6,97.2,"188","126","SH0072085.10FU","new_sh_in","new_sh_in","present_in",1,0.000298854965409925,2,0.000520237690352
"OTU300","k__Fungi","p__Basidiomycota","c__Tremellomycetes","o__Tremellales","f__Phaeotremellaceae","g__Phaeotremella",NA,FALSE,"placeable_existing_SH","UNITE_container","https://unite.ut.ee/sh/SH0539592.10FU",FALSE,"k__Fungi;p__Basidiomycota;c__Tremellomycetes;o__Tremellales;f__Phaeotremellaceae;g__Phaeotremella",6,100,"SH0828740.10FU","SH0539592.10FU","SH0062483.10FU","present_in","present_in","present_in",1,4.27255004680482e-05,3,5.75096388213639e-06
"OTU302","k__Fungi","p__Ascomycota","c__Leotiomycetes","o__Leotiales",NA,NA,NA,TRUE,"novel_new_SH","UNITE_container",NA,TRUE,"k__Fungi;p__Ascomycota",2,93.8,"s881","s567","s48","new_singleton_in","new_singleton_in","new_singleton_in",0,0,3,0.00156983300391432
"OTU303","k__Fungi","p__Ascomycota","c__Leotiomycetes","o__Helotiales",NA,NA,NA,TRUE,"placeable_existing_SH","UNITE_container","https://unite.ut.ee/sh/SH0648515.10FU",FALSE,"k__Fungi;p__Ascomycota;c__Leotiomycetes;o__Helotiales",4,100,"SH0954422.10FU","SH0648515.10FU","SH0150781.10FU","present_in","present_in","present_in",0,0,1,2.29277070805717e-05
"OTU305","k__Fungi","p__Basidiomycota","c__Agaricomycetes","o__Cantharellales","f__Hydnaceae","g__Sistotrema",NA,FALSE,"placeable_existing_SH","UNITE_container","https://unite.ut.ee/sh/SH0546788.10FU",FALSE,"k__Fungi;p__Basidiomycota;c__Agaricomycetes;o__Cantharellales;f__Hydnaceae;g__Sistotrema",6,100,"SH0837129.10FU","SH0546788.10FU","SH0068106.10FU","present_in","present_in","present_in",1,2.07200207200207e-06,4,0.000735564312208268
"OTU306","k__Fungi","p__Ascomycota","c__Dothideomycetes","o__Venturiales","f__Venturiaceae",NA,NA,TRUE,"novel_new_SH","UNITE_container",NA,TRUE,"k__Fungi;p__Ascomycota;c__Dothideomycetes;o__Venturiales;f__Venturiaceae;g__Fagicola",6,100,"s882","s568","SH0171985.10FU","new_singleton_in","new_singleton_in","present_in",0,0,2,2.25970024769958e-05
"OTU308","k__Fungi","p__Basidiomycota","c__Cystobasidiomycetes","o__Cystobasidiomycetes_ord_Incertae_sedis","f__Cystobasidiomycetes_fam_Incertae_sedis","g__Cystobasidiomycetes_gen_Incertae_sedis",NA,FALSE,"placeable_existing_SH","UNITE_container","https://unite.ut.ee/sh/SH0657044.10FU",FALSE,"k__Fungi;p__Basidiomycota;c__Cystobasidiomycetes",3,99.5,"SH0964736.10FU","SH0657044.10FU","SH0157324.10FU","present_in","present_in","present_in",3,0.00147167660740766,0,0
"OTU310","k__Fungi","p__Basidiomycota",NA,NA,NA,NA,NA,TRUE,"no_SH_match","UNITE_container",NA,FALSE,NA,NA,NA,NA,NA,NA,NA,NA,NA,1,0.000220684700918962,0,0
"OTU311","k__Fungi","p__Basidiomycota","c__Agaricomycetes","o__Agaricales","f__Cortinariaceae","g__Cortinarius",NA,FALSE,"placeable_existing_SH","PlutoF_live","https://unite.ut.ee/sh/SH0675333.10FU",FALSE,"k__Fungi;p__Basidiomycota;c__Agaricomycetes;o__Agaricales;f__Cortinariaceae;g__Cortinarius;s__Cortinarius_bivelus",7,100,"s884","SH0675333.10FU","s50","new_singleton_in","new_singleton_in","new_singleton_in",0,0,2,0.00193270530181544
"OTU313","k__Fungi","p__Basidiomycota","c__Agaricomycetes","o__Sebacinales","f__Sebacinaceae","g__Sebacina",NA,FALSE,"placeable_existing_SH","PlutoF_live","https://unite.ut.ee/sh/SH0631004.10FU",FALSE,"k__Fungi;p__Basidiomycota;c__Agaricomycetes;o__Sebacinales;f__Sebacinaceae;g__Sebacina",6,100,"s883","SH0631004.10FU","s49","new_singleton_in","new_singleton_in","new_singleton_in",0,0,1,1.80058406445591e-05
"OTU314","k__Fungi","p__Ascomycota","c__Dothideomycetes","o__Mycosphaerellales","f__Mycosphaerellaceae","g__Clypeosphaerella","s__quasiparkii",FALSE,"placeable_existing_SH","UNITE_container","https://unite.ut.ee/sh/SH0663477.10FU",FALSE,"k__Fungi;p__Ascomycota;c__Dothideomycetes;o__Capnodiales",4,100,"SH0972066.10FU","SH0663477.10FU","SH0162210.10FU","present_in","present_in","present_in",0,0,2,3.8167663181033e-05
"OTU315","k__Fungi","p__Ascomycota","c__Leotiomycetes","o__Helotiales","f__Godroniaceae",NA,NA,TRUE,"placeable_existing_SH","UNITE_container","https://unite.ut.ee/sh/SH0623043.10FU",FALSE,"k__Fungi;p__Ascomycota;c__Leotiomycetes;o__Helotiales;f__Godroniaceae;g__Godronia",6,100,"SH0924904.10FU","SH0623043.10FU","SH0129952.10FU","present_in","present_in","present_in",0,0,1,1.93438096182257e-05
"OTU316","k__Fungi","p__Ascomycota","c__Dothideomycetes","o__Pleosporales","f__Melanommataceae",NA,NA,TRUE,"novel_new_SH","UNITE_container",NA,TRUE,"k__Fungi;p__Ascomycota;c__Dothideomycetes;o__Pleosporales;f__Melanommataceae;g__Herpotrichia",6,97.3,"s885","s571","SH0097289.10FU","new_singleton_in","new_singleton_in","present_in",0,0,2,0.000747203793452037
"OTU317","k__Fungi","p__Chytridiomycota",NA,NA,NA,NA,NA,TRUE,"no_SH_match","UNITE_container",NA,FALSE,NA,NA,NA,NA,NA,NA,NA,NA,NA,0,0,1,1.79433203645432e-05
"OTU319","k__Fungi","p__Ascomycota","c__Leotiomycetes","o__Rhytismatales","f__Rhytismataceae",NA,NA,TRUE,"novel_new_SH","UNITE_container",NA,TRUE,"k__Fungi;p__Ascomycota;c__Leotiomycetes",3,87.5,"192","129","23","new_sh_in","new_sh_in","new_sh_in",1,0.000110794555239,1,8.06879944098104e-05
"OTU320","k__Fungi","p__Ascomycota","c__Leotiomycetes",NA,NA,NA,NA,TRUE,"excluded_nonITS","UNITE_container",NA,FALSE,NA,NA,NA,NA,NA,NA,NA,NA,NA,15,0.0347013098110319,9,0.00536117471952696
"OTU321","k__Fungi","p__Ascomycota","c__Dothideomycetes","o__Phaeothecales","f__Phaeothecaceae","g__Phaeotheca",NA,FALSE,"novel_new_SH","UNITE_container",NA,TRUE,"k__Fungi;p__Ascomycota;c__Dothideomycetes;o__Phaeothecales;f__Phaeothecaceae;g__Phaeotheca",6,95.2,"193","130","SH0183705.10FU","new_sh_in","new_sh_in","present_in",2,0.00200407944026205,0,0
"OTU323","k__Fungi","p__Ascomycota","c__Leotiomycetes","o__Helotiales",NA,NA,NA,TRUE,"novel_new_SH","UNITE_container",NA,TRUE,"k__Fungi",1,100,"s887","s573","s52","new_singleton_in","new_singleton_in","new_singleton_in",1,3.42972773677983e-07,4,0.0015405228411719
"OTU325","k__Fungi","p__Basidiomycota","c__Tremellomycetes","o__Tremellales",NA,NA,NA,TRUE,"novel_new_SH","UNITE_container",NA,TRUE,"k__Fungi;p__Basidiomycota;c__Tremellomycetes;o__Tremellales",4,92,"s897","s581","s60","new_singleton_in","new_singleton_in","new_singleton_in",0,0,2,1.91190688019033e-05
"OTU326","k__Fungi","p__Basidiomycota","c__Agaricomycetes","o__Cantharellales",NA,NA,NA,TRUE,"novel_new_SH","UNITE_container",NA,FALSE,"k__Fungi;p__Basidiomycota;c__Agaricomycetes;o__Cantharellales",4,86.6,"s888","s574","s53","new_singleton_in","new_singleton_in","new_singleton_in",0,0,1,1.26485857475736e-05
"OTU329","k__Fungi","p__Ascomycota","c__Dothideomycetes","o__Cladosporiales","f__Cladosporiaceae","g__Cladosporium",NA,FALSE,"placeable_existing_SH","UNITE_container","https://unite.ut.ee/sh/SH0655188.10FU",FALSE,"k__Fungi;p__Ascomycota;c__Dothideomycetes;o__Cladosporiales;f__Cladosporiaceae;g__Cladosporium;s__Cladosporium_halotolerans",7,100,"SH0962330.10FU","SH0655188.10FU","SH0155802.10FU","present_in","present_in","present_in",1,0.00190303768370683,0,0
"OTU331","k__Fungi","p__Ascomycota","c__Sordariomycetes","o__Hypocreales","f__Nectriaceae","g__Fusarium","s__brevicaudatum",FALSE,"placeable_existing_SH","UNITE_container","https://unite.ut.ee/sh/SH0458904.10FU",FALSE,"k__Fungi;p__Ascomycota;c__Sordariomycetes;o__Hypocreales;f__Nectriaceae;g__Fusarium;s__Fusarium_brevicaudatum",7,100,"SH0731180.10FU","SH0458904.10FU","SH0001321.10FU","present_in","present_in","present_in",3,0.00724142832014306,0,0
"OTU333","k__Fungi","p__Basidiomycota","c__Tremellomycetes","o__Filobasidiales","f__Filobasidiales_fam_Incertae_sedis","g__Filobasidiales_gen_Incertae_sedis",NA,FALSE,"novel_new_SH","UNITE_container",NA,FALSE,"k__Fungi",1,94.2,"s889","s575","s54","new_singleton_in","new_singleton_in","new_singleton_in",0,0,1,1.694299588429e-05
"OTU334","k__Fungi","p__Ascomycota",NA,NA,NA,NA,NA,TRUE,"placeable_existing_SH","UNITE_container","https://unite.ut.ee/sh/SH0727970.10FU",FALSE,"k__Fungi;p__Ascomycota",2,100,"SH1045517.10FU","SH0727970.10FU","SH0216496.10FU","present_in","present_in","present_in",0,0,1,2.0913786864035e-05
"OTU335","k__Fungi","p__Ascomycota","c__Dothideomycetes","o__Mycosphaerellales","f__Mycosphaerellaceae","g__Zymoseptoria",NA,FALSE,"novel_new_SH","UNITE_container",NA,TRUE,"k__Fungi;p__Ascomycota;c__Dothideomycetes",3,96.8,"194","131","24","new_sh_in","new_sh_in","new_sh_in",0,0,1,2.96129651264561e-05
"OTU336","k__Fungi","p__Ascomycota","c__Leotiomycetes",NA,NA,NA,NA,TRUE,"placeable_existing_SH","UNITE_container","https://unite.ut.ee/sh/SH0648518.10FU",FALSE,"k__Fungi;p__Ascomycota;c__Leotiomycetes",3,100,"SH0954420.10FU","SH0648518.10FU","SH0150780.10FU","present_in","present_in","present_in",0,0,3,1.67952709052613e-05
"OTU337","k__Fungi","p__Ascomycota","c__Lecanoromycetes","o__Lecanorales","f__Parmeliaceae","g__Melanohalea","s__olivacea 2",FALSE,"placeable_existing_SH","UNITE_container","https://unite.ut.ee/sh/SH0558234.10FU",FALSE,"k__Fungi;p__Ascomycota;c__Lecanoromycetes;o__Lecanorales;f__Parmeliaceae;g__Melanohalea;s__Melanohalea_olivacea",7,100,"SH0851152.10FU","SH0558234.10FU","SH0077514.10FU","present_in","present_in","present_in",6,0.00190395253864827,1,1.46528240461048e-07
"OTU340","k__Fungi","p__Ascomycota","c__Dothideomycetes","o__Cladosporiales","f__Cladosporiaceae","g__Cladosporium","s__herbarum",FALSE,"placeable_existing_SH","UNITE_container","https://unite.ut.ee/sh/SH0655188.10FU",FALSE,"k__Fungi;p__Ascomycota;c__Dothideomycetes;o__Cladosporiales;f__Cladosporiaceae;g__Cladosporium;s__Cladosporium_herbarum",7,100,"SH0962330.10FU","SH0655188.10FU","SH0155802.10FU","present_in","present_in","present_in",3,0.00268548225159072,8,0.000343185043139937
"OTU341","k__Fungi","p__Basidiomycota","c__Malasseziomycetes","o__Malasseziales","f__Malasseziaceae","g__Malassezia",NA,FALSE,"placeable_existing_SH","UNITE_container","https://unite.ut.ee/sh/SH0551549.10FU",FALSE,"k__Fungi;p__Basidiomycota;c__Malasseziomycetes;o__Malasseziales;f__Malasseziaceae;g__Malassezia",6,99.7,"SH0842694.10FU","SH0551549.10FU","SH0071936.10FU","present_in","present_in","present_in",1,7.08044994255484e-05,0,0
"OTU344","k__Fungi","p__Basidiomycota","c__Tremellomycetes","o__Tremellales",NA,NA,NA,TRUE,"novel_new_SH","UNITE_container",NA,FALSE,"k__Fungi;p__Basidiomycota;c__Tremellomycetes;o__Tremellales",4,87.3,"s890","s576","s55","new_singleton_in","new_singleton_in","new_singleton_in",1,7.02701258449782e-05,0,0
"OTU345","k__Fungi","p__Basidiomycota","c__Agaricomycetes","o__Agaricales","f__Cortinariaceae","g__Cortinarius",NA,FALSE,"placeable_existing_SH","UNITE_container","https://unite.ut.ee/sh/SH0675298.10FU",FALSE,"k__Fungi;p__Basidiomycota;c__Agaricomycetes;o__Agaricales;f__Cortinariaceae;g__Cortinarius",6,100,"s892","SH0675298.10FU","SH0171035.10FU","new_singleton_in","present_in","present_in",1,5.42151600685444e-05,0,0
"OTU346","k__Fungi","p__Ascomycota","c__Dothideomycetes",NA,NA,NA,NA,TRUE,"placeable_existing_SH","PlutoF_live","https://unite.ut.ee/sh/SH0650010.10FU",FALSE,"k__Fungi;p__Ascomycota;c__Dothideomycetes",3,97.2,"185","SH0650010.10FU","SH0152035.10FU","new_sh_in","new_sh_in","present_in",0,0,1,2.86258662889076e-05
"OTU347","k__Fungi","p__Ascomycota","c__Eurotiomycetes","o__Chaetothyriales",NA,NA,NA,TRUE,"placeable_existing_SH","UNITE_container","https://unite.ut.ee/sh/SH0652719.10FU",FALSE,"k__Fungi;p__Ascomycota;c__Eurotiomycetes;o__Chaetothyriales;f__Herpotrichiellaceae;g__Cladophialophora",6,97.5,"SH0959333.10FU","SH0652719.10FU","SH0154042.10FU","present_in","present_in","present_in",0,0,1,3.47616912258015e-05
"OTU348","k__Fungi","p__Ascomycota","c__Leotiomycetes","o__Helotiales","f__Lachnaceae",NA,NA,TRUE,"novel_new_SH","UNITE_container",NA,TRUE,"k__Fungi;p__Ascomycota;c__Leotiomycetes",3,92.6,"s891","s577","s56","new_singleton_in","new_singleton_in","new_singleton_in",0,0,1,1.37368312226282e-05
"OTU349","k__Fungi",NA,NA,NA,NA,NA,NA,TRUE,"no_SH_match","UNITE_container",NA,TRUE,NA,NA,NA,NA,NA,NA,NA,NA,NA,0,0,1,2.85161886402911e-05
"OTU350","k__Fungi","p__Ascomycota",NA,NA,NA,NA,NA,TRUE,"novel_new_SH","UNITE_container",NA,TRUE,"k__Fungi;p__Ascomycota",2,84.4,"s905","s589","s66","new_singleton_in","new_singleton_in","new_singleton_in",1,0.000358379890886593,1,0.00017547461891704
"OTU351","k__Fungi","p__Ascomycota","c__Arthoniomycetes","o__Lichenostigmatales","f__Phaeococcomycetaceae","g__Antarctolichenia","s__onofrii 1",FALSE,"novel_new_SH","UNITE_container",NA,TRUE,"k__Fungi",1,92.2,"s893","s578","s57","new_singleton_in","new_singleton_in","new_singleton_in",1,0.000371233704567038,0,0
"OTU353","k__Fungi","p__Basidiomycota","c__Agaricomycetes","o__Trechisporales","f__Hydnodontaceae","g__Trechispora","s__cohaerens",FALSE,"novel_new_SH","UNITE_container",NA,FALSE,"k__Fungi;p__Basidiomycota;c__Agaricomycetes;o__Trechisporales",4,96.2,"s894","s579","s58","new_singleton_in","new_singleton_in","new_singleton_in",0,0,1,1.60677119640683e-05
"OTU354","k__Fungi","p__Ascomycota","c__Dothideomycetes","o__Mycosphaerellales","f__Mycosphaerellaceae",NA,NA,TRUE,"placeable_existing_SH","UNITE_container","https://unite.ut.ee/sh/SH0663512.10FU",FALSE,"k__Fungi;p__Ascomycota;c__Dothideomycetes;o__Mycosphaerellales;f__Mycosphaerellaceae;g__Cercospora",6,100,"SH0972143.10FU","SH0663512.10FU","SH0162066.10FU","present_in","present_in","present_in",1,0.00160389883480254,0,0
"OTU355","k__Fungi","p__Basidiomycota","c__Microbotryomycetes","o__Kriegeriales","f__Kriegeriaceae","g__Libkindia",NA,FALSE,"placeable_existing_SH","UNITE_container","https://unite.ut.ee/sh/SH0705743.10FU",FALSE,"k__Fungi;p__Basidiomycota;c__Microbotryomycetes",3,99,"s895","SH0705743.10FU","SH0194994.10FU","new_singleton_in","present_in","present_in",0,0,2,1.69448212405955e-05
"OTU356","k__Fungi","p__Ascomycota","c__Leotiomycetes","o__Helotiales","f__Godroniaceae","g__Godronia",NA,FALSE,"placeable_existing_SH","UNITE_container","https://unite.ut.ee/sh/SH0623043.10FU",FALSE,"k__Fungi;p__Ascomycota;c__Leotiomycetes;o__Helotiales;f__Godroniaceae;g__Godronia",6,100,"SH0924904.10FU","SH0623043.10FU","SH0129952.10FU","present_in","present_in","present_in",1,0.000224683245468074,3,3.79874639366554e-05
"OTU357","k__Fungi","p__Ascomycota","c__Leotiomycetes","o__Phacidiales","f__Phacidiaceae",NA,NA,TRUE,"placeable_existing_SH","UNITE_container","https://unite.ut.ee/sh/SH0628700.10FU",FALSE,"k__Fungi;p__Ascomycota;c__Leotiomycetes;o__Phacidiales;f__Phacidiaceae;g__Phacidium",6,100,"SH0931217.10FU","SH0628700.10FU","SH0134790.10FU","present_in","present_in","present_in",0,0,4,0.0122732921383799
"OTU358","k__Fungi","p__Ascomycota","c__Dothideomycetes","o__Myriangiales","f__Myriangiales_fam_Incertae_sedis","g__Myriangiales_gen_Incertae_sedis",NA,FALSE,"placeable_existing_SH","UNITE_container","https://unite.ut.ee/sh/SH0664245.10FU",FALSE,"k__Fungi;p__Ascomycota;c__Dothideomycetes;o__Myriangiales",4,98.7,"SH0973252.10FU","SH0664245.10FU","SH0162833.10FU","present_in","present_in","present_in",1,0.00177985911494192,0,0
"OTU359","k__Fungi","p__Ascomycota","c__Leotiomycetes","o__Rhytismatales","f__Cudoniaceae","g__Cudoniaceae_gen_Incertae_sedis",NA,FALSE,"placeable_existing_SH","UNITE_container","https://unite.ut.ee/sh/SH0473890.10FU",FALSE,"k__Fungi;p__Ascomycota;c__Leotiomycetes;o__Rhytismatales;f__Cudoniaceae",5,97.4,"SH0748637.10FU","SH0473890.10FU","SH0013346.10FU","present_in","present_in","present_in",0,0,2,0.00077533852658459
"OTU360","k__Fungi","p__Basidiomycota","c__Exobasidiomycetes","o__Exobasidiales","f__Exobasidiaceae","g__Exobasidium",NA,FALSE,"placeable_existing_SH","PlutoF_live","https://unite.ut.ee/sh/SH0486605.10FU",FALSE,"k__Fungi;p__Basidiomycota;c__Exobasidiomycetes;o__Exobasidiales;f__Exobasidiaceae;g__Exobasidium",6,98.1,"176","SH0486605.10FU","4","new_sh_in","new_sh_in","new_sh_in",1,0.000262108262108262,0,0
"OTU361","k__Fungi","p__Ascomycota","c__Orbiliomycetes","o__Orbiliales","f__Orbiliaceae","g__Amphosoma",NA,FALSE,"no_SH_match","UNITE_container",NA,TRUE,NA,NA,NA,NA,NA,NA,NA,NA,NA,0,0,1,4.73807442023298e-05
"OTU362","k__Fungi","p__Chytridiomycota","c__Spizellomycetes","o__Spizellomycetales","f__Spizellomycetales_fam_Incertae_sedis","g__Spizellomycetales_gen_Incertae_sedis",NA,FALSE,"placeable_existing_SH","UNITE_container","https://unite.ut.ee/sh/SH0668113.10FU",FALSE,"k__Fungi;p__Chytridiomycota;c__Spizellomycetes;o__Spizellomycetales",4,99.6,"SH0977889.10FU","SH0668113.10FU","SH0165790.10FU","present_in","present_in","present_in",0,0,1,1.69258334159475e-05
"OTU363","k__Fungi","p__Ascomycota","c__Orbiliomycetes","o__Orbiliales",NA,NA,NA,TRUE,"novel_new_SH","UNITE_container",NA,TRUE,"k__Fungi;p__Ascomycota",2,98.6,"195","132","25","new_sh_in","new_sh_in","new_sh_in",0,0,3,0.00065520624386319
"OTU364","k__Fungi","p__Ascomycota","c__Leotiomycetes","o__Helotiales",NA,NA,NA,TRUE,"novel_new_SH","UNITE_container",NA,TRUE,"k__Fungi;p__Ascomycota;c__Leotiomycetes;o__Helotiales",4,83.4,"s907","s591","s68","new_singleton_in","new_singleton_in","new_singleton_in",0,0,1,0.000129257466772997
"OTU365","k__Fungi","p__Ascomycota",NA,NA,NA,NA,NA,TRUE,"novel_new_SH","UNITE_container",NA,TRUE,"k__Fungi",1,96.8,"s898","s582","SH0070485.10FU","new_singleton_in","new_singleton_in","present_in",0,0,1,9.63555661398707e-05
"OTU367","k__Fungi","p__Basidiomycota","c__Tremellomycetes","o__Cystofilobasidiales","f__Mrakiaceae","g__Itersonilia","s__pannonica",FALSE,"placeable_existing_SH","UNITE_container","https://unite.ut.ee/sh/SH0484785.10FU",FALSE,"k__Fungi;p__Basidiomycota;c__Tremellomycetes;o__Cystofilobasidiales;f__Mrakiaceae;g__Itersonilia;s__Itersonilia_pannonica",7,100,"SH0761633.10FU","SH0484785.10FU","SH0021903.10FU","present_in","present_in","present_in",0,0,3,1.37259192350408e-05
"OTU368","k__Fungi","p__Ascomycota","c__Eurotiomycetes","o__Eurotiales","f__Aspergillaceae","g__Penicillium",NA,FALSE,"placeable_existing_SH","UNITE_container","https://unite.ut.ee/sh/SH0635785.10FU",FALSE,"k__Fungi;p__Ascomycota;c__Eurotiomycetes;o__Eurotiales;f__Aspergillaceae;g__Penicillium;s__Penicillium_polonicum",7,100,"SH0939544.10FU","SH0635785.10FU","SH0140458.10FU","present_in","present_in","present_in",1,6.54506123202285e-06,1,1.44774496173786e-05
"OTU369","k__Fungi","p__Basidiomycota","c__Agaricomycetes","o__Agaricales","f__Cortinariaceae","g__Cortinarius","s__pholideus",FALSE,"placeable_existing_SH","UNITE_container","https://unite.ut.ee/sh/SH0675070.10FU",FALSE,"k__Fungi;p__Basidiomycota;c__Agaricomycetes;o__Agaricales;f__Cortinariaceae;g__Cortinarius;s__Cortinarius_pholideus",7,100,"SH0986661.10FU","SH0675070.10FU","SH0171162.10FU","present_in","present_in","present_in",0,0,1,0.00041569261531549
"OTU370","k__Fungi","p__Basidiomycota","c__Exobasidiomycetes","o__Exobasidiales","f__Exobasidiaceae","g__Exobasidium",NA,FALSE,"novel_new_SH","UNITE_container",NA,FALSE,"k__Fungi;p__Basidiomycota;c__Exobasidiomycetes;o__Exobasidiales",4,85.1,"s899","s583","s61","new_singleton_in","new_singleton_in","new_singleton_in",1,0.000250712250712251,0,0
"OTU371","k__Fungi","p__Basidiomycota","c__Microbotryomycetes","o__Microbotryomycetes_ord_Incertae_sedis","f__Microbotryomycetes_fam_Incertae_sedis","g__Curvibasidium",NA,FALSE,"placeable_existing_SH","UNITE_container","https://unite.ut.ee/sh/SH0551386.10FU",FALSE,"k__Fungi;p__Basidiomycota;c__Microbotryomycetes;o__Microbotryomycetes_ord_Incertae_sedis;f__Microbotryomycetes_fam_Incertae_sedis;g__Curvibasidium",6,100,"SH0842489.10FU","SH0551386.10FU","SH0071789.10FU","present_in","present_in","present_in",0,0,2,9.32127202090665e-06
"OTU372","k__Fungi","p__Ascomycota","c__Orbiliomycetes","o__Orbiliales","f__Orbiliaceae","g__Amphosoma",NA,FALSE,"placeable_existing_SH","UNITE_container","https://unite.ut.ee/sh/SH0708150.10FU",FALSE,"k__Fungi;p__Ascomycota;c__Orbiliomycetes;o__Orbiliales;f__Orbiliaceae;g__Amphosoma",6,97.4,"SH1025504.10FU","SH0708150.10FU","SH0196862.10FU","present_in","present_in","present_in",0,0,1,1.85900327680311e-05
"OTU373","k__Fungi","p__Ascomycota","c__Eurotiomycetes","o__Chaetothyriales",NA,NA,NA,TRUE,"placeable_existing_SH","UNITE_container","https://unite.ut.ee/sh/SH0548959.10FU",FALSE,"k__Fungi;p__Ascomycota;c__Eurotiomycetes;o__Chaetothyriales",4,100,"SH0839890.10FU","SH0548959.10FU","SH0069765.10FU","present_in","present_in","present_in",3,0.00128476452849113,3,0.00019569469783423
"OTU374","k__Fungi","p__Basidiomycota","c__Exobasidiomycetes","o__Exobasidiales","f__Brachybasidiaceae","g__Meira",NA,FALSE,"placeable_existing_SH","UNITE_container","https://unite.ut.ee/sh/SH0589200.10FU",FALSE,"k__Fungi;p__Basidiomycota;c__Exobasidiomycetes;o__Exobasidiales;f__Brachybasidiaceae;g__Meira",6,100,"SH0885763.10FU","SH0589200.10FU","SH0102738.10FU","present_in","present_in","present_in",1,6.41248296684212e-05,0,0
"OTU376","k__Fungi","p__Ascomycota","c__Leotiomycetes","o__Helotiales",NA,NA,NA,TRUE,"novel_new_SH","UNITE_container",NA,TRUE,"k__Fungi;p__Ascomycota",2,100,"s900","s584","s62","new_singleton_in","new_singleton_in","new_singleton_in",1,9.19122558580704e-05,0,0
"OTU377","k__Fungi","p__Basidiomycota","c__Agaricomycetes","o__Hymenochaetales","f__Hymenochaetales_fam_Incertae_sedis","g__Skvortzovia","s__furfuracea 1",FALSE,"placeable_existing_SH","UNITE_container","https://unite.ut.ee/sh/SH0625747.10FU",FALSE,"k__Fungi;p__Basidiomycota;c__Agaricomycetes;o__Hymenochaetales",4,100,"SH0927916.10FU","SH0625747.10FU","SH0132262.10FU","present_in","present_in","present_in",1,0.00343741349526436,0,0
"OTU380","k__Fungi","p__Basidiomycota","c__Tremellomycetes","o__Tremellales","f__Tremellaceae","g__Tremella","s__griseola",FALSE,"placeable_existing_SH","PlutoF_live","https://unite.ut.ee/sh/SH0562061.10FU",FALSE,"k__Fungi;p__Basidiomycota;c__Tremellomycetes;o__Tremellales",4,100,"s901","SH0562061.10FU","SH0080416.10FU","new_singleton_in","new_singleton_in","present_in",0,0,2,1.54935509818133e-05
"OTU381","k__Fungi","p__Ascomycota","c__Eurotiomycetes","o__Chaetothyriales",NA,NA,NA,TRUE,"placeable_existing_SH","PlutoF_live","https://unite.ut.ee/sh/SH0659091.10FU",FALSE,"k__Fungi;p__Ascomycota;c__Eurotiomycetes;o__Chaetothyriales;f__Herpotrichiellaceae;g__Cladophialophora",6,100,"s902","SH0659091.10FU","s63","new_singleton_in","new_singleton_in","new_singleton_in",8,0.00277425071776076,2,1.48900429754486e-05
"OTU383","k__Fungi","p__Ascomycota",NA,NA,NA,NA,NA,TRUE,"novel_new_SH","UNITE_container",NA,TRUE,"k__Fungi;p__Ascomycota",2,87.9,"s903","s587","s64","new_singleton_in","new_singleton_in","new_singleton_in",0,0,3,2.18611448947543e-05
"OTU384","k__Fungi","p__Ascomycota","c__Dothideomycetes","o__Mycosphaerellales",NA,NA,NA,TRUE,"novel_new_SH","UNITE_container",NA,TRUE,"k__Fungi;p__Ascomycota;c__Dothideomycetes;o__Mycosphaerellales;f__Teratosphaeriaceae",5,96.6,"s923","s606","SH0158848.10FU","new_singleton_in","new_singleton_in","present_in",3,0.00139392825538059,0,0
"OTU385","k__Fungi","p__Ascomycota","c__Leotiomycetes","o__Helotiales","f__Sclerotiniaceae",NA,NA,TRUE,"novel_new_SH","UNITE_container",NA,FALSE,"k__Fungi;p__Ascomycota;c__Leotiomycetes",3,98.6,"s906","s590","s67","new_singleton_in","new_singleton_in","new_singleton_in",0,0,1,1.05631558393715e-05
"OTU388","k__Fungi","p__Basidiomycota","c__Agaricomycetes","o__Agaricales","f__Strophariaceae","g__Hypholoma","s__capnoides 1",FALSE,"placeable_existing_SH","UNITE_container","https://unite.ut.ee/sh/SH0682372.10FU",FALSE,"k__Fungi;p__Basidiomycota;c__Agaricomycetes;o__Agaricales;f__Strophariaceae;g__Hypholoma;s__Hypholoma_capnoides",7,100,"SH0995032.10FU","SH0682372.10FU","SH0176699.10FU","present_in","present_in","present_in",3,0.000983439524607458,0,0
"OTU389","k__Fungi",NA,NA,NA,NA,NA,NA,TRUE,"no_SH_match","UNITE_container",NA,FALSE,NA,NA,NA,NA,NA,NA,NA,NA,NA,0,0,1,2.5225859181796e-05
"OTU390","k__Fungi","p__Ascomycota","c__Dothideomycetes",NA,NA,NA,NA,TRUE,"novel_new_SH","UNITE_container",NA,TRUE,"k__Fungi;p__Ascomycota;c__Dothideomycetes",3,89,"s908","s592","s69","new_singleton_in","new_singleton_in","new_singleton_in",1,6.11857749752852e-05,0,0
"OTU391","k__Fungi","p__Ascomycota","c__Eurotiomycetes","o__Chaetothyriales","f__Herpotrichiellaceae","g__Cladophialophora",NA,FALSE,"novel_new_SH","UNITE_container",NA,TRUE,"k__Fungi;p__Ascomycota;c__Eurotiomycetes",3,87.9,"s909","s593","s70","new_singleton_in","new_singleton_in","new_singleton_in",0,0,1,3.86065323130095e-05
"OTU392","k__Fungi","p__Ascomycota","c__Candelariomycetes","o__Candelariales","f__Pycnoraceae","g__Pycnora",NA,FALSE,"placeable_existing_SH","UNITE_container","https://unite.ut.ee/sh/SH0567658.10FU",FALSE,"k__Fungi;p__Ascomycota",2,100,"SH0861282.10FU","SH0567658.10FU","SH0084929.10FU","present_in","present_in","present_in",0,0,6,0.0006614177875907
"OTU393","k__Fungi","p__Ascomycota","c__Dothideomycetes",NA,NA,NA,NA,TRUE,"novel_new_SH","UNITE_container",NA,FALSE,"k__Fungi",1,90.9,"s938","s619","s87","new_singleton_in","new_singleton_in","new_singleton_in",1,6.09185881850001e-05,0,0
"OTU394","k__Fungi","p__Basidiomycota","c__Agaricomycetes","o__Thelephorales","f__Thelephoraceae","g__Tomentellopsis",NA,FALSE,"placeable_existing_SH","UNITE_container","https://unite.ut.ee/sh/SH0633524.10FU",FALSE,"k__Fungi;p__Basidiomycota;c__Agaricomycetes;o__Thelephorales;f__Thelephoraceae;g__Tomentellopsis",6,100,"SH0936881.10FU","SH0633524.10FU","SH0138621.10FU","present_in","present_in","present_in",0,0,1,2.48968262359465e-05
"OTU395","k__Fungi","p__Basidiomycota","c__Agaricomycetes","o__Agaricales","f__Mycenaceae","g__Mycena","s__galopus",FALSE,"placeable_existing_SH","UNITE_container","https://unite.ut.ee/sh/SH0474178.10FU",FALSE,"k__Fungi;p__Basidiomycota;c__Agaricomycetes;o__Agaricales;f__Mycenaceae;g__Mycena;s__Mycena_galopus",7,100,"SH0748945.10FU","SH0474178.10FU","SH0013585.10FU","present_in","present_in","present_in",0,0,1,2.48968262359465e-05
"OTU396","k__Fungi","p__Ascomycota","c__Lecanoromycetes","o__Lecanorales","f__Parmeliaceae","g__Melanohalea",NA,FALSE,"placeable_existing_SH","UNITE_container","https://unite.ut.ee/sh/SH0558234.10FU",FALSE,"k__Fungi;p__Ascomycota;c__Lecanoromycetes;o__Lecanorales;f__Parmeliaceae;g__Melanohalea",6,98.6,"SH0851152.10FU","SH0558234.10FU","SH0077514.10FU","present_in","present_in","present_in",2,0.000831097002271649,0,0
"OTU397","k__Fungi","p__Ascomycota",NA,NA,NA,NA,NA,TRUE,"no_SH_match","UNITE_container",NA,FALSE,NA,NA,NA,NA,NA,NA,NA,NA,NA,1,0.000768481825079209,0,0
"OTU399","k__Fungi","p__Ascomycota","c__Lecanoromycetes",NA,NA,NA,NA,TRUE,"novel_new_SH","UNITE_container",NA,TRUE,"k__Fungi;p__Ascomycota;c__Lecanoromycetes;o__Ostropales;f__Spirographaceae;g__Spirographa",6,92.8,"196","133","SH0183860.10FU","new_sh_in","new_sh_in","present_in",1,0.000350049983881419,0,0
"OTU400","k__Fungi","p__Basidiomycota","c__Microbotryomycetes","o__Kriegeriales","f__Kriegeriaceae","g__Phenoliferia","s__psychrophenolica",FALSE,"placeable_existing_SH","UNITE_container","https://unite.ut.ee/sh/SH0705758.10FU",FALSE,"k__Fungi;p__Basidiomycota;c__Microbotryomycetes;o__Kriegeriales;f__Kriegeriaceae;g__Phenoliferia",6,100,"SH1022698.10FU","SH0705758.10FU","SH0194963.10FU","present_in","present_in","present_in",0,0,5,0.000804897540737348
"OTU401","k__Fungi","p__Ascomycota","c__Leotiomycetes","o__Helotiales",NA,NA,NA,TRUE,"novel_new_SH","UNITE_container",NA,TRUE,"k__Fungi;p__Ascomycota",2,100,"170","109","10","new_sh_in","new_sh_in","new_sh_in",0,0,1,9.92845978035345e-06
"OTU403","k__Fungi","p__Ascomycota","c__Dothideomycetes","o__Dothideales","f__Saccotheciaceae","g__Aureobasidium","s__Aureobasidium_pullulans",FALSE,"placeable_existing_SH","UNITE_container","https://unite.ut.ee/sh/SH0624009.10FU",FALSE,"k__Fungi;p__Ascomycota;c__Dothideomycetes;o__Dothideales;f__Saccotheciaceae;g__Aureobasidium;s__Aureobasidium_pullulans",7,100,"SH0925964.10FU","SH0624009.10FU","SH0130703.10FU","present_in","present_in","present_in",0,0,3,2.39470131167614e-05
"OTU404","k__Fungi","p__Ascomycota","c__Eurotiomycetes","o__Phaeomoniellales","f__Celotheliaceae","g__Paraphaeomoniella",NA,FALSE,"placeable_existing_SH","UNITE_container","https://unite.ut.ee/sh/SH0686525.10FU",FALSE,"k__Fungi;p__Ascomycota;c__Eurotiomycetes;o__Phaeomoniellales;f__Celotheliaceae;g__Paraphaeomoniella",6,98.8,"SH0999938.10FU","SH0686525.10FU","SH0179972.10FU","present_in","present_in","present_in",2,0.00224162309729722,0,0
"OTU405","k__Fungi","p__Ascomycota","c__Dothideomycetes","o__Dothideomycetes_ord_Incertae_sedis","f__Dothideomycetes_fam_Incertae_sedis",NA,NA,TRUE,"novel_new_SH","UNITE_container",NA,FALSE,"k__Fungi;p__Ascomycota;c__Dothideomycetes",3,81.2,"s910","s594","s71","new_singleton_in","new_singleton_in","new_singleton_in",0,0,1,2.50690083209522e-05
"OTU406","k__Fungi","p__Ascomycota","c__Dothideomycetes","o__Mycosphaerellales","f__Extremaceae",NA,NA,TRUE,"novel_new_SH","UNITE_container",NA,TRUE,"k__Fungi;p__Ascomycota;c__Dothideomycetes",3,91.9,"s911","s595","s72","new_singleton_in","new_singleton_in","new_singleton_in",1,0.00031223920112809,0,0
"OTU407","k__Fungi","p__Ascomycota","c__Leotiomycetes",NA,NA,NA,NA,TRUE,"novel_new_SH","UNITE_container",NA,TRUE,"k__Fungi",1,100,"s912","s596","s73","new_singleton_in","new_singleton_in","new_singleton_in",0,0,3,0.000711109937163159
"OTU408","k__Fungi","p__Ascomycota","c__Leotiomycetes","o__Helotiales","f__Mollisiaceae","g__Mollisia","s__cinerea",FALSE,"placeable_existing_SH","UNITE_container","https://unite.ut.ee/sh/SH0554497.10FU",FALSE,"k__Fungi;p__Ascomycota;c__Leotiomycetes;o__Helotiales;f__Mollisiaceae;g__Mollisia",6,100,"SH0846105.10FU","SH0554497.10FU","SH0074316.10FU","present_in","present_in","present_in",0,0,1,7.9125249848966e-06
"OTU409","k__Fungi","p__Basidiomycota","c__Tremellomycetes","o__Filobasidiales","f__Piskurozymaceae","g__Solicoccozyma","s__terricola 1",FALSE,"placeable_existing_SH","UNITE_container","https://unite.ut.ee/sh/SH0648046.10FU",FALSE,"k__Fungi;p__Basidiomycota;c__Tremellomycetes;o__Filobasidiales;f__Piskurozymaceae;g__Solicoccozyma",6,100,"198","SH0648046.10FU","SH0150377.10FU","new_sh_in","present_in","present_in",1,6.86960972286696e-06,11,0.000878731012191518
"OTU410","k__Fungi","p__Ascomycota","c__Lecanoromycetes","o__Lecanorales","f__Cladoniaceae","g__Cladonia",NA,FALSE,"novel_new_SH","UNITE_container",NA,FALSE,"k__Fungi;p__Ascomycota;c__Lecanoromycetes;o__Lecanorales;f__Cladoniaceae;g__Cladonia",6,100,"s913","s597","SH0136101.10FU","new_singleton_in","new_singleton_in","present_in",0,0,1,1.65761125514944e-05
"OTU411","k__Fungi","p__Basidiomycota","c__Agaricomycetes","o__Atheliales","f__Atheliaceae","g__Athelia","s__epiphylla",FALSE,"placeable_existing_SH","UNITE_container","https://unite.ut.ee/sh/SH0556936.10FU",FALSE,"k__Fungi;p__Basidiomycota;c__Agaricomycetes;o__Atheliales;f__Atheliaceae;g__Athelia",6,100,"s914","SH0556936.10FU","SH0076178.10FU","new_singleton_in","present_in","present_in",1,3.81664051224566e-05,0,0
"OTU413","k__Fungi","p__Ascomycota","c__Sordariomycetes","o__Diaporthales","f__Cytosporaceae","g__Cytospora",NA,FALSE,"placeable_existing_SH","PlutoF_live","https://unite.ut.ee/sh/SH0478770.10FU",FALSE,"k__Fungi;p__Ascomycota;c__Sordariomycetes;o__Diaporthales;f__Cytosporaceae;g__Cytospora",6,99.5,"s915","SH0478770.10FU","27","new_singleton_in","new_singleton_in","new_sh_in",0,0,1,9.65644718363144e-06
"OTU414","k__Fungi","p__Ascomycota",NA,NA,NA,NA,NA,TRUE,"excluded_nonITS","UNITE_container",NA,FALSE,NA,NA,NA,NA,NA,NA,NA,NA,NA,2,0.00161375525269858,1,8.19018057955847e-08
"OTU415","k__Fungi","p__Ascomycota",NA,NA,NA,NA,NA,TRUE,"no_SH_match","UNITE_container",NA,FALSE,NA,NA,NA,NA,NA,NA,NA,NA,NA,1,3.58574951086259e-05,0,0
"OTU416","k__Fungi","p__Ascomycota",NA,NA,NA,NA,NA,TRUE,"placeable_existing_SH","UNITE_container","https://unite.ut.ee/sh/SH0587305.10FU",FALSE,"k__Fungi;p__Ascomycota",2,98.7,"SH0883657.10FU","SH0587305.10FU","SH0101095.10FU","present_in","present_in","present_in",1,0.000161328126189034,0,0
"OTU417","k__Fungi","p__Ascomycota",NA,NA,NA,NA,NA,TRUE,"novel_new_SH","UNITE_container",NA,TRUE,"k__Fungi;p__Ascomycota",2,83.8,"169","108","9","new_sh_in","new_sh_in","new_sh_in",1,7.97067005969235e-07,1,2.18726066833724e-05
"OTU418","k__Fungi","p__Basidiomycota","c__Agaricomycetes","o__Agaricales","f__Cortinariaceae","g__Cortinarius",NA,FALSE,"placeable_existing_SH","PlutoF_live","https://unite.ut.ee/sh/SH0701850.10FU",FALSE,"k__Fungi;p__Basidiomycota;c__Agaricomycetes;o__Agaricales;f__Cortinariaceae;g__Cortinarius",6,100,"s916","SH0701850.10FU","SH0192155.10FU","new_singleton_in","new_singleton_in","present_in",2,0.00231037307051045,0,0
"OTU419","k__Fungi","p__Ascomycota","c__Leotiomycetes","o__Phacidiales","f__Phacidiaceae",NA,NA,TRUE,"placeable_existing_SH","UNITE_container","https://unite.ut.ee/sh/SH0628700.10FU",FALSE,"k__Fungi;p__Ascomycota;c__Leotiomycetes;o__Phacidiales;f__Phacidiaceae;g__Phacidium",6,100,"SH0931217.10FU","SH0628700.10FU","SH0134790.10FU","present_in","present_in","present_in",1,3.6046910419308e-06,7,0.00991738476024448
"OTU420","k__Fungi","p__Ascomycota","c__Dothideomycetes","o__Venturiales","f__Sympoventuriaceae",NA,NA,TRUE,"placeable_existing_SH","UNITE_container","https://unite.ut.ee/sh/SH0475132.10FU",FALSE,"k__Fungi;p__Ascomycota;c__Dothideomycetes;o__Venturiales;f__Sympoventuriaceae",5,100,"SH0750105.10FU","SH0475132.10FU","SH0014346.10FU","present_in","present_in","present_in",1,6.96561866703451e-05,3,0.000626291381194449
"OTU421","k__Fungi","p__Ascomycota","c__Leotiomycetes","o__Helotiales","f__Ploettnerulaceae","g__Cadophora",NA,FALSE,"novel_new_SH","UNITE_container",NA,TRUE,"k__Fungi;p__Ascomycota",2,91.4,"s918","s601","s75","new_singleton_in","new_singleton_in","new_singleton_in",0,0,2,1.36216724114786e-05
"OTU422","k__Fungi","p__Basidiomycota","c__Exobasidiomycetes","o__Exobasidiales","f__Brachybasidiaceae","g__Meira","s__argovae",FALSE,"placeable_existing_SH","UNITE_container","https://unite.ut.ee/sh/SH0556112.10FU",FALSE,"k__Fungi;p__Basidiomycota;c__Exobasidiomycetes;o__Exobasidiales;f__Brachybasidiaceae;g__Meira;s__Meira_argovae",7,100,"SH0847957.10FU","SH0556112.10FU","SH0075533.10FU","present_in","present_in","present_in",1,5.55748523792984e-05,0,0
"OTU423","k__Fungi","p__Ascomycota","c__Sordariomycetes","o__Hypocreales","f__Hypocreaceae","g__Trichoderma",NA,FALSE,"placeable_existing_SH","UNITE_container","https://unite.ut.ee/sh/SH0708155.10FU",FALSE,"k__Fungi;p__Ascomycota;c__Sordariomycetes;o__Hypocreales;f__Hypocreaceae;g__Trichoderma;s__Trichoderma_viride",7,100,"SH1025555.10FU","SH0708155.10FU","SH0196874.10FU","present_in","present_in","present_in",0,0,1,0.00097196332203946
"OTU425","k__Fungi","p__Ascomycota","c__Dothideomycetes","o__Dothideales","f__Dothideales_fam_Incertae_sedis","g__Dothideales_gen_Incertae_sedis",NA,FALSE,"placeable_existing_SH","UNITE_container","https://unite.ut.ee/sh/SH0615015.10FU",FALSE,"k__Fungi;p__Ascomycota;c__Dothideomycetes;o__Dothideales",4,98.8,"SH0915555.10FU","SH0615015.10FU","SH0123707.10FU","present_in","present_in","present_in",1,0.00123797790477122,0,0
"OTU426","k__Fungi","p__Basidiomycota","c__Agaricomycetes","o__Agaricales","f__Clavariaceae","g__Clavulinopsis",NA,FALSE,"placeable_existing_SH","PlutoF_live","https://unite.ut.ee/sh/SH0529038.10FU",FALSE,"k__Fungi;p__Basidiomycota;c__Agaricomycetes;o__Agaricales;f__Clavariaceae;g__Clavulinopsis",6,100,"s919","SH0529038.10FU","s76","new_singleton_in","new_singleton_in","new_singleton_in",0,0,1,1.28166574032452e-05
"OTU427","k__Fungi","p__Ascomycota","c__Dothideomycetes","o__Mycosphaerellales","f__Teratosphaeriaceae","g__Lapidomyces",NA,FALSE,"placeable_existing_SH","UNITE_container","https://unite.ut.ee/sh/SH0551878.10FU",FALSE,"k__Fungi;p__Ascomycota;c__Dothideomycetes;o__Mycosphaerellales;f__Teratosphaeriaceae;g__Lapidomyces",6,100,"SH0843008.10FU","SH0551878.10FU","SH0072125.10FU","present_in","present_in","present_in",0,0,3,1.13343002237782e-05
"OTU428","k__Fungi","p__Basidiomycota","c__Agaricomycetes","o__Agaricales","f__Cortinariaceae","g__Cortinarius",NA,FALSE,"placeable_existing_SH","UNITE_container","https://unite.ut.ee/sh/SH0701850.10FU",FALSE,"k__Fungi;p__Basidiomycota;c__Agaricomycetes;o__Agaricales;f__Cortinariaceae;g__Cortinarius;s__Cortinarius_croceus",7,100,"SH1018504.10FU","SH0701850.10FU","SH0192155.10FU","present_in","present_in","present_in",0,0,1,1.26916168432135e-05
"OTU429","k__Fungi","p__Ascomycota","c__Eurotiomycetes","o__Chaetothyriales","f__Herpotrichiellaceae","g__Cladophialophora",NA,FALSE,"novel_new_SH","UNITE_container",NA,TRUE,"k__Fungi;p__Ascomycota;c__Eurotiomycetes",3,98.7,"s920","s603","s77","new_singleton_in","new_singleton_in","new_singleton_in",1,0.000165974054969427,3,0.000297472289149123
"OTU430","k__Fungi","p__Ascomycota","c__Dothideomycetes","o__Pleosporales","f__Sporormiaceae","g__Sporormiella","s__leporina 2",FALSE,"novel_new_SH","UNITE_container",NA,TRUE,"k__Fungi;p__Ascomycota;c__Dothideomycetes",3,100,"182","119","15","new_sh_in","new_sh_in","new_sh_in",2,0.00112449600877576,4,0.00010490147954325
"OTU431","k__Fungi","p__Ascomycota","c__Leotiomycetes","o__Helotiales","f__Hyaloscyphaceae",NA,NA,TRUE,"placeable_existing_SH","PlutoF_live","https://unite.ut.ee/sh/SH0551493.10FU",FALSE,"k__Fungi;p__Ascomycota;c__Leotiomycetes;o__Helotiales;f__Hyaloscyphaceae",5,99,"s921","SH0551493.10FU","s78","new_singleton_in","new_singleton_in","new_singleton_in",0,0,5,0.000641199437894347
"OTU433","k__Fungi","p__Basidiomycota","c__Agaricomycetes","o__Cantharellales","f__Ceratobasidiaceae","g__Ceratobasidium",NA,FALSE,"placeable_existing_SH","UNITE_container","https://unite.ut.ee/sh/SH0675934.10FU",FALSE,"k__Fungi;p__Basidiomycota;c__Agaricomycetes;o__Cantharellales;f__Ceratobasidiaceae;g__Ceratobasidium",6,100,"SH0987451.10FU","SH0675934.10FU","SH0171748.10FU","present_in","present_in","present_in",0,0,1,1.23164951631185e-05
"OTU434","k__Fungi",NA,NA,NA,NA,NA,NA,TRUE,"no_SH_match","UNITE_container",NA,FALSE,NA,NA,NA,NA,NA,NA,NA,NA,NA,0,0,1,2.16064967774513e-05
"OTU436","k__Fungi","p__Ascomycota",NA,NA,NA,NA,NA,TRUE,"novel_new_SH","UNITE_container",NA,FALSE,"k__Fungi;p__Ascomycota",2,84,"s922","s605","s79","new_singleton_in","new_singleton_in","new_singleton_in",0,0,1,1.20664140430552e-05
"OTU437","k__Fungi","p__Ascomycota","c__Dothideomycetes","o__Phaeothecales","f__Phaeothecaceae","g__Phaeotheca",NA,FALSE,"placeable_existing_SH","UNITE_container","https://unite.ut.ee/sh/SH0691263.10FU",FALSE,"k__Fungi;p__Ascomycota;c__Dothideomycetes;o__Phaeothecales;f__Phaeothecaceae;g__Phaeotheca",6,100,"SH1005585.10FU","SH0691263.10FU","SH0183705.10FU","present_in","present_in","present_in",1,0.000277705833261389,0,0
"OTU439","k__Fungi","p__Ascomycota","c__Leotiomycetes",NA,NA,NA,NA,TRUE,"excluded_nonITS","UNITE_container",NA,FALSE,NA,NA,NA,NA,NA,NA,NA,NA,NA,1,0.000781831546063917,0,0
"OTU440","k__Fungi","p__Basidiomycota","c__Agaricomycetes","o__Boletales",NA,NA,NA,TRUE,"novel_new_SH","UNITE_container",NA,FALSE,"k__Fungi;p__Basidiomycota;c__Agaricomycetes;o__Boletales",4,82.1,"s926","s609","s81","new_singleton_in","new_singleton_in","new_singleton_in",0,0,1,1.47945677445581e-05
"OTU441","k__Fungi","p__Ascomycota","c__Dothideomycetes","o__Venturiales","f__Venturiaceae","g__Venturia",NA,FALSE,"placeable_existing_SH","UNITE_container","https://unite.ut.ee/sh/SH0676380.10FU",FALSE,"k__Fungi;p__Ascomycota;c__Dothideomycetes;o__Venturiales;f__Venturiaceae;g__Fagicola",6,100,"168","SH0676380.10FU","SH0171985.10FU","new_sh_in","present_in","present_in",0,0,6,0.0144833834154899
"OTU442","k__Fungi","p__Ascomycota","c__Sordariomycetes","o__Xylariales","f__Diatrypaceae",NA,NA,TRUE,"novel_new_SH","UNITE_container",NA,TRUE,"k__Fungi;p__Ascomycota;c__Sordariomycetes;o__Xylariales;f__Diatrypaceae",5,97.9,"180","117","SH0150984.10FU","new_sh_in","new_sh_in","present_in",0,0,1,1.46396508048245e-05
"OTU444","k__Fungi","p__Ascomycota","c__Eurotiomycetes","o__Eurotiales","f__Aspergillaceae","g__Penicillium",NA,FALSE,"placeable_existing_SH","UNITE_container","https://unite.ut.ee/sh/SH0635785.10FU",FALSE,"k__Fungi;p__Ascomycota;c__Eurotiomycetes;o__Eurotiales;f__Aspergillaceae;g__Penicillium",6,100,"SH0939544.10FU","SH0635785.10FU","SH0140458.10FU","present_in","present_in","present_in",0,0,1,7.69876974478496e-06
"OTU445","k__Fungi","p__Ascomycota","c__Leotiomycetes","o__Helotiales",NA,NA,NA,TRUE,"placeable_existing_SH","UNITE_container","https://unite.ut.ee/sh/SH0696931.10FU",FALSE,"k__Fungi;p__Ascomycota;c__Leotiomycetes;o__Helotiales",4,100,"SH1011920.10FU","SH0696931.10FU","SH0188235.10FU","present_in","present_in","present_in",3,0.00147837103274547,3,0.000210339092847894
"OTU447","k__Fungi","p__Ascomycota","c__Lecanoromycetes","o__Lecanorales","f__Lecanoraceae","g__Lecanora","s__pulicaris",FALSE,"novel_new_SH","UNITE_container",NA,TRUE,"k__Fungi;p__Ascomycota;c__Lecanoromycetes;o__Lecanorales;f__Lecanoraceae;g__Lecanora",6,100,"s925","s608","SH0130480.10FU","new_singleton_in","new_singleton_in","present_in",1,0.000589046315607334,0,0
"OTU448","k__Fungi","p__Basidiomycota","c__Agaricomycetes","o__Agaricales","f__Cortinariaceae","g__Cortinarius",NA,FALSE,"placeable_existing_SH","PlutoF_live","https://unite.ut.ee/sh/SH0675298.10FU",FALSE,"k__Fungi;p__Basidiomycota;c__Agaricomycetes;o__Agaricales;f__Cortinariaceae;g__Cortinarius;s__Cortinarius_substriatus",7,100,"s928","SH0675298.10FU","SH0171035.10FU","new_singleton_in","new_singleton_in","present_in",1,0.000315116981783648,0,0
"OTU449","k__Fungi","p__Basidiomycota","c__Tremellomycetes",NA,NA,NA,NA,TRUE,"novel_new_SH","UNITE_container",NA,FALSE,"k__Fungi;p__Basidiomycota;c__Tremellomycetes;o__Tremellales",4,93,"s927","135","28","new_singleton_in","new_sh_in","new_sh_in",0,0,2,0.00203281461586862
"OTU450","k__Fungi","p__Ascomycota","c__Dothideomycetes","o__Venturiales","f__Venturiaceae",NA,NA,TRUE,"placeable_existing_SH","UNITE_container","https://unite.ut.ee/sh/SH0676380.10FU",FALSE,"k__Fungi;p__Ascomycota;c__Dothideomycetes;o__Venturiales;f__Venturiaceae;g__Fagicola",6,100,"168","SH0676380.10FU","SH0171985.10FU","new_sh_in","present_in","present_in",0,0,2,0.000293231589008443
"OTU451","k__Fungi","p__Ascomycota",NA,NA,NA,NA,NA,TRUE,"no_SH_match","UNITE_container",NA,FALSE,NA,NA,NA,NA,NA,NA,NA,NA,NA,1,2.06926906785716e-05,0,0
"OTU452","k__Fungi","p__Ascomycota","c__Dothideomycetes",NA,NA,NA,NA,TRUE,"placeable_existing_SH","UNITE_container","https://unite.ut.ee/sh/SH0596198.10FU",FALSE,"k__Fungi;p__Ascomycota;c__Dothideomycetes;o__Myriangiales",4,98.8,"SH0893841.10FU","SH0596198.10FU","SH0108378.10FU","present_in","present_in","present_in",2,0.000940746796028238,1,4.43994037160081e-07
"OTU454","k__Fungi","p__Basidiomycota","c__Cystobasidiomycetes","o__Cystobasidiomycetes_ord_Incertae_sedis","f__Symmetrosporaceae","g__Symmetrospora",NA,FALSE,"novel_new_SH","UNITE_container",NA,FALSE,"k__Fungi;p__Basidiomycota;c__Cystobasidiomycetes",3,94.7,"s929","s611","SH0157339.10FU","new_singleton_in","new_singleton_in","present_in",1,0.00025756136867248,0,0
"OTU456","k__Fungi","p__Ascomycota","c__Leotiomycetes","o__Helotiales",NA,NA,NA,TRUE,"novel_new_SH","UNITE_container",NA,TRUE,"k__Fungi;p__Ascomycota",2,98.7,"199","136","29","new_sh_in","new_sh_in","new_sh_in",0,0,2,1.11688932376555e-05
"OTU457","k__Fungi","p__Ascomycota","c__Eurotiomycetes","o__Eurotiales","f__Aspergillaceae","g__Penicillium",NA,FALSE,"placeable_existing_SH","UNITE_container","https://unite.ut.ee/sh/SH0635785.10FU",FALSE,"k__Fungi;p__Ascomycota;c__Eurotiomycetes;o__Eurotiales;f__Aspergillaceae;g__Penicillium;s__Penicillium_polonicum",7,100,"SH0939544.10FU","SH0635785.10FU","SH0140458.10FU","present_in","present_in","present_in",5,0.00317770654956455,1,4.49678359327667e-06
"OTU459","k__Fungi","p__Ascomycota","c__Dothideomycetes","o__Mycosphaerellales","f__Teratosphaeriaceae",NA,NA,TRUE,"novel_new_SH","UNITE_container",NA,TRUE,"k__Fungi;p__Ascomycota;c__Dothideomycetes",3,90.3,"s930","s612","s82","new_singleton_in","new_singleton_in","new_singleton_in",1,4.72920618804606e-05,0,0
"OTU460","k__Fungi","p__Ascomycota","c__Dothideomycetes","o__Venturiales","f__Cylindrosympodiaceae","g__Sympodiella",NA,FALSE,"novel_new_SH","UNITE_container",NA,TRUE,"k__Fungi;p__Ascomycota;c__Dothideomycetes;o__Venturiales",4,88.4,"s932","s614","s84","new_singleton_in","new_singleton_in","new_singleton_in",0,0,1,2.35081019665938e-06
"OTU461","k__Fungi","p__Basidiomycota","c__Microbotryomycetes","o__Leucosporidiales","f__Leucosporidiaceae","g__Mastigobasidium",NA,FALSE,"placeable_existing_SH","UNITE_container","https://unite.ut.ee/sh/SH0705762.10FU",FALSE,"k__Fungi;p__Basidiomycota;c__Microbotryomycetes",3,100,"SH1022632.10FU","SH0705762.10FU","SH0194991.10FU","present_in","present_in","present_in",1,4.2482699655329e-05,1,8.49165553316274e-06
"OTU462","k__Fungi","p__Ascomycota","c__Dothideomycetes","o__Capnodiales","f__Capnodiales_fam_Incertae_sedis","g__Capnodiales_gen_Incertae_sedis",NA,FALSE,"novel_new_SH","UNITE_container",NA,TRUE,"k__Fungi;p__Ascomycota;c__Dothideomycetes;o__Capnodiales",4,100,"s933","s615","SH0180432.10FU","new_singleton_in","new_singleton_in","present_in",0,0,1,1.90839108592717e-05
"OTU465","k__Fungi","p__Ascomycota","c__Sordariomycetes","o__Amphisphaeriales",NA,NA,NA,TRUE,"placeable_existing_SH","UNITE_container","https://unite.ut.ee/sh/SH0692766.10FU",FALSE,"k__Fungi;p__Ascomycota;c__Sordariomycetes;o__Amphisphaeriales",4,98.7,"SH1007283.10FU","SH0692766.10FU","SH0184950.10FU","present_in","present_in","present_in",0,0,1,0.00329136513119241
"OTU466","k__Fungi",NA,NA,NA,NA,NA,NA,TRUE,"no_SH_match","UNITE_container",NA,FALSE,NA,NA,NA,NA,NA,NA,NA,NA,NA,0,0,1,1.88645555620387e-05
"OTU467","k__Fungi","p__Ascomycota","c__Saccharomycetes","o__Saccharomycetales","f__Debaryomycetaceae","g__Debaryomyces","s__prosopidis 1",FALSE,"placeable_existing_SH","UNITE_container","https://unite.ut.ee/sh/SH0590389.10FU",FALSE,"k__Fungi;p__Ascomycota;c__Pichiomycetes;o__Serinales;f__Debaryomycetaceae;g__Debaryomyces",6,99,"SH0887078.10FU","SH0590389.10FU","SH0103659.10FU","present_in","present_in","present_in",1,4.59561279290352e-05,0,0
"OTU468","k__Fungi","p__Basidiomycota","c__Agaricomycetes","o__Agaricales","f__Psathyrellaceae","g__Psathyrella","s__trivialis",FALSE,"placeable_existing_SH","UNITE_container","https://unite.ut.ee/sh/SH0658014.10FU",FALSE,"k__Fungi;p__Basidiomycota;c__Agaricomycetes;o__Agaricales;f__Psathyrellaceae;g__Psathyrella;s__Psathyrella_trivialis",7,99,"SH0965809.10FU","SH0658014.10FU","SH0158084.10FU","present_in","present_in","present_in",1,0.00110436634600203,0,0
"OTU469","k__Fungi","p__Ascomycota","c__Lecanoromycetes","o__Lecanoromycetes_ord_Incertae_sedis","f__Micropeltidaceae","g__Micropeltidaceae_gen_Incertae_sedis",NA,FALSE,"placeable_existing_SH","UNITE_container","https://unite.ut.ee/sh/SH0726897.10FU",FALSE,"k__Fungi;p__Ascomycota;c__Lecanoromycetes",3,100,"SH1044444.10FU","SH0726897.10FU","SH0215423.10FU","present_in","present_in","present_in",0,0,1,1.06284476026911e-05
"OTU470","k__Fungi","p__Ascomycota","c__Dothideomycetes","o__Dothideales","f__Saccotheciaceae","g__Kabatiella",NA,FALSE,"placeable_existing_SH","UNITE_container","https://unite.ut.ee/sh/SH0615008.10FU",FALSE,"k__Fungi;p__Ascomycota;c__Dothideomycetes",3,98.8,"SH0915561.10FU","SH0615008.10FU","SH0123712.10FU","present_in","present_in","present_in",1,0.00087160054143133,0,0
"OTU471","k__Fungi","p__Basidiomycota","c__Tremellomycetes","o__Filobasidiales","f__Filobasidiaceae","g__Naganishia",NA,FALSE,"placeable_existing_SH","UNITE_container","https://unite.ut.ee/sh/SH0657819.10FU",FALSE,"k__Fungi;p__Basidiomycota;c__Tremellomycetes;o__Filobasidiales;f__Filobasidiaceae;g__Naganishia;s__Naganishia_albida",7,100,"SH0965573.10FU","SH0657819.10FU","SH0157913.10FU","present_in","present_in","present_in",2,0.00165020835591795,1,2.0913786864035e-06
"OTU472","k__Fungi","p__Ascomycota","c__Lecanoromycetes","o__Peltigerales",NA,NA,NA,TRUE,"novel_new_SH","UNITE_container",NA,FALSE,"k__Fungi;p__Ascomycota;c__Lecanoromycetes;o__Peltigerales",4,85.2,"s957","s638","s101","new_singleton_in","new_singleton_in","new_singleton_in",1,0.000174048174048174,0,0
"OTU473","k__Fungi","p__Ascomycota","c__Dothideomycetes","o__Botryosphaeriales",NA,NA,NA,TRUE,"novel_new_SH","UNITE_container",NA,FALSE,"k__Fungi;p__Ascomycota;c__Dothideomycetes;o__Botryosphaeriales",4,80,"s936","s618","s86","new_singleton_in","new_singleton_in","new_singleton_in",3,0.00115056268035487,0,0
"OTU475","k__Fungi","p__Ascomycota","c__Leotiomycetes",NA,NA,NA,NA,TRUE,"novel_new_SH","UNITE_container",NA,TRUE,"k__Fungi;p__Ascomycota",2,100,"s934","s616","1","new_singleton_in","new_singleton_in","new_sh_in",0,0,4,1.2026203712207e-05
"OTU478","k__Fungi","p__Ascomycota","c__Leotiomycetes",NA,NA,NA,NA,TRUE,"novel_new_SH","UNITE_container",NA,TRUE,"k__Fungi;p__Ascomycota",2,90.1,"s935","s617","s85","new_singleton_in","new_singleton_in","new_singleton_in",0,0,3,0.000461943157544199
"OTU479","k__Fungi","p__Ascomycota","c__Orbiliomycetes","o__Orbiliales","f__Orbiliaceae","g__Retiarius","s__revayae 1",FALSE,"placeable_existing_SH","UNITE_container","https://unite.ut.ee/sh/SH0475573.10FU",FALSE,"k__Fungi;p__Ascomycota;c__Lecanoromycetes",3,100,"SH0750560.10FU","SH0475573.10FU","SH0014715.10FU","present_in","present_in","present_in",1,0.000379867046533713,0,0
"OTU480","k__Fungi","p__Mortierellomycota","c__Mortierellomycetes","o__Mortierellales","f__Mortierellaceae","g__Podila","s__humilis 1",FALSE,"placeable_existing_SH","UNITE_container","https://unite.ut.ee/sh/SH0583673.10FU",FALSE,"k__Fungi;p__Mortierellomycota;c__Mortierellomycetes;o__Mortierellales;f__Mortierellaceae;g__Podila;s__Podila_humilis",7,100,"SH0879619.10FU","SH0583673.10FU","SH0097986.10FU","present_in","present_in","present_in",0,0,1,9.94072452251699e-06
"OTU481","k__Fungi","p__Ascomycota","c__Lecanoromycetes",NA,NA,NA,NA,TRUE,"novel_new_SH","UNITE_container",NA,TRUE,"k__Fungi;p__Ascomycota;c__Lecanoromycetes",3,88,"200","137","30","new_sh_in","new_sh_in","new_sh_in",1,0.00081709775668314,0,0
"OTU482","k__Fungi",NA,NA,NA,NA,NA,NA,TRUE,"placeable_existing_SH","UNITE_container","https://unite.ut.ee/sh/SH0566539.10FU",FALSE,"k__Fungi",1,100,"SH0859972.10FU","SH0566539.10FU","SH0084044.10FU","present_in","present_in","present_in",0,0,1,1.73290684814077e-05
"OTU483","k__Fungi","p__Ascomycota","c__Dothideomycetes","o__Venturiales","f__Venturiaceae",NA,NA,TRUE,"placeable_existing_SH","UNITE_container","https://unite.ut.ee/sh/SH0676380.10FU",FALSE,"k__Fungi;p__Ascomycota;c__Dothideomycetes;o__Venturiales;f__Venturiaceae;g__Fagicola",6,100,"168","SH0676380.10FU","SH0171985.10FU","new_sh_in","present_in","present_in",3,0.00164896478077005,7,0.0328012852091362
"OTU484","k__Fungi","p__Ascomycota",NA,NA,NA,NA,NA,TRUE,"no_SH_match","UNITE_container",NA,FALSE,NA,NA,NA,NA,NA,NA,NA,NA,NA,1,0.00051428274478025,0,0
"OTU486","k__Fungi","p__Ascomycota","c__Leotiomycetes","o__Rhytismatales","f__Rhytismataceae",NA,NA,TRUE,"placeable_existing_SH","PlutoF_live","https://unite.ut.ee/sh/SH0669835.10FU",FALSE,"k__Fungi;p__Ascomycota;c__Leotiomycetes;o__Rhytismatales;f__Rhytismataceae;g__Lophodermium",6,100,"201","SH0669835.10FU","SH0167003.10FU","new_sh_in","new_sh_in","present_in",0,0,3,9.05233491270821e-06
"OTU487","k__Fungi","p__Ascomycota","c__Eurotiomycetes","o__Chaetothyriales","f__Chaetothyriaceae",NA,NA,TRUE,"novel_new_SH","UNITE_container",NA,FALSE,"k__Fungi;p__Ascomycota;c__Eurotiomycetes",3,91.3,"s937","139","31","new_singleton_in","new_sh_in","new_sh_in",1,0.000223028000805779,0,0
"OTU488","k__Fungi","p__Basidiomycota","c__Tremellomycetes","o__Filobasidiales","f__Piskurozymaceae","g__Piskurozyma","s__arborea 1",FALSE,"placeable_existing_SH","UNITE_container","https://unite.ut.ee/sh/SH0482743.10FU",FALSE,"k__Fungi;p__Basidiomycota;c__Tremellomycetes;o__Filobasidiales;f__Piskurozymaceae;g__Piskurozyma",6,99.1,"SH0759265.10FU","SH0482743.10FU","SH0020240.10FU","present_in","present_in","present_in",0,0,2,9.32867245611362e-06
"OTU489","k__Fungi","p__Basidiomycota","c__Tremellomycetes","o__Filobasidiales","f__Piskurozymaceae","g__Piskurozyma","s__arborea 2",FALSE,"placeable_existing_SH","UNITE_container","https://unite.ut.ee/sh/SH0482743.10FU",FALSE,"k__Fungi;p__Basidiomycota;c__Tremellomycetes;o__Filobasidiales;f__Piskurozymaceae;g__Piskurozyma",6,100,"SH0759265.10FU","SH0482743.10FU","SH0020240.10FU","present_in","present_in","present_in",0,0,2,3.24679971542115e-05
"OTU491","k__Fungi","p__Basidiomycota","c__Agaricomycetes","o__Agaricales","f__Pleurotaceae","g__Pleurotus",NA,FALSE,"placeable_existing_SH","UNITE_container","https://unite.ut.ee/sh/SH0534512.10FU",FALSE,"k__Fungi;p__Basidiomycota;c__Agaricomycetes;o__Agaricales;f__Pleurotaceae;g__Pleurotus;s__Pleurotus_ostreatus",7,100,"SH0822656.10FU","SH0534512.10FU","SH0058424.10FU","present_in","present_in","present_in",0,0,1,9.50308256240618e-06
"OTU492","k__Fungi",NA,NA,NA,NA,NA,NA,TRUE,"no_SH_match","UNITE_container",NA,FALSE,NA,NA,NA,NA,NA,NA,NA,NA,NA,2,1.53095079686274e-05,0,0
"OTU494","k__Fungi","p__Basidiomycota","c__Agaricomycetes","o__Russulales","f__Russulaceae","g__Russula","s__fragilis",FALSE,"placeable_existing_SH","UNITE_container","https://unite.ut.ee/sh/SH0650535.10FU",FALSE,"k__Fungi;p__Basidiomycota;c__Agaricomycetes;o__Russulales;f__Russulaceae;g__Russula;s__Russula_betularum",7,100,"SH0956252.10FU","SH0650535.10FU","SH0152335.10FU","present_in","present_in","present_in",0,0,1,1.64516472924756e-05
"OTU495","k__Fungi","p__Ascomycota","c__Eurotiomycetes","o__Chaetothyriales",NA,NA,NA,TRUE,"novel_new_SH","UNITE_container",NA,TRUE,"k__Fungi;p__Ascomycota;c__Dothideomycetes",3,94.4,"s939","s620","s88","new_singleton_in","new_singleton_in","new_singleton_in",0,0,1,3.10387745584707e-05
"OTU499","k__Fungi","p__Basidiomycota","c__Tremellomycetes","o__Cystofilobasidiales","f__Mrakiaceae","g__Mrakia",NA,FALSE,"placeable_existing_SH","UNITE_container","https://unite.ut.ee/sh/SH0651934.10FU",FALSE,"k__Fungi;p__Basidiomycota;c__Tremellomycetes;o__Cystofilobasidiales;f__Mrakiaceae;g__Mrakia;s__Mrakia_robertii",7,100,"SH0958535.10FU","SH0651934.10FU","SH0153435.10FU","present_in","present_in","present_in",1,6.17201485558554e-05,0,0
"OTU501","k__Fungi","p__Ascomycota",NA,NA,NA,NA,NA,TRUE,"no_SH_match","UNITE_container",NA,FALSE,NA,NA,NA,NA,NA,NA,NA,NA,NA,1,0.000239336500607296,0,0
"OTU502","k__Fungi","p__Ascomycota","c__Lecanoromycetes","o__Lecanorales","f__Parmeliaceae","g__Parmelia",NA,FALSE,"placeable_existing_SH","UNITE_container","https://unite.ut.ee/sh/SH0558150.10FU",FALSE,"k__Fungi;p__Ascomycota;c__Lecanoromycetes;o__Lecanorales;f__Parmeliaceae;g__Parmelia;s__Parmelia_sulcata",7,100,"SH0850685.10FU","SH0558150.10FU","SH0077531.10FU","present_in","present_in","present_in",2,0.00161762474995291,3,0.000195862712862693
"OTU504","k__Fungi","p__Ascomycota","c__Dothideomycetes","o__Mycosphaerellales","f__Mycosphaerellaceae","g__Sphaerulina","s__westendorpii",FALSE,"placeable_existing_SH","UNITE_container","https://unite.ut.ee/sh/SH0663512.10FU",FALSE,"k__Fungi;p__Ascomycota;c__Dothideomycetes;o__Mycosphaerellales;f__Mycosphaerellaceae;g__Cercospora",6,100,"SH0972143.10FU","SH0663512.10FU","SH0162066.10FU","present_in","present_in","present_in",0,0,1,7.32764662055331e-06
"OTU505","k__Fungi","p__Ascomycota","c__Sordariomycetes","o__Diaporthales","f__Cytosporaceae","g__Cytospora",NA,FALSE,"placeable_existing_SH","PlutoF_live","https://unite.ut.ee/sh/SH0478436.10FU",FALSE,"k__Fungi;p__Ascomycota;c__Sordariomycetes;o__Diaporthales;f__Cytosporaceae;g__Cytospora;s__Cytospora_vinacea",7,100,"s943","SH0478436.10FU","s92","new_singleton_in","new_singleton_in","new_singleton_in",0,0,1,1.59032590493931e-05
"OTU506","k__Fungi","p__Ascomycota","c__Dothideomycetes","o__Capnodiales","f__Aeminiaceae","g__Aeminium","s__ludgeri",FALSE,"novel_new_SH","UNITE_container",NA,TRUE,"k__Fungi;p__Ascomycota;c__Dothideomycetes",3,100,"s941","s622","s90","new_singleton_in","new_singleton_in","new_singleton_in",1,3.87420845913378e-05,0,0
"OTU509","k__Fungi","p__Basidiomycota","c__Tremellomycetes","o__Tremellales","f__Cryptococcaceae","g__Teunia",NA,FALSE,"novel_new_SH","UNITE_container",NA,FALSE,"k__Fungi;p__Basidiomycota;c__Tremellomycetes",3,91.2,"s942","s623","s91","new_singleton_in","new_singleton_in","new_singleton_in",2,0.000102500026365327,3,2.37157517487482e-06
"OTU512","k__Fungi","p__Ascomycota","c__Dothideomycetes",NA,NA,NA,NA,TRUE,"placeable_existing_SH","UNITE_container","https://unite.ut.ee/sh/SH0672845.10FU",FALSE,"k__Fungi;p__Ascomycota;c__Dothideomycetes",3,100,"SH0983473.10FU","SH0672845.10FU","SH0169274.10FU","present_in","present_in","present_in",1,3.79405242204825e-05,0,0
"OTU513","k__Fungi","p__Ascomycota","c__Saccharomycetes","o__Saccharomycetales","f__Saccharomycetales_fam_Incertae_sedis","g__Candida","s__parapsilosis 3",FALSE,"placeable_existing_SH","UNITE_container","https://unite.ut.ee/sh/SH0591952.10FU",FALSE,"k__Fungi;p__Ascomycota;c__Saccharomycetes;o__Saccharomycetales",4,100,"174","SH0591952.10FU","SH0104971.10FU","new_sh_in","present_in","present_in",3,4.98322943133721e-05,0,0
"OTU514","k__Fungi","p__Ascomycota","c__Dothideomycetes","o__Venturiales","f__Venturiaceae","g__Venturia",NA,FALSE,"novel_new_SH","UNITE_container",NA,TRUE,"k__Fungi;p__Ascomycota;c__Dothideomycetes;o__Venturiales;f__Venturiaceae;g__Fagicola",6,100,"179","116","SH0171985.10FU","new_sh_in","new_sh_in","present_in",0,0,2,0.000875955137330997
"OTU515","k__Fungi","p__Basidiomycota","c__Tremellomycetes","o__Filobasidiales","f__Piskurozymaceae","g__Solicoccozyma","s__terricola 2",FALSE,"placeable_existing_SH","UNITE_container","https://unite.ut.ee/sh/SH0648046.10FU",FALSE,"k__Fungi;p__Basidiomycota;c__Tremellomycetes;o__Filobasidiales;f__Piskurozymaceae;g__Solicoccozyma",6,99.1,"198","SH0648046.10FU","SH0150377.10FU","new_sh_in","present_in","present_in",0,0,2,3.20631798679309e-05
"OTU516","k__Fungi","p__Ascomycota","c__Taphrinomycetes","o__Taphrinales","f__Taphrinaceae","g__Taphrina","s__betulina 1",FALSE,"placeable_existing_SH","UNITE_container","https://unite.ut.ee/sh/SH0534174.10FU",FALSE,"k__Fungi;p__Ascomycota;c__Taphrinomycetes;o__Taphrinales;f__Taphrinaceae;g__Taphrina;s__Taphrina_betulina",7,99,"SH0822284.10FU","SH0534174.10FU","SH0058153.10FU","present_in","present_in","present_in",1,3.76733374301975e-05,0,0
"OTU517","k__Fungi","p__Basidiomycota","c__Agaricomycetes","o__Sebacinales",NA,NA,NA,TRUE,"novel_new_SH","UNITE_container",NA,FALSE,"k__Fungi;p__Basidiomycota;c__Agaricomycetes;o__Sebacinales",4,91.9,"202","140","32","new_sh_in","new_sh_in","new_sh_in",0,0,1,8.75283920221622e-06
"OTU518","k__Fungi","p__Ascomycota","c__Leotiomycetes","o__Helotiales","f__Helotiaceae","g__Helotium",NA,FALSE,"novel_new_SH","UNITE_container",NA,TRUE,"k__Fungi;p__Ascomycota",2,87.3,"s945","s626","s94","new_singleton_in","new_singleton_in","new_singleton_in",0,0,1,7.55364436363244e-06
"OTU519","k__Fungi","p__Basidiomycota","c__Microbotryomycetes","o__Microbotryomycetes_ord_Incertae_sedis","f__Microbotryomycetes_fam_Incertae_sedis","g__Yunzhangia",NA,FALSE,"placeable_existing_SH","PlutoF_live","https://unite.ut.ee/sh/SH0625532.10FU",FALSE,"k__Fungi;p__Basidiomycota;c__Microbotryomycetes",3,96.5,"203","SH0625532.10FU","SH0132080.10FU","new_sh_in","new_sh_in","present_in",0,0,5,1.52368343361367e-05
"OTU520","k__Fungi","p__Ascomycota","c__Dothideomycetes",NA,NA,NA,NA,TRUE,"novel_new_SH","UNITE_container",NA,FALSE,"k__Fungi;p__Ascomycota;c__Dothideomycetes",3,82.2,"173","111","11","new_sh_in","new_sh_in","new_sh_in",1,0.000379354224863608,0,0
"OTU521","k__Fungi","p__Mortierellomycota","c__Mortierellomycetes","o__Mortierellales","f__Mortierellaceae","g__Mortierella",NA,FALSE,"placeable_existing_SH","PlutoF_live","https://unite.ut.ee/sh/SH0703079.10FU",FALSE,"k__Fungi;p__Mortierellomycota;c__Mortierellomycetes;o__Mortierellales;f__Mortierellaceae;g__Mortierella",6,100,"s946","SH0703079.10FU","SH0192884.10FU","new_singleton_in","new_singleton_in","present_in",0,0,1,9.33607478101867e-06
"OTU522","k__Fungi","p__Ascomycota","c__Dothideomycetes","o__Phaeothecales","f__Phaeothecaceae","g__Phaeotheca",NA,FALSE,"novel_new_SH","UNITE_container",NA,TRUE,"k__Fungi;p__Ascomycota;c__Dothideomycetes;o__Phaeothecales;f__Phaeothecaceae;g__Phaeotheca",6,98.6,"s947","s628","SH0183705.10FU","new_singleton_in","new_singleton_in","present_in",1,0.000198566865233532,0,0
"OTU523","k__Fungi","p__Ascomycota","c__Dothideomycetes","o__Venturiales","f__Venturiaceae",NA,NA,TRUE,"placeable_existing_SH","UNITE_container","https://unite.ut.ee/sh/SH0676380.10FU",FALSE,"k__Fungi;p__Ascomycota;c__Dothideomycetes;o__Venturiales;f__Venturiaceae;g__Fagicola",6,100,"SH0987986.10FU","SH0676380.10FU","SH0171985.10FU","present_in","present_in","present_in",2,0.00122451189031163,2,1.36158045423853e-05
"OTU524","k__Fungi",NA,NA,NA,NA,NA,NA,TRUE,"no_SH_match","UNITE_container",NA,FALSE,NA,NA,NA,NA,NA,NA,NA,NA,NA,0,0,1,9.13457676416215e-06
"OTU525","k__Fungi","p__Basidiomycota","c__Malasseziomycetes","o__Malasseziales","f__Malasseziaceae","g__Malassezia",NA,FALSE,"placeable_existing_SH","UNITE_container","https://unite.ut.ee/sh/SH0551549.10FU",FALSE,"k__Fungi;p__Basidiomycota;c__Malasseziomycetes;o__Malasseziales;f__Malasseziaceae;g__Malassezia;s__Malassezia_globosa",7,99.7,"SH0842694.10FU","SH0551549.10FU","SH0071936.10FU","present_in","present_in","present_in",0,0,1,9.13457676416215e-06
"OTU526","k__Fungi","p__Ascomycota","c__Eurotiomycetes","o__Chaetothyriales",NA,NA,NA,TRUE,"novel_new_SH","UNITE_container",NA,TRUE,"k__Fungi;p__Ascomycota;c__Eurotiomycetes",3,95,"s948","s629","s95","new_singleton_in","new_singleton_in","new_singleton_in",1,0.000221426966548247,0,0
"OTU527","k__Fungi","p__Basidiomycota","c__Tremellomycetes","o__Filobasidiales","f__Piskurozymaceae","g__Piskurozyma","s__taiwanensis 1",FALSE,"placeable_existing_SH","PlutoF_live","https://unite.ut.ee/sh/SH0532293.10FU",FALSE,"k__Fungi;p__Basidiomycota;c__Tremellomycetes;o__Filobasidiales;f__Piskurozymaceae;g__Piskurozyma",6,98.6,"175","SH0532293.10FU","12","new_sh_in","new_sh_in","new_sh_in",0,0,9,0.000384746552354018
"OTU528","k__Fungi","p__Ascomycota","c__Lecanoromycetes",NA,NA,NA,NA,TRUE,"novel_new_SH","UNITE_container",NA,TRUE,"k__Fungi;p__Ascomycota;c__Lecanoromycetes",3,86.9,"200","137","30","new_sh_in","new_sh_in","new_sh_in",1,3.60702166884869e-05,0,0
"OTU529","k__Fungi","p__Ascomycota","c__Eurotiomycetes","o__Eurotiales","f__Aspergillaceae","g__Aspergillus","s__ruber",FALSE,"placeable_existing_SH","UNITE_container","https://unite.ut.ee/sh/SH0582256.10FU",FALSE,"k__Fungi;p__Ascomycota;c__Eurotiomycetes;o__Eurotiales;f__Aspergillaceae;g__Aspergillus;s__Aspergillus_ruber",7,100,"SH0878052.10FU","SH0582256.10FU","SH0096830.10FU","present_in","present_in","present_in",1,2.14085764977599e-05,0,0
"OTU531","k__Fungi","p__Ascomycota","c__Saccharomycetes","o__Saccharomycetales","f__Debaryomycetaceae","g__Lodderomyces","s__elongisporus",FALSE,"novel_new_SH","UNITE_container",NA,TRUE,"k__Fungi;p__Ascomycota",2,100,"s950","s631","SH0104951.10FU","new_singleton_in","new_singleton_in","present_in",2,0.000856526112820708,0,0
"OTU533","k__Fungi","p__Basidiomycota","c__Microbotryomycetes","o__Heitmaniales","f__Heitmaniaceae","g__Heitmania","s__cylindrica 1",FALSE,"novel_new_SH","UNITE_container",NA,FALSE,"k__Fungi;p__Basidiomycota;c__Microbotryomycetes;o__Heitmaniales",4,94.3,"s951","s632","s96","new_singleton_in","new_singleton_in","new_singleton_in",0,0,1,8.69245348845938e-06
"OTU534","k__Fungi","p__Basidiomycota","c__Exobasidiomycetes","o__Exobasidiales","f__Exobasidiales_fam_Incertae_sedis","g__Exobasidiales_gen_Incertae_sedis",NA,FALSE,"placeable_existing_SH","UNITE_container","https://unite.ut.ee/sh/SH0634997.10FU",FALSE,"k__Fungi;p__Basidiomycota;c__Exobasidiomycetes;o__Exobasidiales",4,98.4,"SH0938570.10FU","SH0634997.10FU","SH0139873.10FU","present_in","present_in","present_in",1,6.89341918935528e-05,0,0
"OTU537","k__Fungi","p__Basidiomycota","c__Tremellomycetes","o__Tremellales",NA,NA,NA,TRUE,"placeable_existing_SH","UNITE_container","https://unite.ut.ee/sh/SH0562059.10FU",FALSE,"k__Fungi;p__Basidiomycota;c__Tremellomycetes;o__Tremellales;f__Tremellaceae;g__Tremella",6,98.8,"SH0854812.10FU","SH0562059.10FU","SH0080411.10FU","present_in","present_in","present_in",2,0.00330864555322,1,7.8775552819946e-06
"OTU538","k__Fungi","p__Basidiomycota","c__Tremellomycetes","o__Filobasidiales","f__Piskurozymaceae","g__Piskurozyma",NA,FALSE,"placeable_existing_SH","PlutoF_live","https://unite.ut.ee/sh/SH0532277.10FU",FALSE,"k__Fungi;p__Basidiomycota;c__Tremellomycetes;o__Filobasidiales;f__Piskurozymaceae;g__Piskurozyma",6,100,"s952","SH0532277.10FU","s97","new_singleton_in","new_singleton_in","new_singleton_in",0,0,4,7.32936595287366e-06
"OTU539","k__Fungi","p__Mucoromycota","c__Endogonomycetes",NA,NA,NA,NA,TRUE,"novel_new_SH","UNITE_container",NA,FALSE,"k__Fungi;p__Mucoromycota;c__Endogonomycetes",3,94.4,"s988","s666","s122","new_singleton_in","new_singleton_in","new_singleton_in",0,0,1,8.12763640205792e-06
"OTU540","k__Fungi","p__Ascomycota","c__Eurotiomycetes","o__Chaetothyriales","f__Herpotrichiellaceae","g__Cladophialophora",NA,FALSE,"novel_new_SH","UNITE_container",NA,FALSE,"k__Fungi;p__Ascomycota;c__Eurotiomycetes",3,90.4,"s954","s635","s98","new_singleton_in","new_singleton_in","new_singleton_in",0,0,3,8.17868804151045e-06
"OTU542","k__Fungi","p__Basidiomycota","c__Exobasidiomycetes","o__Exobasidiales","f__Exobasidiaceae","g__Exobasidium","s__vaccinii 1",FALSE,"placeable_existing_SH","UNITE_container","https://unite.ut.ee/sh/SH0631571.10FU",FALSE,"k__Fungi;p__Basidiomycota;c__Exobasidiomycetes;o__Exobasidiales;f__Exobasidiaceae;g__Exobasidium",6,98.9,"SH0934702.10FU","SH0631571.10FU","SH0136959.10FU","present_in","present_in","present_in",2,0.00191967102041537,6,0.000291982726293012
"OTU544","k__Fungi","p__Ascomycota","c__Orbiliomycetes","o__Orbiliales",NA,NA,NA,TRUE,"novel_new_SH","UNITE_container",NA,TRUE,"k__Fungi;p__Ascomycota",2,96.7,"195","132","25","new_sh_in","new_sh_in","new_sh_in",0,0,1,1.4148416671529e-05
"OTU545","k__Fungi","p__Ascomycota","c__Dothideomycetes",NA,NA,NA,NA,TRUE,"novel_new_SH","UNITE_container",NA,TRUE,"k__Fungi;p__Ascomycota;c__Dothideomycetes;o__Mycosphaerellales;f__Teratosphaeriaceae",5,100,"177","115","SH0158848.10FU","new_sh_in","new_sh_in","present_in",3,0.00195272528444291,1,9.79258137537197e-07
"OTU546","k__Fungi","p__Ascomycota","c__Dothideomycetes","o__Dothideomycetes_ord_Incertae_sedis","f__Naetrocymbaceae","g__Naetrocymbe","s__punctiformis 2",FALSE,"placeable_existing_SH","UNITE_container","https://unite.ut.ee/sh/SH0554926.10FU",FALSE,"k__Fungi;p__Ascomycota;c__Dothideomycetes",3,98.6,"SH0846571.10FU","SH0554926.10FU","SH0074649.10FU","present_in","present_in","present_in",1,0.00109084817007001,0,0
"OTU549","k__Fungi","p__Ascomycota","c__Dothideomycetes","o__Phaeotrichales",NA,NA,NA,TRUE,"placeable_existing_SH","UNITE_container","https://unite.ut.ee/sh/SH0657238.10FU",FALSE,"k__Fungi;p__Ascomycota;c__Dothideomycetes;o__Botryosphaeriales;f__Phyllostictaceae;g__Phyllosticta",6,97.7,"SH0964887.10FU","SH0657238.10FU","SH0157430.10FU","present_in","present_in","present_in",0,0,5,8.34169994831996e-06
"OTU550","k__Fungi","p__Ascomycota","c__Lecanoromycetes","o__Ostropales","f__Stictidaceae","g__Sphaeropezia",NA,FALSE,"novel_new_SH","UNITE_container",NA,TRUE,"k__Fungi;p__Ascomycota;c__Lecanoromycetes;o__Ostropales",4,96.1,"s955","s636","s99","new_singleton_in","new_singleton_in","new_singleton_in",1,0.000905492076495794,0,0
"OTU551","k__Fungi","p__Ascomycota","c__Eurotiomycetes","o__Eurotiales","f__Aspergillaceae","g__Penicillium","s__penicillioides",FALSE,"novel_new_SH","UNITE_container",NA,FALSE,"k__Fungi;p__Ascomycota;c__Eurotiomycetes;o__Eurotiales",4,83,"s956","s637","s100","new_singleton_in","new_singleton_in","new_singleton_in",0,0,1,8.26141869111724e-06
"OTU552","k__Fungi","p__Ascomycota","c__Leotiomycetes","o__Leotiales",NA,NA,NA,TRUE,"novel_new_SH","UNITE_container",NA,TRUE,"k__Fungi;p__Ascomycota",2,100,"s958","s639","1","new_singleton_in","new_singleton_in","new_sh_in",1,8.16658740273011e-05,3,0.000357013298288361
"OTU553","k__Fungi","p__Ascomycota",NA,NA,NA,NA,NA,TRUE,"no_SH_match","UNITE_container",NA,FALSE,NA,NA,NA,NA,NA,NA,NA,NA,NA,0,0,1,9.44993332374914e-06
"OTU554","k__Fungi","p__Basidiomycota","c__Exobasidiomycetes","o__Exobasidiales","f__Exobasidiaceae","g__Exobasidium","s__vaccinii 2",FALSE,"placeable_existing_SH","UNITE_container","https://unite.ut.ee/sh/SH0631571.10FU",FALSE,"k__Fungi;p__Basidiomycota;c__Exobasidiomycetes;o__Exobasidiales;f__Exobasidiaceae;g__Exobasidium",6,100,"SH0934702.10FU","SH0631571.10FU","SH0136959.10FU","present_in","present_in","present_in",5,0.00121850464817853,5,0.000204321227560462
"OTU555","k__Fungi","p__Ascomycota",NA,NA,NA,NA,NA,TRUE,"no_SH_match","UNITE_container",NA,FALSE,NA,NA,NA,NA,NA,NA,NA,NA,NA,0,0,1,1.3270995482597e-05
"OTU556","k__Fungi","p__Ascomycota","c__Leotiomycetes","o__Helotiales",NA,NA,NA,TRUE,"placeable_existing_SH","UNITE_container","https://unite.ut.ee/sh/SH0696833.10FU",FALSE,"k__Fungi;p__Ascomycota;c__Leotiomycetes;o__Helotiales;f__Ploettnerulaceae;g__Cadophora",6,99.3,"SH1012076.10FU","SH0696833.10FU","SH0188209.10FU","present_in","present_in","present_in",0,0,1,5.84808323030718e-06
"OTU557","k__Fungi","p__Basidiomycota","c__Tremellomycetes","o__Filobasidiales","f__Filobasidiaceae","g__Naganishia",NA,FALSE,"placeable_existing_SH","UNITE_container","https://unite.ut.ee/sh/SH0657819.10FU",FALSE,"k__Fungi;p__Basidiomycota;c__Tremellomycetes;o__Filobasidiales;f__Filobasidiaceae;g__Naganishia;s__Naganishia_albida",7,99.1,"SH0965573.10FU","SH0657819.10FU","SH0157913.10FU","present_in","present_in","present_in",2,0.000975993795437304,0,0
"OTU558","k__Fungi","p__Ascomycota","c__Orbiliomycetes","o__Orbiliales","f__Orbiliaceae","g__Amphosoma",NA,FALSE,"novel_new_SH","UNITE_container",NA,TRUE,"k__Fungi;p__Ascomycota",2,93.5,"s959","s640","s102","new_singleton_in","new_singleton_in","new_singleton_in",0,0,1,9.29501638401555e-06
"OTU561","k__Fungi","p__Ascomycota",NA,NA,NA,NA,NA,TRUE,"no_SH_match","UNITE_container",NA,FALSE,NA,NA,NA,NA,NA,NA,NA,NA,NA,0,0,1,9.21755791414875e-06
"OTU562","k__Fungi","p__Ascomycota","c__Leotiomycetes","o__Leotiales","f__Tympanidaceae",NA,NA,TRUE,"novel_new_SH","UNITE_container",NA,TRUE,"k__Fungi;p__Ascomycota",2,90.3,"s960","s641","s103","new_singleton_in","new_singleton_in","new_singleton_in",0,0,3,0.000238837170203985
"OTU563","k__Fungi","p__Ascomycota","c__Leotiomycetes","o__Helotiales",NA,NA,NA,TRUE,"placeable_existing_SH","UNITE_container","https://unite.ut.ee/sh/SH0577783.10FU",FALSE,"k__Fungi;p__Ascomycota;c__Leotiomycetes;o__Helotiales;f__Dermateaceae",5,100,"SH0872794.10FU","SH0577783.10FU","SH0093308.10FU","present_in","present_in","present_in",1,0.000287778065555843,0,0
"OTU564","k__Fungi","p__Ascomycota",NA,NA,NA,NA,NA,TRUE,"no_SH_match","UNITE_container",NA,FALSE,NA,NA,NA,NA,NA,NA,NA,NA,NA,0,0,5,0.0151759858904102
"OTU565","k__Fungi","p__Ascomycota","c__Candelariomycetes","o__Candelariales","f__Pycnoraceae","g__Pycnora",NA,FALSE,"novel_new_SH","UNITE_container",NA,TRUE,"k__Fungi;p__Ascomycota",2,93.3,"s961","s642","s104","new_singleton_in","new_singleton_in","new_singleton_in",0,0,1,0.000475285171102662
"OTU566","k__Fungi","p__Ascomycota","c__Eurotiomycetes","o__Phaeomoniellales","f__Celotheliaceae","g__Neophaeomoniella",NA,FALSE,"placeable_existing_SH","UNITE_container","https://unite.ut.ee/sh/SH0516661.10FU",FALSE,"k__Fungi;p__Ascomycota;c__Eurotiomycetes;o__Phaeomoniellales;f__Celotheliaceae;g__Neophaeomoniella",6,100,"SH0801475.10FU","SH0516661.10FU","SH0044652.10FU","present_in","present_in","present_in",1,0.000166911278022389,0,0
"OTU567","k__Fungi","p__Basidiomycota","c__Tremellomycetes","o__Cystofilobasidiales","f__Mrakiaceae","g__Tausonia","s__pullulans 2",FALSE,"placeable_existing_SH","UNITE_container","https://unite.ut.ee/sh/SH0477600.10FU",FALSE,"k__Fungi;p__Basidiomycota;c__Tremellomycetes;o__Cystofilobasidiales;f__Mrakiaceae;g__Tausonia;s__Tausonia_pullulans",7,100,"SH0753078.10FU","SH0477600.10FU","SH0016266.10FU","present_in","present_in","present_in",1,3.09936676730702e-05,0,0
"OTU568","k__Fungi","p__Basidiomycota","c__Microbotryomycetes","o__Kriegeriales","f__Kriegeriaceae","g__Phenoliferia",NA,FALSE,"placeable_existing_SH","UNITE_container","https://unite.ut.ee/sh/SH0705758.10FU",FALSE,"k__Fungi;p__Basidiomycota;c__Microbotryomycetes;o__Kriegeriales;f__Kriegeriaceae;g__Phenoliferia",6,99,"SH1022698.10FU","SH0705758.10FU","SH0194963.10FU","present_in","present_in","present_in",0,0,2,0.000330079478687702
"OTU570","k__Fungi","p__Ascomycota","c__Eurotiomycetes","o__Phaeomoniellales","f__Celotheliaceae","g__Paraphaeomoniella",NA,FALSE,"placeable_existing_SH","UNITE_container","https://unite.ut.ee/sh/SH0686525.10FU",FALSE,"k__Fungi;p__Ascomycota;c__Eurotiomycetes;o__Phaeomoniellales;f__Celotheliaceae;g__Paraphaeomoniella",6,100,"SH0999938.10FU","SH0686525.10FU","SH0179972.10FU","present_in","present_in","present_in",0,0,1,0.000465757779309046
"OTU571","k__Fungi","p__Basidiomycota","c__Agaricomycetes","o__Sebacinales","f__Serendipitaceae",NA,NA,TRUE,"novel_new_SH","UNITE_container",NA,FALSE,"k__Fungi;p__Basidiomycota;c__Agaricomycetes;o__Sebacinales",4,91,"202","140","32","new_sh_in","new_sh_in","new_sh_in",0,0,1,7.12731192180464e-06
"OTU573","k__Fungi","p__Basidiomycota","c__Exobasidiomycetes","o__Exobasidiales","f__Exobasidiaceae","g__Exobasidium",NA,FALSE,"placeable_existing_SH","PlutoF_live","https://unite.ut.ee/sh/SH0486605.10FU",FALSE,"k__Fungi;p__Basidiomycota;c__Exobasidiomycetes;o__Exobasidiales;f__Exobasidiaceae;g__Exobasidium",6,97.6,"s962","SH0486605.10FU","4","new_singleton_in","new_singleton_in","new_sh_in",2,0.000403998305500001,2,0.000261285366427272
"OTU574","k__Fungi","p__Chytridiomycota","c__Spizellomycetes","o__Spizellomycetales","f__Powellomycetaceae","g__Thoreauomyces",NA,FALSE,"placeable_existing_SH","UNITE_container","https://unite.ut.ee/sh/SH0694217.10FU",FALSE,"k__Fungi;p__Chytridiomycota;c__Spizellomycetes;o__Spizellomycetales;f__Powellomycetaceae;g__Thoreauomyces",6,100,"SH1008990.10FU","SH0694217.10FU","SH0186046.10FU","present_in","present_in","present_in",0,0,2,6.02470188822896e-06
"OTU575","k__Fungi","p__Basidiomycota","c__Cystobasidiomycetes","o__Cystobasidiales","f__Cystobasidiales_fam_Incertae_sedis","g__Cystobasidiales_gen_Incertae_sedis",NA,FALSE,"placeable_existing_SH","UNITE_container","https://unite.ut.ee/sh/SH0657110.10FU",FALSE,"k__Fungi;p__Basidiomycota;c__Cystobasidiomycetes;o__Cystobasidiales",4,100,"SH0964708.10FU","SH0657110.10FU","SH0157275.10FU","present_in","present_in","present_in",0,0,1,8.59789015521438e-06
"OTU576","k__Fungi","p__Mucoromycota","c__Umbelopsidomycetes","o__Umbelopsidales","f__Umbelopsidaceae","g__Umbelopsis",NA,FALSE,"placeable_existing_SH","UNITE_container","https://unite.ut.ee/sh/SH0520974.10FU",FALSE,"k__Fungi;p__Mucoromycota;c__Umbelopsidomycetes;o__Umbelopsidales;f__Umbelopsidaceae;g__Umbelopsis",6,100,"SH0806652.10FU","SH0520974.10FU","SH0047858.10FU","present_in","present_in","present_in",0,0,1,7.45542662369117e-06
"OTU577","k__Fungi","p__Ascomycota","c__Saccharomycetes","o__Saccharomycetales","f__Debaryomycetaceae","g__Debaryomyces","s__delbrueckii",FALSE,"placeable_existing_SH","UNITE_container","https://unite.ut.ee/sh/SH0681201.10FU",FALSE,"k__Fungi;p__Ascomycota;c__Pichiomycetes;o__Serinales;f__Debaryomycetaceae;g__Debaryomyces;s__Debaryomyces_delbrueckii",7,100,"SH0993591.10FU","SH0681201.10FU","SH0175899.10FU","present_in","present_in","present_in",1,0.00101240322691942,0,0
"OTU578","k__Fungi","p__Ascomycota","c__Eurotiomycetes","o__Coryneliales",NA,NA,NA,TRUE,"placeable_existing_SH","UNITE_container","https://unite.ut.ee/sh/SH0647466.10FU",FALSE,"k__Fungi;p__Ascomycota;c__Dothideomycetes",3,100,"SH0953254.10FU","SH0647466.10FU","SH0149875.10FU","present_in","present_in","present_in",1,2.96577337216448e-05,0,0
"OTU579","k__Fungi","p__Ascomycota","c__Dothideomycetes","o__Mycosphaerellales","f__Mycosphaerellaceae","g__Ramularia",NA,FALSE,"novel_new_SH","UNITE_container",NA,TRUE,"k__Fungi;p__Ascomycota;c__Dothideomycetes",3,100,"s963","s644","s105","new_singleton_in","new_singleton_in","new_singleton_in",0,0,1,4.98689760657023e-06
"OTU580","k__Fungi","p__Ascomycota","c__Dothideomycetes",NA,NA,NA,NA,TRUE,"novel_new_SH","UNITE_container",NA,TRUE,"k__Fungi;p__Ascomycota;c__Dothideomycetes;o__Mycosphaerellales;f__Teratosphaeriaceae",5,98.6,"177","115","SH0158848.10FU","new_sh_in","new_sh_in","present_in",4,0.0020999834573599,0,0
"OTU581","k__Fungi","p__Basidiomycota","c__Agaricomycetes","o__Hymenochaetales","f__Hymenochaetales_fam_Incertae_sedis","g__Hymenochaetales_gen_Incertae_sedis",NA,FALSE,"placeable_existing_SH","PlutoF_live","https://unite.ut.ee/sh/SH0627449.10FU",FALSE,"k__Fungi;p__Basidiomycota;c__Agaricomycetes;o__Hymenochaetales",4,100,"s964","SH0627449.10FU","s106","new_singleton_in","new_singleton_in","new_singleton_in",0,0,1,1.1954863699199e-05
"OTU582","k__Fungi","p__Basidiomycota","c__Wallemiomycetes","o__Wallemiales","f__Wallemiaceae","g__Wallemia","s__marietelkesiae",FALSE,"placeable_existing_SH","UNITE_container","https://unite.ut.ee/sh/SH0679438.10FU",FALSE,"k__Fungi;p__Basidiomycota;c__Wallemiomycetes;o__Wallemiales;f__Wallemiaceae;g__Wallemia;s__Wallemia_marietelkesiae",7,100,"SH0991546.10FU","SH0679438.10FU","SH0174490.10FU","present_in","present_in","present_in",2,0.000731544638933256,0,0
"OTU583","k__Fungi","p__Basidiomycota","c__Malasseziomycetes","o__Malasseziales","f__Malasseziaceae","g__Malassezia","s__restricta 3",FALSE,"placeable_existing_SH","UNITE_container","https://unite.ut.ee/sh/SH0686389.10FU",FALSE,"k__Fungi;p__Basidiomycota;c__Malasseziomycetes;o__Malasseziales;f__Malasseziaceae;g__Malassezia;s__Malassezia_restricta",7,99.3,"SH0999786.10FU","SH0686389.10FU","SH0179873.10FU","present_in","present_in","present_in",1,0.000790804694150419,1,1.23933551786874e-06
"OTU585","k__Fungi","p__Ascomycota","c__Dothideomycetes","o__Capnodiales",NA,NA,NA,TRUE,"placeable_existing_SH","UNITE_container","https://unite.ut.ee/sh/SH0551728.10FU",FALSE,"k__Fungi;p__Ascomycota;c__Dothideomycetes;o__Capnodiales",4,100,"SH0842948.10FU","SH0551728.10FU","SH0072169.10FU","present_in","present_in","present_in",1,1.76801513008987e-05,1,2.15820226930652e-07
"OTU586","k__Fungi","p__Ascomycota","c__Dothideomycetes","o__Venturiales","f__Sympoventuriaceae",NA,NA,TRUE,"novel_new_SH","UNITE_container",NA,FALSE,"k__Fungi;p__Ascomycota;c__Dothideomycetes;o__Venturiales;f__Sympoventuriaceae",5,95.4,"s965","99","SH0014343.10FU","new_singleton_in","new_sh_in","present_in",0,0,2,7.44252104897408e-06
"OTU587","k__Fungi","p__Ascomycota","c__Lecanoromycetes",NA,NA,NA,NA,TRUE,"novel_new_SH","UNITE_container",NA,FALSE,"k__Fungi;p__Ascomycota;c__Lecanoromycetes",3,82.2,"s1025","s696","s149","new_singleton_in","new_singleton_in","new_singleton_in",1,2.85889865605044e-05,0,0
"OTU589","k__Fungi","p__Ascomycota","c__Leotiomycetes",NA,NA,NA,NA,TRUE,"novel_new_SH","UNITE_container",NA,TRUE,"k__Fungi;p__Ascomycota",2,100,"s966","s646","s107","new_singleton_in","new_singleton_in","new_singleton_in",0,0,5,0.000357688550402539
"OTU590","k__Fungi","p__Basidiomycota","c__Pucciniomycetes","o__Pucciniales","f__Coleosporiaceae","g__Chrysomyxa",NA,FALSE,"placeable_existing_SH","PlutoF_live","https://unite.ut.ee/sh/SH0569207.10FU",FALSE,"k__Fungi;p__Basidiomycota;c__Pucciniomycetes;o__Pucciniales;f__Coleosporiaceae;g__Chrysomyxa",6,98.9,"204","SH0569207.10FU","33","new_sh_in","new_sh_in","new_sh_in",1,0.000152522374744597,0,0
"OTU591","k__Fungi","p__Basidiomycota","c__Tremellomycetes","o__Tremellales",NA,NA,NA,TRUE,"novel_new_SH","UNITE_container",NA,FALSE,"k__Fungi;p__Basidiomycota;c__Tremellomycetes;o__Tremellales",4,92.7,"197","134","26","new_sh_in","new_sh_in","new_sh_in",0,0,5,0.000309813232861244
"OTU592","k__Fungi","p__Ascomycota","c__Eurotiomycetes","o__Chaetothyriales",NA,NA,NA,TRUE,"novel_new_SH","UNITE_container",NA,TRUE,"k__Fungi;p__Ascomycota;c__Eurotiomycetes",3,98.7,"166","106","8","new_sh_in","new_sh_in","new_sh_in",1,1.06874716114035e-06,2,0.000205143945961244
"OTU594","k__Fungi","p__Ascomycota","c__Taphrinomycetes","o__Taphrinales","f__Taphrinaceae","g__Taphrina","s__betulina 2",FALSE,"placeable_existing_SH","UNITE_container","https://unite.ut.ee/sh/SH0534174.10FU",FALSE,"k__Fungi;p__Ascomycota;c__Taphrinomycetes;o__Taphrinales;f__Taphrinaceae;g__Taphrina;s__Taphrina_betulina",7,100,"SH0822284.10FU","SH0534174.10FU","SH0058153.10FU","present_in","present_in","present_in",8,0.000968374978516976,3,9.88838455359891e-06
"OTU598","k__Fungi","p__Ascomycota","c__Lecanoromycetes","o__Lecanorales","f__Parmeliaceae","g__Melanohalea","s__olivacea 3",FALSE,"placeable_existing_SH","UNITE_container","https://unite.ut.ee/sh/SH0558234.10FU",FALSE,"k__Fungi;p__Ascomycota;c__Lecanoromycetes;o__Lecanorales;f__Parmeliaceae;g__Melanohalea",6,97.3,"SH0851152.10FU","SH0558234.10FU","SH0077514.10FU","present_in","present_in","present_in",1,0.000389535195729754,0,0
"OTU599","k__Fungi","p__Ascomycota",NA,NA,NA,NA,NA,TRUE,"novel_new_SH","UNITE_container",NA,FALSE,"k__Fungi",1,87.4,"s967","127","21","new_singleton_in","new_sh_in","new_sh_in",1,1.04260351789171e-05,0,0
"OTU600","k__Fungi","p__Ascomycota","c__Leotiomycetes","o__Thelebolales","f__Pseudeurotiaceae","g__Pseudogymnoascus","s__appendiculatus",FALSE,"placeable_existing_SH","UNITE_container","https://unite.ut.ee/sh/SH0656370.10FU",FALSE,"k__Fungi;p__Ascomycota;c__Leotiomycetes;o__Thelebolales;f__Pseudeurotiaceae;g__Geomyces",6,100,"SH0963782.10FU","SH0656370.10FU","SH0156823.10FU","present_in","present_in","present_in",0,0,1,4.30243880346912e-05
"OTU601","k__Fungi","p__Basidiomycota","c__Tremellomycetes","o__Filobasidiales","f__Filobasidiales_fam_Incertae_sedis","g__Filobasidiales_gen_Incertae_sedis",NA,FALSE,"placeable_existing_SH","UNITE_container","https://unite.ut.ee/sh/SH0671800.10FU",FALSE,"k__Fungi;p__Basidiomycota;c__Tremellomycetes;o__Filobasidiales",4,100,"SH0982323.10FU","SH0671800.10FU","SH0168574.10FU","present_in","present_in","present_in",0,0,1,5.55737084346429e-06
"OTU602","k__Fungi","p__Basidiomycota","c__Tremellomycetes",NA,NA,NA,NA,TRUE,"placeable_existing_SH","PlutoF_live","https://unite.ut.ee/sh/SH0661539.10FU",FALSE,"k__Fungi;p__Basidiomycota;c__Tremellomycetes;o__Tremellales;f__Cryptococcaceae;g__Cryptococcus",6,97.2,"205","SH0661539.10FU","34","new_sh_in","new_sh_in","new_sh_in",0,0,2,5.05145865675761e-06
"OTU604","k__Fungi",NA,NA,NA,NA,NA,NA,TRUE,"excluded_nonITS","UNITE_container",NA,FALSE,NA,NA,NA,NA,NA,NA,NA,NA,NA,5,0.00342421333715415,0,0
"OTU608","k__Fungi","p__Ascomycota","c__Taphrinomycetes","o__Taphrinales","f__Taphrinaceae","g__Taphrina",NA,FALSE,"placeable_existing_SH","UNITE_container","https://unite.ut.ee/sh/SH0534214.10FU",FALSE,"k__Fungi;p__Ascomycota;c__Taphrinomycetes;o__Taphrinales",4,100,"SH0822318.10FU","SH0534214.10FU","SH0058184.10FU","present_in","present_in","present_in",1,6.72588942099721e-06,0,0
"OTU609","k__Fungi","p__Mortierellomycota","c__Mortierellomycetes","o__Mortierellales","f__Mortierellaceae","g__Mortierella","s__pulchella",FALSE,"placeable_existing_SH","UNITE_container","https://unite.ut.ee/sh/SH0573290.10FU",FALSE,"k__Fungi;p__Mortierellomycota;c__Mortierellomycetes;o__Mortierellales;f__Mortierellaceae;g__Mortierella",6,100,"SH0867652.10FU","SH0573290.10FU","SH0089570.10FU","present_in","present_in","present_in",0,0,1,5.07173264415321e-06
"OTU610","k__Fungi","p__Basidiomycota","c__Pucciniomycetes","o__Pucciniales","f__Milesinaceae","g__Naohidemyces","s__vaccinii 3",FALSE,"novel_new_SH","UNITE_container",NA,FALSE,"k__Fungi;p__Basidiomycota;c__Pucciniomycetes;o__Pucciniales",4,90.9,"s980","s659","s117","new_singleton_in","new_singleton_in","new_singleton_in",0,0,1,3.68187935656416e-05
"OTU611","k__Fungi","p__Ascomycota","c__Eurotiomycetes","o__Chaetothyriales","f__Herpotrichiellaceae","g__Pseudocladosporium","s__proteae",FALSE,"placeable_existing_SH","UNITE_container","https://unite.ut.ee/sh/SH0591555.10FU",FALSE,"k__Fungi;p__Ascomycota;c__Eurotiomycetes;o__Chaetothyriales;f__Herpotrichiellaceae;g__Pseudocladosporium;s__Pseudocladosporium_proteae",7,100,"SH0888481.10FU","SH0591555.10FU","SH0104606.10FU","present_in","present_in","present_in",1,0.000135255690811246,0,0
"OTU613","k__Fungi","p__Ascomycota",NA,NA,NA,NA,NA,TRUE,"no_SH_match","UNITE_container",NA,TRUE,NA,NA,NA,NA,NA,NA,NA,NA,NA,0,0,1,7.20363769761205e-06
"OTU614","k__Fungi","p__Ascomycota",NA,NA,NA,NA,NA,TRUE,"no_SH_match","UNITE_container",NA,FALSE,NA,NA,NA,NA,NA,NA,NA,NA,NA,0,0,1,1.02000213213349e-05
"OTU617","k__Fungi","p__Basidiomycota","c__Tremellomycetes","o__Filobasidiales","f__Filobasidiaceae","g__Heterocephalacria",NA,FALSE,"placeable_existing_SH","UNITE_container","https://unite.ut.ee/sh/SH0586149.10FU",FALSE,"k__Fungi;p__Basidiomycota;c__Tremellomycetes;o__Filobasidiales;f__Filobasidiaceae;g__Heterocephalacria;s__Heterocephalacria_septentrionalis",7,100,"SH0882331.10FU","SH0586149.10FU","SH0100140.10FU","present_in","present_in","present_in",1,9.32400932400932e-05,0,0
"OTU618","k__Fungi","p__Basidiomycota","c__Tremellomycetes","o__Filobasidiales","f__Piskurozymaceae","g__Piskurozyma",NA,FALSE,"novel_new_SH","UNITE_container",NA,FALSE,"k__Fungi",1,94.9,"s969","s648","s109","new_singleton_in","new_singleton_in","new_singleton_in",0,0,8,0.000710171073407181
"OTU619","k__Fungi","p__Basidiomycota","c__Cystobasidiomycetes",NA,NA,NA,NA,TRUE,"novel_new_SH","UNITE_container",NA,FALSE,"k__Fungi;p__Basidiomycota;c__Cystobasidiomycetes",3,82.4,"s970","s649","s110","new_singleton_in","new_singleton_in","new_singleton_in",0,0,2,5.64921455482476e-06
"OTU620","k__Fungi","p__Ascomycota","c__Lecanoromycetes",NA,NA,NA,NA,TRUE,"no_SH_match","UNITE_container",NA,FALSE,NA,NA,NA,NA,NA,NA,NA,NA,NA,0,0,1,4.74804499247435e-06
"OTU621","k__Fungi","p__Basidiomycota","c__Tremellomycetes","o__Cystofilobasidiales","f__Mrakiaceae","g__Mrakia",NA,FALSE,"placeable_existing_SH","PlutoF_live","https://unite.ut.ee/sh/SH0651936.10FU",FALSE,"k__Fungi;p__Basidiomycota;c__Tremellomycetes;o__Cystofilobasidiales;f__Mrakiaceae;g__Mrakia;s__Mrakia_pini",7,100,"167","SH0651936.10FU","SH0153433.10FU","new_sh_in","new_sh_in","present_in",0,0,1,2.32870890556503e-05
"OTU622","k__Fungi","p__Basidiomycota","c__Tremellomycetes","o__Filobasidiales","f__Filobasidiaceae","g__Heterocephalacria",NA,FALSE,"placeable_existing_SH","UNITE_container","https://unite.ut.ee/sh/SH0680383.10FU",FALSE,"k__Fungi;p__Basidiomycota;c__Tremellomycetes;o__Filobasidiales;f__Filobasidiaceae;g__Heterocephalacria",6,98.3,"SH0992648.10FU","SH0680383.10FU","SH0175259.10FU","present_in","present_in","present_in",0,0,1,5.43926436137722e-06
"OTU623","k__Fungi","p__Ascomycota","c__Dothideomycetes","o__Dothideales","f__Dothideaceae",NA,NA,TRUE,"novel_new_SH","UNITE_container",NA,FALSE,"k__Fungi;p__Ascomycota;c__Dothideomycetes",3,97.6,"s971","s650","s111","new_singleton_in","new_singleton_in","new_singleton_in",0,0,2,4.77021690428108e-06
"OTU624","k__Fungi","p__Basidiomycota","c__Agaricomycetes","o__Agaricales","f__Psathyrellaceae","g__Parasola",NA,FALSE,"novel_new_SH","UNITE_container",NA,FALSE,"k__Fungi;p__Basidiomycota;c__Agaricomycetes;o__Agaricales;f__Psathyrellaceae;g__Parasola",6,97.2,"s974","s653","SH0049444.10FU","new_singleton_in","new_singleton_in","present_in",1,2.38002226619013e-06,2,2.6885383946525e-06
"OTU625","k__Fungi","p__Ascomycota","c__Dothideomycetes","o__Botryosphaeriales",NA,NA,NA,TRUE,"novel_new_SH","UNITE_container",NA,FALSE,"k__Fungi;p__Ascomycota;c__Dothideomycetes;o__Botryosphaeriales",4,83.5,"s972","s651","s112","new_singleton_in","new_singleton_in","new_singleton_in",1,0.000603746405931143,0,0
"OTU626","k__Fungi","p__Basidiomycota","c__Tremellomycetes","o__Filobasidiales","f__Piskurozymaceae","g__Piskurozyma","s__cylindrica 2",FALSE,"placeable_existing_SH","PlutoF_live","https://unite.ut.ee/sh/SH0532302.10FU",FALSE,"k__Fungi;p__Basidiomycota;c__Tremellomycetes;o__Filobasidiales;f__Piskurozymaceae;g__Piskurozyma;s__Piskurozyma_cylindrica",7,99.3,"s973","SH0532302.10FU","s113","new_singleton_in","new_singleton_in","new_singleton_in",0,0,9,0.00034353645063367
"OTU628","k__Fungi","p__Ascomycota","c__Lecanoromycetes","o__Lecanorales","f__Lecanoraceae","g__Frutidella","s__furfuracea 2",FALSE,"placeable_existing_SH","UNITE_container","https://unite.ut.ee/sh/SH0644824.10FU",FALSE,"k__Fungi;p__Ascomycota;c__Lecanoromycetes;o__Lecanorales;f__Lecanoraceae;g__Frutidella;s__Frutidella_furfuracea",7,100,"SH0950168.10FU","SH0644824.10FU","SH0147708.10FU","present_in","present_in","present_in",2,0.00181296835117264,8,0.000490103048458927
"OTU630","k__Fungi","p__Ascomycota","c__Sordariomycetes",NA,NA,NA,NA,TRUE,"novel_new_SH","UNITE_container",NA,TRUE,"k__Fungi;p__Ascomycota;c__Sordariomycetes",3,94.2,"s975","s654","s114","new_singleton_in","new_singleton_in","new_singleton_in",0,0,3,5.9935228402458e-06
"OTU631","k__Fungi","p__Ascomycota","c__Leotiomycetes","o__Helotiales","f__Mollisiaceae",NA,NA,TRUE,"novel_new_SH","UNITE_container",NA,TRUE,"k__Fungi",1,98.6,"s976","s655","s115","new_singleton_in","new_singleton_in","new_singleton_in",0,0,2,4.51754683043893e-06
"OTU632","k__Fungi","p__Ascomycota","c__Lecanoromycetes","o__Lecanorales","f__Parmeliaceae","g__Parmeliopsis","s__hyperopta",FALSE,"placeable_existing_SH","UNITE_container","https://unite.ut.ee/sh/SH0558383.10FU",FALSE,"k__Fungi;p__Ascomycota;c__Lecanoromycetes;o__Lecanorales;f__Parmeliaceae;g__Parmeliopsis;s__Parmeliopsis_hyperopta",7,100,"SH0850336.10FU","SH0558383.10FU","SH0077265.10FU","present_in","present_in","present_in",1,0.00176869711061981,4,0.000486292585609938
"OTU633","k__Fungi","p__Basidiomycota","c__Tremellomycetes","o__Cystofilobasidiales","f__Mrakiaceae","g__Mrakia",NA,FALSE,"placeable_existing_SH","UNITE_container","https://unite.ut.ee/sh/SH0651934.10FU",FALSE,"k__Fungi;p__Basidiomycota;c__Tremellomycetes;o__Cystofilobasidiales;f__Mrakiaceae;g__Mrakia",6,99.1,"SH0958535.10FU","SH0651934.10FU","SH0153435.10FU","present_in","present_in","present_in",0,0,2,6.01841749628352e-06
"OTU635","k__Fungi","p__Ascomycota","c__Dothideomycetes",NA,NA,NA,NA,TRUE,"novel_new_SH","UNITE_container",NA,TRUE,"k__Fungi;p__Ascomycota;c__Dothideomycetes",3,83.6,"s978","s657","s116","new_singleton_in","new_singleton_in","new_singleton_in",0,0,1,6.35159452907729e-06
"OTU636","k__Fungi","p__Ascomycota","c__Dothideomycetes","o__Pleosporales","f__Sporormiaceae","g__Sporormiella","s__intermedia 1",FALSE,"novel_new_SH","UNITE_container",NA,TRUE,"k__Fungi;p__Ascomycota;c__Dothideomycetes;o__Pleosporales;f__Sporormiaceae;g__Sporormiella",6,100,"s977","s656","SH0037694.10FU","new_singleton_in","new_singleton_in","present_in",1,0.0249862851216911,15,0.0904869900709453
"OTU637","k__Fungi","p__Ascomycota","c__Dothideomycetes",NA,NA,NA,NA,TRUE,"novel_new_SH","UNITE_container",NA,FALSE,"k__Fungi;p__Ascomycota;c__Dothideomycetes",3,93.6,"187","124","19","new_sh_in","new_sh_in","new_sh_in",14,0.0240084388442181,3,3.12363338403644e-05
"OTU638","k__Fungi","p__Basidiomycota","c__Tremellomycetes","o__Tremellales","f__Bulleribasidiaceae","g__Vishniacozyma","s__tephrensis",FALSE,"placeable_existing_SH","UNITE_container","https://unite.ut.ee/sh/SH0715378.10FU",FALSE,"k__Fungi;p__Basidiomycota;c__Tremellomycetes;o__Tremellales;f__Bulleribasidiaceae;g__Vishniacozyma",6,100,"SH1032925.10FU","SH0715378.10FU","SH0203904.10FU","present_in","present_in","present_in",1,0.000640179549523072,2,0.000139167679690543
"OTU640","k__Fungi","p__Basidiomycota","c__Microbotryomycetes","o__Microbotryomycetes_ord_Incertae_sedis","f__Microbotryomycetes_fam_Incertae_sedis",NA,NA,TRUE,"placeable_existing_SH","UNITE_container","https://unite.ut.ee/sh/SH0674788.10FU",FALSE,"k__Fungi;p__Basidiomycota;c__Microbotryomycetes;o__Microbotryomycetes_ord_Incertae_sedis;f__Microbotryomycetes_fam_Incertae_sedis;g__Curvibasidium",6,100,"SH0985961.10FU","SH0674788.10FU","SH0170847.10FU","present_in","present_in","present_in",0,0,4,0.000268037665069462
"OTU641","k__Fungi","p__Ascomycota","c__Dothideomycetes","o__Pleosporales","f__Leptosphaeriaceae","g__Leptosphaeria",NA,FALSE,"placeable_existing_SH","UNITE_container","https://unite.ut.ee/sh/SH0662946.10FU",FALSE,"k__Fungi;p__Ascomycota;c__Dothideomycetes;o__Pleosporales;f__Leptosphaeriaceae;g__Leptosphaeria;s__Leptosphaeria_urticae",7,100,"SH0971641.10FU","SH0662946.10FU","SH0161862.10FU","present_in","present_in","present_in",0,0,1,5.22271006686505e-06
"OTU642","k__Fungi","p__Ascomycota","c__Eurotiomycetes","o__Chaetothyriales",NA,NA,NA,TRUE,"placeable_existing_SH","UNITE_container","https://unite.ut.ee/sh/SH0652618.10FU",FALSE,"k__Fungi;p__Ascomycota;c__Eurotiomycetes;o__Chaetothyriales;f__Herpotrichiellaceae;g__Cladophialophora",6,98.8,"SH0959409.10FU","SH0652618.10FU","SH0153978.10FU","present_in","present_in","present_in",1,0.000115111226222337,0,0
"OTU643","k__Fungi","p__Basidiomycota","c__Exobasidiomycetes","o__Exobasidiales","f__Exobasidiaceae","g__Exobasidium",NA,FALSE,"placeable_existing_SH","PlutoF_live","https://unite.ut.ee/sh/SH0486610.10FU",FALSE,"k__Fungi;p__Basidiomycota;c__Exobasidiomycetes;o__Exobasidiales;f__Exobasidiaceae;g__Exobasidium",6,100,"206","SH0486610.10FU","SH0023366.10FU","new_sh_in","new_sh_in","present_in",0,0,3,0.000218737804945184
"OTU644","k__Fungi","p__Ascomycota",NA,NA,NA,NA,NA,TRUE,"no_SH_match","UNITE_container",NA,FALSE,NA,NA,NA,NA,NA,NA,NA,NA,NA,0,0,2,0.000393309800752381
"OTU646","k__Fungi","p__Mortierellomycota","c__Mortierellomycetes","o__Mortierellales","f__Mortierellaceae","g__Mortierella",NA,FALSE,"placeable_existing_SH","UNITE_container","https://unite.ut.ee/sh/SH0703079.10FU",FALSE,"k__Fungi;p__Mortierellomycota;c__Mortierellomycetes;o__Mortierellales;f__Mortierellaceae;g__Mortierella",6,100,"SH1019588.10FU","SH0703079.10FU","SH0192884.10FU","present_in","present_in","present_in",0,0,1,4.81406156121892e-06
"OTU647","k__Fungi",NA,NA,NA,NA,NA,NA,TRUE,"no_SH_match","UNITE_container",NA,FALSE,NA,NA,NA,NA,NA,NA,NA,NA,NA,0,0,1,8.44517894347082e-06
"OTU648","k__Fungi","p__Ascomycota","c__Dothideomycetes",NA,NA,NA,NA,TRUE,"no_SH_match","UNITE_container",NA,TRUE,NA,NA,NA,NA,NA,NA,NA,NA,NA,2,0.000515813846069611,0,0
"OTU650","k__Fungi","p__Basidiomycota","c__Malasseziomycetes","o__Malasseziales","f__Malasseziaceae","g__Malassezia",NA,FALSE,"placeable_existing_SH","UNITE_container","https://unite.ut.ee/sh/SH0551549.10FU",FALSE,"k__Fungi;p__Basidiomycota;c__Malasseziomycetes;o__Malasseziales;f__Malasseziaceae;g__Malassezia",6,99.7,"SH0842694.10FU","SH0551549.10FU","SH0071936.10FU","present_in","present_in","present_in",2,0.000882919556004134,0,0
"OTU651","k__Fungi","p__Ascomycota","c__Leotiomycetes","o__Helotiales",NA,NA,NA,TRUE,"placeable_existing_SH","UNITE_container","https://unite.ut.ee/sh/SH0696833.10FU",FALSE,"k__Fungi;p__Ascomycota;c__Leotiomycetes;o__Helotiales;f__Ploettnerulaceae;g__Cadophora",6,100,"SH1012076.10FU","SH0696833.10FU","SH0188209.10FU","present_in","present_in","present_in",0,0,6,0.00105901046904462
"OTU652","k__Fungi","p__Ascomycota","c__Eurotiomycetes","o__Phaeomoniellales",NA,NA,NA,TRUE,"novel_new_SH","UNITE_container",NA,FALSE,"k__Fungi;p__Ascomycota;c__Eurotiomycetes",3,89.1,"207","145","35","new_sh_in","new_sh_in","new_sh_in",0,0,2,3.82931932785975e-06
"OTU653","k__Fungi","p__Basidiomycota","c__Agaricomycetes","o__Cantharellales","f__Ceratobasidiaceae","g__Ceratobasidium",NA,FALSE,"placeable_existing_SH","UNITE_container","https://unite.ut.ee/sh/SH0676099.10FU",FALSE,"k__Fungi;p__Basidiomycota;c__Agaricomycetes;o__Cantharellales;f__Ceratobasidiaceae;g__Ceratobasidium",6,100,"SH0987610.10FU","SH0676099.10FU","SH0171714.10FU","present_in","present_in","present_in",0,0,4,0.00894736104691198
"OTU654","k__Fungi","p__Ascomycota",NA,NA,NA,NA,NA,TRUE,"novel_new_SH","UNITE_container",NA,TRUE,"k__Fungi",1,82.1,"s986","s664","s121","new_singleton_in","new_singleton_in","new_singleton_in",1,0.000487782812557111,0,0
"OTU655","k__Fungi","p__Ascomycota","c__Eurotiomycetes","o__Eurotiales","f__Aspergillaceae","g__Aspergillus",NA,FALSE,"placeable_existing_SH","UNITE_container","https://unite.ut.ee/sh/SH0591359.10FU",FALSE,"k__Fungi;p__Ascomycota;c__Eurotiomycetes;o__Eurotiales;f__Aspergillaceae;g__Aspergillus",6,100,"SH0888267.10FU","SH0591359.10FU","SH0104476.10FU","present_in","present_in","present_in",2,3.49432163750349e-05,0,0
"OTU656","k__Fungi","p__Basidiomycota","c__Tremellomycetes","o__Filobasidiales",NA,NA,NA,TRUE,"placeable_existing_SH","UNITE_container","https://unite.ut.ee/sh/SH0671800.10FU",FALSE,"k__Fungi;p__Basidiomycota;c__Tremellomycetes;o__Filobasidiales",4,96.6,"s981","SH0671800.10FU","SH0168574.10FU","new_singleton_in","present_in","present_in",0,0,3,4.65001133382935e-06
"OTU657","k__Fungi","p__Basidiomycota","c__Tremellomycetes","o__Filobasidiales","f__Filobasidiaceae","g__Naganishia","s__albida",FALSE,"placeable_existing_SH","UNITE_container","https://unite.ut.ee/sh/SH0657819.10FU",FALSE,"k__Fungi;p__Basidiomycota;c__Tremellomycetes;o__Filobasidiales;f__Filobasidiaceae;g__Naganishia;s__Naganishia_albida",7,100,"SH0965573.10FU","SH0657819.10FU","SH0157913.10FU","present_in","present_in","present_in",1,0.00177812808934726,0,0
"OTU658","k__Fungi","p__Ascomycota","c__Leotiomycetes","o__Helotiales","f__Mollisiaceae","g__Phialocephala","s__glacialis 2",FALSE,"placeable_existing_SH","UNITE_container","https://unite.ut.ee/sh/SH0565386.10FU",FALSE,"k__Fungi;p__Ascomycota;c__Leotiomycetes;o__Helotiales;f__Mollisiaceae;g__Phialocephala;s__Phialocephala_glacialis",7,100,"SH0858784.10FU","SH0565386.10FU","SH0083104.10FU","present_in","present_in","present_in",0,0,1,4.67548634606528e-06
"OTU659","k__Fungi","p__Mucoromycota","c__Mucoromycetes","o__Mucorales","f__Cunninghamellaceae","g__Absidia","s__cylindrospora 2",FALSE,"novel_new_SH","UNITE_container",NA,FALSE,"k__Fungi;p__Mucoromycota;c__Mucoromycetes;o__Mucorales",4,100,"s983","s661","s119","new_singleton_in","new_singleton_in","new_singleton_in",0,0,1,7.7871130517718e-06
"OTU661","k__Fungi","p__Basidiomycota","c__Tremellomycetes","o__Filobasidiales","f__Piskurozymaceae","g__Piskurozyma",NA,FALSE,"placeable_existing_SH","UNITE_container","https://unite.ut.ee/sh/SH0532278.10FU",FALSE,"k__Fungi;p__Basidiomycota;c__Tremellomycetes",3,100,"SH0820076.10FU","SH0532278.10FU","SH0056605.10FU","present_in","present_in","present_in",0,0,6,0.000274691482875518
"OTU662","k__Fungi","p__Ascomycota","c__Lecanoromycetes","o__Lecanorales","f__Parmeliaceae","g__Melanohalea","s__olivacea 4",FALSE,"novel_new_SH","UNITE_container",NA,TRUE,"k__Fungi;p__Ascomycota;c__Lecanoromycetes;o__Lecanorales;f__Parmeliaceae;g__Melanohalea",6,100,"s984","s662","SH0077514.10FU","new_singleton_in","new_singleton_in","present_in",3,0.00131785178617344,1,4.85595510593967e-07
"OTU663","k__Fungi","p__Ascomycota","c__Leotiomycetes","o__Helotiales",NA,NA,NA,TRUE,"novel_new_SH","UNITE_container",NA,TRUE,"k__Fungi;p__Ascomycota;c__Leotiomycetes;o__Helotiales",4,100,"s985","s663","s120","new_singleton_in","new_singleton_in","new_singleton_in",0,0,2,1.13240000498933e-05
"OTU664","k__Fungi","p__Ascomycota","c__Leotiomycetes","o__Helotiales","f__Hamatocanthoscyphaceae","g__Stipitochalara",NA,FALSE,"novel_new_SH","UNITE_container",NA,TRUE,"k__Fungi;p__Ascomycota",2,98.6,"170","109","10","new_sh_in","new_sh_in","new_sh_in",0,0,2,4.19772796499138e-06
"OTU665","k__Fungi","p__Ascomycota","c__Dothideomycetes","o__Botryosphaeriales","f__Botryosphaeriaceae","g__Dothiorella",NA,FALSE,"placeable_existing_SH","UNITE_container","https://unite.ut.ee/sh/SH0578836.10FU",FALSE,"k__Fungi;p__Ascomycota;c__Dothideomycetes;o__Botryosphaeriales;f__Botryosphaeriaceae;g__Dothiorella",6,100,"SH0874031.10FU","SH0578836.10FU","SH0094137.10FU","present_in","present_in","present_in",0,0,1,4.43930355683529e-06
"OTU666","k__Fungi","p__Ascomycota","c__Dothideomycetes","o__Mycosphaerellales","f__Mycosphaerellaceae","g__Zymoseptoria",NA,FALSE,"placeable_existing_SH","UNITE_container","https://unite.ut.ee/sh/SH0663419.10FU",FALSE,"k__Fungi;p__Ascomycota;c__Dothideomycetes;o__Mycosphaerellales;f__Mycosphaerellaceae;g__Zymoseptoria",6,100,"SH0972084.10FU","SH0663419.10FU","SH0162073.10FU","present_in","present_in","present_in",0,0,1,3.29498203743001e-06
"OTU667","k__Fungi","p__Ascomycota","c__Leotiomycetes","o__Helotiales","f__Sclerotiniaceae","g__Botrytis","s__caroliniana",FALSE,"placeable_existing_SH","UNITE_container","https://unite.ut.ee/sh/SH0656294.10FU",FALSE,"k__Fungi;p__Ascomycota;c__Leotiomycetes;o__Helotiales;f__Sclerotiniaceae;g__Botrytis;s__Botrytis_caroliniana",7,100,"SH0963836.10FU","SH0656294.10FU","SH0156815.10FU","present_in","present_in","present_in",0,0,2,7.04590839612102e-06
"OTU668","k__Fungi","p__Ascomycota","c__Dothideomycetes","o__Phaeothecales","f__Phaeothecaceae","g__Phaeotheca",NA,FALSE,"placeable_existing_SH","UNITE_container","https://unite.ut.ee/sh/SH0691264.10FU",FALSE,"k__Fungi;p__Ascomycota;c__Dothideomycetes;o__Phaeothecales;f__Phaeothecaceae;g__Phaeotheca",6,99.3,"SH1005577.10FU","SH0691264.10FU","SH0183711.10FU","present_in","present_in","present_in",0,0,1,5.11225901120855e-06
"OTU672","k__Fungi","p__Basidiomycota","c__Cystobasidiomycetes",NA,NA,NA,NA,TRUE,"novel_new_SH","UNITE_container",NA,FALSE,"k__Fungi;p__Basidiomycota;c__Cystobasidiomycetes",3,82.9,"208","146","36","new_sh_in","new_sh_in","new_sh_in",0,0,5,6.36079737310984e-06
"OTU674","k__Fungi","p__Basidiomycota","c__Pucciniomycetes","o__Pucciniales","f__Coleosporiaceae","g__Chrysomyxa",NA,FALSE,"placeable_existing_SH","PlutoF_live","https://unite.ut.ee/sh/SH0569207.10FU",FALSE,"k__Fungi;p__Basidiomycota;c__Pucciniomycetes;o__Pucciniales;f__Coleosporiaceae;g__Chrysomyxa",6,98.9,"204","SH0569207.10FU","33","new_sh_in","new_sh_in","new_sh_in",1,0.000104200925434469,0,0
"OTU675","k__Fungi","p__Basidiomycota","c__Tremellomycetes","o__Tremellales","f__Sirobasidiaceae","g__Fibulobasidium",NA,FALSE,"placeable_existing_SH","UNITE_container","https://unite.ut.ee/sh/SH0475627.10FU",FALSE,"k__Fungi;p__Basidiomycota;c__Tremellomycetes;o__Tremellales;f__Sirobasidiaceae;g__Fibulobasidium",6,99.4,"SH0750611.10FU","SH0475627.10FU","SH0014761.10FU","present_in","present_in","present_in",0,0,1,4.11288417765623e-06
"OTU676","k__Fungi","p__Basidiomycota","c__Tremellomycetes","o__Filobasidiales","f__Piskurozymaceae","g__Piskurozyma","s__cylindrica 3",FALSE,"placeable_existing_SH","UNITE_container","https://unite.ut.ee/sh/SH0532297.10FU",FALSE,"k__Fungi;p__Basidiomycota;c__Tremellomycetes;o__Filobasidiales;f__Piskurozymaceae;g__Piskurozyma;s__Piskurozyma_liliaceifoliae",7,100,"SH0820061.10FU","SH0532297.10FU","SH0056608.10FU","present_in","present_in","present_in",0,0,4,0.000273829586819099
"OTU678","k__Fungi","p__Ascomycota","c__Dothideomycetes","o__Dothideales","f__Saccotheciaceae","g__Kabatiella",NA,FALSE,"placeable_existing_SH","UNITE_container","https://unite.ut.ee/sh/SH0615019.10FU",FALSE,"k__Fungi;p__Ascomycota;c__Dothideomycetes;o__Dothideales;f__Saccotheciaceae;g__Kabatiella",6,100,"SH0915547.10FU","SH0615019.10FU","SH0123706.10FU","present_in","present_in","present_in",0,0,1,4.87988360160816e-06
"OTU680","k__Fungi","p__Ascomycota",NA,NA,NA,NA,NA,TRUE,"excluded_nonITS","UNITE_container",NA,FALSE,NA,NA,NA,NA,NA,NA,NA,NA,NA,1,0.000459107524052408,0,0
"OTU681","k__Fungi","p__Ascomycota","c__Sordariomycetes",NA,NA,NA,NA,TRUE,"no_SH_match","UNITE_container",NA,FALSE,NA,NA,NA,NA,NA,NA,NA,NA,NA,0,0,1,3.61468929138224e-06
"OTU682","k__Fungi","p__Basidiomycota","c__Microbotryomycetes","o__Kriegeriales","f__Kriegeriaceae",NA,NA,TRUE,"placeable_existing_SH","UNITE_container","https://unite.ut.ee/sh/SH0705761.10FU",FALSE,"k__Fungi;p__Basidiomycota;c__Microbotryomycetes;o__Sporidiobolales;f__Sporidiobolaceae;g__Rhodotorula",6,99,"SH1022735.10FU","SH0705761.10FU","SH0194993.10FU","present_in","present_in","present_in",0,0,2,4.54750462633983e-06
"OTU683","k__Fungi","p__Basidiomycota","c__Microbotryomycetes","o__Microbotryomycetes_ord_Incertae_sedis","f__Colacogloeaceae","g__Colacogloea","s__falcata",FALSE,"placeable_existing_SH","PlutoF_live","https://unite.ut.ee/sh/SH0461309.10FU",FALSE,"k__Fungi;p__Basidiomycota;c__Microbotryomycetes",3,97.5,"s987","SH0461309.10FU","SH0003203.10FU","new_singleton_in","new_singleton_in","present_in",0,0,4,1.1438620813661e-05
"OTU684","k__Fungi","p__Ascomycota",NA,NA,NA,NA,NA,TRUE,"no_SH_match","UNITE_container",NA,FALSE,NA,NA,NA,NA,NA,NA,NA,NA,NA,0,0,2,3.66299948867861e-06
"OTU686","k__Fungi","p__Ascomycota","c__Eurotiomycetes","o__Eurotiales","f__Aspergillaceae","g__Penicillium",NA,FALSE,"placeable_existing_SH","UNITE_container","https://unite.ut.ee/sh/SH0636416.10FU",FALSE,"k__Fungi;p__Ascomycota;c__Eurotiomycetes;o__Eurotiales;f__Aspergillaceae;g__Penicillium",6,100,"SH0940535.10FU","SH0636416.10FU","SH0140837.10FU","present_in","present_in","present_in",1,6.14529617655703e-06,1,1.98138629107131e-05
"OTU687","k__Fungi",NA,NA,NA,NA,NA,NA,TRUE,"no_SH_match","UNITE_container",NA,FALSE,NA,NA,NA,NA,NA,NA,NA,NA,NA,0,0,1,7.75453111960188e-06
"OTU688","k__Fungi","p__Ascomycota",NA,NA,NA,NA,NA,TRUE,"no_SH_match","UNITE_container",NA,FALSE,NA,NA,NA,NA,NA,NA,NA,NA,NA,1,0.000260655899060725,0,0
"OTU689","k__Fungi","p__Mortierellomycota","c__Mortierellomycetes","o__Mortierellales","f__Mortierellaceae","g__Mortierella","s__basiparvispora 1",FALSE,"placeable_existing_SH","UNITE_container","https://unite.ut.ee/sh/SH0573265.10FU",FALSE,"k__Fungi;p__Mortierellomycota;c__Mortierellomycetes;o__Mortierellales;f__Mortierellaceae",5,100,"SH0867661.10FU","SH0573265.10FU","SH0089571.10FU","present_in","present_in","present_in",0,0,1,3.56365596090232e-06
"OTU691","k__Fungi","p__Ascomycota","c__Dothideomycetes","o__Dothideales",NA,NA,NA,TRUE,"novel_new_SH","UNITE_container",NA,FALSE,"k__Fungi;p__Ascomycota;c__Dothideomycetes",3,85.4,"164","104","6","new_sh_in","new_sh_in","new_sh_in",15,0.0237587698810277,0,0
"OTU692","k__Fungi","p__Ascomycota",NA,NA,NA,NA,NA,TRUE,"no_SH_match","UNITE_container",NA,FALSE,NA,NA,NA,NA,NA,NA,NA,NA,NA,1,0.00046643343239822,0,0
"OTU696","k__Fungi","p__Basidiomycota","c__Agaricomycetes","o__Thelephorales","f__Thelephoraceae","g__Polyozellus","s__umbrinus",FALSE,"placeable_existing_SH","UNITE_container","https://unite.ut.ee/sh/SH0585119.10FU",FALSE,"k__Fungi;p__Basidiomycota;c__Agaricomycetes;o__Thelephorales;f__Thelephoraceae;g__Polyozellus;s__Polyozellus_umbrinus",7,100,"SH0881211.10FU","SH0585119.10FU","SH0099186.10FU","present_in","present_in","present_in",0,0,2,0.000480870096396377
"OTU697","k__Fungi","p__Ascomycota","c__Sordariomycetes","o__Hypocreales","f__Bionectriaceae","g__Nectriopsis",NA,FALSE,"placeable_existing_SH","UNITE_container","https://unite.ut.ee/sh/SH0636581.10FU",FALSE,"k__Fungi;p__Ascomycota;c__Sordariomycetes;o__Hypocreales;f__Bionectriaceae;g__Nectriopsis",6,100,"SH0940997.10FU","SH0636581.10FU","SH0141079.10FU","present_in","present_in","present_in",0,0,1,0.000697111134606501
"OTU698","k__Fungi","p__Basidiomycota","c__Cystobasidiomycetes","o__Buckleyzymales","f__Buckleyzymaceae","g__Buckleyzyma","s__aurantiaca 1",FALSE,"placeable_existing_SH","UNITE_container","https://unite.ut.ee/sh/SH0657074.10FU",FALSE,"k__Fungi;p__Basidiomycota;c__Cystobasidiomycetes;o__Buckleyzymales;f__Buckleyzymaceae;g__Buckleyzyma;s__Buckleyzyma_aurantiaca",7,100,"SH0964734.10FU","SH0657074.10FU","SH0157278.10FU","present_in","present_in","present_in",1,1.46952734656799e-05,0,0
"OTU699","k__Fungi","p__Ascomycota","c__Eurotiomycetes",NA,NA,NA,NA,TRUE,"no_SH_match","UNITE_container",NA,FALSE,NA,NA,NA,NA,NA,NA,NA,NA,NA,0,0,1,5.92259302529123e-06
"OTU700","k__Fungi","p__Ascomycota","c__Eurotiomycetes","o__Chaetothyriales","f__Herpotrichiellaceae","g__Neosorocybe","s__pini 1",FALSE,"novel_new_SH","UNITE_container",NA,TRUE,"k__Fungi;p__Ascomycota",2,95,"s989","s667","s123","new_singleton_in","new_singleton_in","new_singleton_in",0,0,1,5.92259302529123e-06
"OTU701","k__Fungi","p__Ascomycota","c__Eurotiomycetes","o__Chaetothyriales","f__Epibryaceae","g__Epibryon",NA,FALSE,"placeable_existing_SH","UNITE_container","https://unite.ut.ee/sh/SH0652618.10FU",FALSE,"k__Fungi;p__Ascomycota;c__Eurotiomycetes;o__Chaetothyriales;f__Herpotrichiellaceae;g__Cladophialophora",6,98.8,"SH0959409.10FU","SH0652618.10FU","SH0153978.10FU","present_in","present_in","present_in",1,0.000747200957405941,0,0
"OTU702","k__Fungi","p__Ascomycota","c__Leotiomycetes","o__Helotiales","f__Lachnaceae","g__Lachnellula",NA,FALSE,"novel_new_SH","UNITE_container",NA,TRUE,"k__Fungi;p__Ascomycota;c__Leotiomycetes;o__Helotiales;f__Lachnaceae;g__Lachnellula",6,100,"s990","s668","SH0183063.10FU","new_singleton_in","new_singleton_in","present_in",0,0,1,2.60647832811628e-06
"OTU703","k__Fungi","p__Ascomycota","c__Leotiomycetes","o__Helotiales",NA,NA,NA,TRUE,"novel_new_SH","UNITE_container",NA,TRUE,"k__Fungi;p__Ascomycota;c__Leotiomycetes;o__Helotiales",4,85.4,"s991","s669","s124","new_singleton_in","new_singleton_in","new_singleton_in",2,0.00140225598670822,1,1.84434826046699e-05
"OTU705","k__Fungi","p__Ascomycota",NA,NA,NA,NA,NA,TRUE,"no_SH_match","UNITE_container",NA,FALSE,NA,NA,NA,NA,NA,NA,NA,NA,NA,3,0.00182999393770394,0,0
"OTU706","k__Fungi","p__Basidiomycota","c__Microbotryomycetes","o__Microbotryomycetes_ord_Incertae_sedis",NA,NA,NA,TRUE,"novel_new_SH","UNITE_container",NA,FALSE,"k__Fungi;p__Basidiomycota;c__Microbotryomycetes;o__Sporidiobolales",4,82.6,"s992","s670","s125","new_singleton_in","new_singleton_in","new_singleton_in",0,0,2,2.63587042904769e-06
"OTU707","k__Fungi","p__Ascomycota","c__Dothideomycetes","o__Mycosphaerellales","f__Teratosphaeriaceae","g__Lapidomyces",NA,FALSE,"novel_new_SH","UNITE_container",NA,TRUE,"k__Fungi;p__Ascomycota;c__Dothideomycetes",3,100,"s993","s671","s126","new_singleton_in","new_singleton_in","new_singleton_in",0,0,1,5.77192248308105e-06
"OTU708","k__Fungi",NA,NA,NA,NA,NA,NA,TRUE,"no_SH_match","UNITE_container",NA,FALSE,NA,NA,NA,NA,NA,NA,NA,NA,NA,0,0,1,5.70323772805822e-06
"OTU709","k__Fungi","p__Ascomycota","c__Eurotiomycetes","o__Chaetothyriales","f__Herpotrichiellaceae","g__Cladophialophora","s__nyingchiensis",FALSE,"novel_new_SH","UNITE_container",NA,FALSE,"k__Fungi;p__Ascomycota;c__Eurotiomycetes",3,100,"s994","s672","s127","new_singleton_in","new_singleton_in","new_singleton_in",0,0,1,5.70323772805822e-06
"OTU710","k__Fungi","p__Ascomycota","c__Saccharomycetes","o__Saccharomycetales","f__Saccharomycetales_fam_Incertae_sedis","g__Candida","s__parapsilosis 4",FALSE,"placeable_existing_SH","UNITE_container","https://unite.ut.ee/sh/SH0591952.10FU",FALSE,"k__Fungi;p__Ascomycota;c__Saccharomycetes;o__Saccharomycetales",4,99.2,"174","SH0591952.10FU","SH0104971.10FU","new_sh_in","present_in","present_in",1,0.000843001803870121,0,0
"OTU712","k__Fungi","p__Ascomycota","c__Leotiomycetes","o__Helotiales",NA,NA,NA,TRUE,"novel_new_SH","UNITE_container",NA,TRUE,"k__Fungi;p__Ascomycota",2,100,"s995","s673","s128","new_singleton_in","new_singleton_in","new_singleton_in",0,0,3,8.25993397513838e-06
"OTU714","k__Fungi","p__Ascomycota","c__Dothideomycetes","o__Dothideomycetes_ord_Incertae_sedis","f__Naetrocymbaceae","g__Naetrocymbe","s__punctiformis 3",FALSE,"placeable_existing_SH","UNITE_container","https://unite.ut.ee/sh/SH0554926.10FU",FALSE,"k__Fungi;p__Ascomycota;c__Dothideomycetes;o__Dothideomycetes_ord_Incertae_sedis;f__Naetrocymbaceae;g__Naetrocymbe;s__Naetrocymbe_punctiformis",7,100,"SH0846571.10FU","SH0554926.10FU","SH0074649.10FU","present_in","present_in","present_in",1,0.000785533296965076,0,0
"OTU715","k__Fungi","p__Ascomycota","c__Dothideomycetes","o__Botryosphaeriales",NA,NA,NA,TRUE,"novel_new_SH","UNITE_container",NA,FALSE,"k__Fungi;p__Ascomycota;c__Dothideomycetes;o__Botryosphaeriales",4,85.3,"184","121","17","new_sh_in","new_sh_in","new_sh_in",11,0.0215905812571212,0,0
"OTU718","k__Fungi","p__Ascomycota","c__Dothideomycetes","o__Dothideales","f__Saccotheciaceae","g__Saccothecium",NA,FALSE,"placeable_existing_SH","UNITE_container","https://unite.ut.ee/sh/SH0623961.10FU",FALSE,"k__Fungi;p__Ascomycota;c__Dothideomycetes;o__Dothideales;f__Saccotheciaceae;g__Saccothecium",6,98.8,"SH0925972.10FU","SH0623961.10FU","SH0130721.10FU","present_in","present_in","present_in",0,0,4,7.25079946818894e-06
"OTU719","k__Fungi","p__Ascomycota","c__Leotiomycetes","o__Helotiales","f__Helotiaceae",NA,NA,TRUE,"placeable_existing_SH","PlutoF_live","https://unite.ut.ee/sh/SH0678997.10FU",FALSE,"k__Fungi;p__Ascomycota;c__Leotiomycetes;o__Helotiales;f__Helotiaceae",5,100,"s996","SH0678997.10FU","s129","new_singleton_in","new_singleton_in","new_singleton_in",0,0,2,2.75935324597665e-06
"OTU720","k__Fungi","p__Basidiomycota","c__Tremellomycetes","o__Filobasidiales","f__Piskurozymaceae","g__Piskurozyma","s__arborea 3",FALSE,"placeable_existing_SH","UNITE_container","https://unite.ut.ee/sh/SH0482743.10FU",FALSE,"k__Fungi;p__Basidiomycota;c__Tremellomycetes;o__Filobasidiales;f__Piskurozymaceae;g__Piskurozyma",6,100,"SH0759265.10FU","SH0482743.10FU","SH0020240.10FU","present_in","present_in","present_in",0,0,1,0.000263275977627732
"OTU721","k__Fungi","p__Ascomycota","c__Sordariomycetes","o__Diaporthales","f__Cytosporaceae","g__Cytospora",NA,FALSE,"placeable_existing_SH","PlutoF_live","https://unite.ut.ee/sh/SH0478770.10FU",FALSE,"k__Fungi;p__Ascomycota;c__Sordariomycetes;o__Diaporthales;f__Cytosporaceae;g__Cytospora;s__Cytospora_sophoricola",7,100,"209","SH0478770.10FU","27","new_sh_in","new_sh_in","new_sh_in",0,0,1,2.26222647345941e-06
"OTU722","k__Fungi","p__Basidiomycota","c__Agaricostilbomycetes",NA,NA,NA,NA,TRUE,"novel_new_SH","UNITE_container",NA,FALSE,"k__Fungi;p__Basidiomycota;c__Agaricostilbomycetes;o__Agaricostilbales",4,94,"s997","s675","s130","new_singleton_in","new_singleton_in","new_singleton_in",0,0,1,3.0030582884474e-06
"OTU723","k__Fungi","p__Basidiomycota","c__Cystobasidiomycetes","o__Cystobasidiomycetes_ord_Incertae_sedis","f__Cystobasidiomycetes_fam_Incertae_sedis","g__Cystobasidiomycetes_gen_Incertae_sedis",NA,FALSE,"placeable_existing_SH","UNITE_container","https://unite.ut.ee/sh/SH0670117.10FU",FALSE,"k__Fungi;p__Basidiomycota;c__Cystobasidiomycetes",3,99,"SH0980350.10FU","SH0670117.10FU","SH0167238.10FU","present_in","present_in","present_in",1,0.00152989946262331,0,0
"OTU725","k__Fungi","p__Ascomycota","c__Eurotiomycetes","o__Chaetothyriales","f__Herpotrichiellaceae","g__Exophiala","s__moniliae",FALSE,"placeable_existing_SH","UNITE_container","https://unite.ut.ee/sh/SH0667455.10FU",FALSE,"k__Fungi;p__Ascomycota;c__Eurotiomycetes;o__Chaetothyriales;f__Herpotrichiellaceae;g__Exophiala;s__Exophiala_moniliae",7,100,"SH0976234.10FU","SH0667455.10FU","SH0165229.10FU","present_in","present_in","present_in",0,0,1,4.93549418774269e-06
"OTU726","k__Fungi","p__Ascomycota","c__Taphrinomycetes","o__Taphrinales","f__Taphrinaceae","g__Taphrina","s__betulina 3",FALSE,"placeable_existing_SH","UNITE_container","https://unite.ut.ee/sh/SH0534174.10FU",FALSE,"k__Fungi;p__Ascomycota;c__Taphrinomycetes;o__Taphrinales;f__Taphrinaceae;g__Taphrina;s__Taphrina_betulina",7,99,"SH0822284.10FU","SH0534174.10FU","SH0058153.10FU","present_in","present_in","present_in",1,4.99516357162632e-06,0,0
"OTU727","k__Fungi","p__Basidiomycota","c__Malasseziomycetes","o__Malasseziales","f__Malasseziaceae","g__Malassezia",NA,FALSE,"placeable_existing_SH","UNITE_container","https://unite.ut.ee/sh/SH0686389.10FU",FALSE,"k__Fungi;p__Basidiomycota;c__Malasseziomycetes;o__Malasseziales;f__Malasseziaceae;g__Malassezia;s__Malassezia_restricta",7,100,"SH0999786.10FU","SH0686389.10FU","SH0179873.10FU","present_in","present_in","present_in",2,0.000570391926721143,0,0
"OTU729","k__Fungi","p__Ascomycota","c__Dothideomycetes",NA,NA,NA,NA,TRUE,"placeable_existing_SH","UNITE_container","https://unite.ut.ee/sh/SH0676380.10FU",FALSE,"k__Fungi;p__Ascomycota;c__Dothideomycetes;o__Venturiales;f__Venturiaceae;g__Fagicola",6,98.6,"168","SH0676380.10FU","SH0171985.10FU","new_sh_in","present_in","present_in",1,0.000255291639816437,2,0.00010082175721351
"OTU730","k__Fungi","p__Ascomycota","c__Leotiomycetes","o__Rhytismatales","f__Rhytismataceae","g__Lophodermium","s__piceae 1",FALSE,"placeable_existing_SH","UNITE_container","https://unite.ut.ee/sh/SH0669835.10FU",FALSE,"k__Fungi;p__Ascomycota;c__Leotiomycetes",3,100,"SH0980051.10FU","SH0669835.10FU","SH0167003.10FU","present_in","present_in","present_in",0,0,2,2.55467396800811e-06
"OTU731","k__Fungi","p__Ascomycota","c__Sordariomycetes","o__Diaporthales","f__Melanconidaceae","g__Melanconis",NA,FALSE,"novel_new_SH","UNITE_container",NA,TRUE,"k__Fungi;p__Ascomycota;c__Sordariomycetes",3,100,"s998","s676","s131","new_singleton_in","new_singleton_in","new_singleton_in",1,0.0110848517191431,0,0
"OTU733","k__Fungi","p__Ascomycota","c__Lecanoromycetes","o__Lecanorales","f__Psilolechiaceae","g__Psilolechiaceae_gen_Incertae_sedis",NA,FALSE,"excluded_nonITS","UNITE_container",NA,FALSE,NA,NA,NA,NA,NA,NA,NA,NA,NA,13,0.0185210262136576,1,7.32641202305241e-08
"OTU734","k__Fungi","p__Basidiomycota",NA,NA,NA,NA,NA,TRUE,"novel_new_SH","UNITE_container",NA,FALSE,"k__Fungi;p__Basidiomycota",2,80.7,"s1007","s683","s137","new_singleton_in","new_singleton_in","new_singleton_in",1,0.000574365071652729,0,0
"OTU736","k__Fungi","p__Ascomycota","c__Eurotiomycetes","o__Chaetothyriales",NA,NA,NA,TRUE,"placeable_existing_SH","UNITE_container","https://unite.ut.ee/sh/SH0652652.10FU",FALSE,"k__Fungi;p__Ascomycota;c__Eurotiomycetes;o__Chaetothyriales;f__Herpotrichiellaceae;g__Cladophialophora",6,100,"s999","SH0652652.10FU","SH0154029.10FU","new_singleton_in","present_in","present_in",0,0,1,4.49678359327667e-06
"OTU737","k__Fungi","p__Basidiomycota","c__Exobasidiomycetes","o__Exobasidiales","f__Exobasidiaceae","g__Exobasidium","s__vaccinii 4",FALSE,"placeable_existing_SH","UNITE_container","https://unite.ut.ee/sh/SH0631571.10FU",FALSE,"k__Fungi;p__Basidiomycota;c__Exobasidiomycetes;o__Exobasidiales;f__Exobasidiaceae;g__Exobasidium",6,98.9,"SH0934702.10FU","SH0631571.10FU","SH0136959.10FU","present_in","present_in","present_in",0,0,1,1.6760443391398e-05
"OTU740","k__Fungi","p__Ascomycota","c__Dothideomycetes","o__Pleosporales","f__Pleosporaceae","g__Curvularia","s__intermedia 2",FALSE,"placeable_existing_SH","UNITE_container","https://unite.ut.ee/sh/SH0563685.10FU",FALSE,"k__Fungi;p__Ascomycota;c__Dothideomycetes;o__Pleosporales;f__Pleosporaceae;g__Curvularia",6,100,"SH0856722.10FU","SH0563685.10FU","SH0081674.10FU","present_in","present_in","present_in",0,0,1,2.50081120063321e-06
"OTU741","k__Fungi","p__Basidiomycota","c__Tremellomycetes","o__Tremellales",NA,NA,NA,TRUE,"placeable_existing_SH","UNITE_container","https://unite.ut.ee/sh/SH0569548.10FU",FALSE,"k__Fungi;p__Basidiomycota;c__Tremellomycetes;o__Tremellales",4,96.1,"s1009","SH0569548.10FU","SH0086458.10FU","new_singleton_in","present_in","present_in",1,0.000521148977402885,0,0
"OTU742","k__Fungi","p__Zoopagomycota","c__Zoopagomycetes","o__Zoopagales","f__Piptocephalidaceae","g__Syncephalis","s__aurantiaca 2",FALSE,"novel_new_SH","UNITE_container",NA,FALSE,"k__Fungi;p__Zoopagomycota;c__Zoopagomycetes;o__Zoopagales;f__Piptocephalidaceae;g__Syncephalis",6,95,"s1002","s679","SH0151646.10FU","new_singleton_in","new_singleton_in","present_in",0,0,1,4.38710594466017e-06
"OTU743","k__Fungi","p__Ascomycota","c__Dothideomycetes","o__Venturiales","f__Sympoventuriaceae",NA,NA,TRUE,"placeable_existing_SH","UNITE_container","https://unite.ut.ee/sh/SH0475132.10FU",FALSE,"k__Fungi;p__Ascomycota;c__Dothideomycetes;o__Venturiales;f__Sympoventuriaceae",5,98.7,"SH0750105.10FU","SH0475132.10FU","SH0014346.10FU","present_in","present_in","present_in",1,4.46074101829796e-06,1,1.44298062077026e-06
"OTU744","k__Fungi","p__Ascomycota","c__Dothideomycetes","o__Venturiales","f__Venturiaceae",NA,NA,TRUE,"novel_new_SH","UNITE_container",NA,TRUE,"k__Fungi;p__Ascomycota;c__Dothideomycetes",3,90.9,"s1003","s680","s134","new_singleton_in","new_singleton_in","new_singleton_in",0,0,1,0.000143487779471481
"OTU747","k__Fungi","p__Basidiomycota","c__Microbotryomycetes","o__Microbotryomycetes_ord_Incertae_sedis","f__Colacogloeaceae","g__Colacogloea",NA,FALSE,"novel_new_SH","UNITE_container",NA,FALSE,"k__Fungi;p__Basidiomycota;c__Microbotryomycetes",3,89.3,"s1004","s681","s135","new_singleton_in","new_singleton_in","new_singleton_in",0,0,2,1.46406911058928e-05
"OTU749","k__Fungi","p__Basidiomycota","c__Tremellomycetes","o__Filobasidiales","f__Piskurozymaceae","g__Piskurozyma",NA,FALSE,"placeable_existing_SH","UNITE_container","https://unite.ut.ee/sh/SH0646821.10FU",FALSE,"k__Fungi;p__Basidiomycota;c__Tremellomycetes;o__Tremellales;f__Cryptococcaceae;g__Cryptococcus",6,100,"SH0952502.10FU","SH0646821.10FU","SH0149330.10FU","present_in","present_in","present_in",0,0,9,0.000505851175781985
"OTU750","k__Fungi","p__Ascomycota","c__Eurotiomycetes","o__Chaetothyriales",NA,NA,NA,TRUE,"placeable_existing_SH","UNITE_container","https://unite.ut.ee/sh/SH0693206.10FU",FALSE,"k__Fungi;p__Ascomycota;c__Eurotiomycetes;o__Chaetothyriales;f__Chaetothyriaceae",5,98.8,"SH1007807.10FU","SH0693206.10FU","SH0185319.10FU","present_in","present_in","present_in",1,2.8917305637657e-05,0,0
"OTU752","k__Fungi","p__Ascomycota","c__Leotiomycetes","o__Helotiales","f__Gelatinodiscaceae","g__Neobulgaria",NA,FALSE,"placeable_existing_SH","UNITE_container","https://unite.ut.ee/sh/SH0614396.10FU",FALSE,"k__Fungi;p__Ascomycota;c__Leotiomycetes;o__Helotiales;f__Gelatinodiscaceae;g__Neobulgaria",6,100,"SH0914858.10FU","SH0614396.10FU","SH0123152.10FU","present_in","present_in","present_in",0,0,1,2.03799732795906e-05
"OTU753","k__Fungi","p__Ascomycota","c__Leotiomycetes","o__Helotiales",NA,NA,NA,TRUE,"novel_new_SH","UNITE_container",NA,TRUE,"k__Fungi",1,88.7,"s1005","s682","s136","new_singleton_in","new_singleton_in","new_singleton_in",0,0,2,2.37214128875764e-06
"OTU754","k__Fungi","p__Ascomycota","c__Sordariomycetes","o__Diaporthales","f__Cytosporaceae","g__Cytospora",NA,FALSE,"placeable_existing_SH","UNITE_container","https://unite.ut.ee/sh/SH0478817.10FU",FALSE,"k__Fungi;p__Ascomycota;c__Sordariomycetes;o__Diaporthales;f__Cytosporaceae;g__Cytospora",6,100,"SH0754758.10FU","SH0478817.10FU","SH0017044.10FU","present_in","present_in","present_in",0,0,2,2.07643385933284e-06
"OTU755","k__Fungi","p__Basidiomycota","c__Tremellomycetes","o__Filobasidiales","f__Filobasidiaceae","g__Heterocephalacria",NA,FALSE,"placeable_existing_SH","UNITE_container","https://unite.ut.ee/sh/SH0680382.10FU",FALSE,"k__Fungi;p__Basidiomycota;c__Tremellomycetes;o__Filobasidiales;f__Filobasidiaceae;g__Heterocephalacria",6,100,"SH0992644.10FU","SH0680382.10FU","SH0175261.10FU","present_in","present_in","present_in",0,0,3,1.12601798022291e-05
"OTU756","k__Fungi","p__Basidiomycota",NA,NA,NA,NA,NA,TRUE,"no_SH_match","UNITE_container",NA,FALSE,NA,NA,NA,NA,NA,NA,NA,NA,NA,0,0,1,2.28493565425346e-06
"OTU757","k__Fungi",NA,NA,NA,NA,NA,NA,TRUE,"excluded_nonITS","UNITE_container",NA,FALSE,NA,NA,NA,NA,NA,NA,NA,NA,NA,1,2.66343604557367e-05,0,0
"OTU758","k__Fungi","p__Ascomycota","c__Dothideomycetes","o__Mycosphaerellales","f__Teratosphaeriaceae","g__Meristemomyces",NA,FALSE,"novel_new_SH","UNITE_container",NA,TRUE,"k__Fungi;p__Ascomycota;c__Dothideomycetes;o__Mycosphaerellales;f__Teratosphaeriaceae;g__Meristemomyces",6,100,"188","126","SH0072085.10FU","new_sh_in","new_sh_in","present_in",2,0.000373424422820279,10,0.00608857243753531
"OTU760","k__Fungi","p__Mortierellomycota","c__Mortierellomycetes","o__Mortierellales","f__Mortierellaceae","g__Mortierella","s__alliacea",FALSE,"placeable_existing_SH","UNITE_container","https://unite.ut.ee/sh/SH0573290.10FU",FALSE,"k__Fungi;p__Mortierellomycota;c__Mortierellomycetes;o__Mortierellales;f__Mortierellaceae;g__Mortierella",6,100,"s1006","SH0573290.10FU","SH0089570.10FU","new_singleton_in","present_in","present_in",0,0,1,1.47536509138657e-07
"OTU761","k__Fungi","p__Basidiomycota","c__Tremellomycetes","o__Cystofilobasidiales","f__Mrakiaceae","g__Mrakia","s__psychrophila 1",FALSE,"placeable_existing_SH","UNITE_container","https://unite.ut.ee/sh/SH0651934.10FU",FALSE,"k__Fungi;p__Basidiomycota;c__Tremellomycetes;o__Cystofilobasidiales;f__Mrakiaceae;g__Mrakia;s__Mrakia_psychrophila",7,99.1,"SH0958535.10FU","SH0651934.10FU","SH0153435.10FU","present_in","present_in","present_in",0,0,3,1.86044818825761e-06
"OTU762","k__Fungi","p__Ascomycota","c__Arthoniomycetes","o__Lichenostigmatales","f__Phaeococcomycetaceae","g__Phaeococcomyces",NA,FALSE,"placeable_existing_SH","UNITE_container","https://unite.ut.ee/sh/SH0464471.10FU",FALSE,"k__Fungi;p__Ascomycota",2,100,"SH0737723.10FU","SH0464471.10FU","SH0005723.10FU","present_in","present_in","present_in",0,0,2,2.6173057749695e-06
"OTU763","k__Fungi",NA,NA,NA,NA,NA,NA,TRUE,"no_SH_match","UNITE_container",NA,FALSE,NA,NA,NA,NA,NA,NA,NA,NA,NA,0,0,1,3.72904005296114e-06
"OTU765","k__Fungi","p__Basidiomycota","c__Tremellomycetes","o__Filobasidiales","f__Piskurozymaceae","g__Piskurozyma","s__fildesensis 1",FALSE,"novel_new_SH","UNITE_container",NA,FALSE,"k__Fungi",1,88.4,"s1008","s684","s138","new_singleton_in","new_singleton_in","new_singleton_in",0,0,1,2.01474485093436e-06
"OTU767","k__Fungi","p__Ascomycota","c__Dothideomycetes","o__Pleosporales","f__Sporormiaceae","g__Sporormiella","s__intermedia 3",FALSE,"novel_new_SH","UNITE_container",NA,FALSE,"k__Fungi;p__Ascomycota",2,100,"s1010","s685","s139","new_singleton_in","new_singleton_in","new_singleton_in",0,0,2,0.000467013053647258
"OTU769","k__Fungi","p__Basidiomycota","c__Tremellomycetes","o__Cystofilobasidiales",NA,NA,NA,TRUE,"novel_new_SH","UNITE_container",NA,FALSE,"k__Fungi;p__Basidiomycota;c__Microbotryomycetes",3,92.3,"s1011","s686","s140","new_singleton_in","new_singleton_in","new_singleton_in",0,0,1,2.15436790258183e-06
"OTU770","k__Fungi","p__Ascomycota",NA,NA,NA,NA,NA,TRUE,"placeable_existing_SH","UNITE_container","https://unite.ut.ee/sh/SH0717443.10FU",FALSE,"k__Fungi;p__Ascomycota",2,96.6,"s1020","SH0717443.10FU","SH0205969.10FU","new_singleton_in","present_in","present_in",0,0,1,3.52532929513391e-06
"OTU771","k__Fungi","p__Ascomycota","c__Leotiomycetes","o__Helotiales",NA,NA,NA,TRUE,"novel_new_SH","UNITE_container",NA,TRUE,"k__Fungi;p__Ascomycota;c__Leotiomycetes",3,88.5,"s1012","s687","s141","new_singleton_in","new_singleton_in","new_singleton_in",0,0,2,1.9170313700069e-06
"OTU772","k__Fungi","p__Ascomycota","c__Sordariomycetes","o__Xylariales","f__Xylariales_fam_Incertae_sedis",NA,NA,TRUE,"novel_new_SH","UNITE_container",NA,FALSE,"k__Fungi;p__Ascomycota;c__Sordariomycetes",3,91.7,"s1013","s688","s142","new_singleton_in","new_singleton_in","new_singleton_in",0,0,2,2.1403500446956e-06
"OTU773","k__Fungi","p__Ascomycota","c__Dothideomycetes","o__Myriangiales","f__Myriangiales_fam_Incertae_sedis","g__Myriangiales_gen_Incertae_sedis",NA,FALSE,"placeable_existing_SH","UNITE_container","https://unite.ut.ee/sh/SH0664245.10FU",FALSE,"k__Fungi;p__Ascomycota;c__Dothideomycetes;o__Myriangiales",4,98.7,"SH0973252.10FU","SH0664245.10FU","SH0162833.10FU","present_in","present_in","present_in",1,5.49014279175134e-06,0,0
"OTU774","k__Fungi","p__Ascomycota","c__Dothideomycetes","o__Phaeothecales","f__Phaeothecaceae","g__Phaeotheca","s__fissurella",FALSE,"novel_new_SH","UNITE_container",NA,TRUE,"k__Fungi;p__Ascomycota;c__Dothideomycetes",3,96.6,"s1014","s689","s143","new_singleton_in","new_singleton_in","new_singleton_in",0,0,1,2.04140953138061e-06
"OTU775","k__Fungi","p__Ascomycota","c__Eurotiomycetes","o__Sclerococcales","f__Dactylosporaceae","g__Dactylospora",NA,FALSE,"placeable_existing_SH","UNITE_container","https://unite.ut.ee/sh/SH0653604.10FU",FALSE,"k__Fungi;p__Ascomycota;c__Eurotiomycetes;o__Sclerococcales;f__Dactylosporaceae;g__Dactylospora",6,100,"SH0960442.10FU","SH0653604.10FU","SH0154769.10FU","present_in","present_in","present_in",1,1.52196345461353e-05,1,7.18122634193945e-07
"OTU776","k__Fungi","p__Basidiomycota","c__Tremellomycetes","o__Filobasidiales","f__Piskurozymaceae","g__Piskurozyma","s__taiwanensis 2",FALSE,"placeable_existing_SH","PlutoF_live","https://unite.ut.ee/sh/SH0532293.10FU",FALSE,"k__Fungi;p__Basidiomycota;c__Tremellomycetes;o__Filobasidiales;f__Piskurozymaceae;g__Piskurozyma",6,99.3,"175","SH0532293.10FU","12","new_sh_in","new_sh_in","new_sh_in",0,0,4,0.000236114595668348
"OTU777","k__Fungi","p__Basidiomycota","c__Exobasidiomycetes","o__Exobasidiales","f__Exobasidiaceae","g__Exobasidium",NA,FALSE,"placeable_existing_SH","PlutoF_live","https://unite.ut.ee/sh/SH0486610.10FU",FALSE,"k__Fungi;p__Basidiomycota;c__Exobasidiomycetes;o__Exobasidiales;f__Exobasidiaceae;g__Exobasidium",6,99.2,"206","SH0486610.10FU","SH0023366.10FU","new_sh_in","new_sh_in","present_in",0,0,2,7.46258772080716e-06
"OTU778","k__Fungi","p__Ascomycota","c__Eurotiomycetes","o__Chaetothyriales","f__Chaetothyriaceae",NA,NA,TRUE,"novel_new_SH","UNITE_container",NA,FALSE,"k__Fungi;p__Ascomycota;c__Eurotiomycetes",3,92.4,"s1015","139","31","new_singleton_in","new_sh_in","new_sh_in",1,4.31667098333765e-05,0,0
"OTU779","k__Fungi","p__Ascomycota","c__Lecanoromycetes","o__Lecanorales","f__Lecanoraceae","g__Lecanora","s__aitema",FALSE,"placeable_existing_SH","UNITE_container","https://unite.ut.ee/sh/SH0689129.10FU",FALSE,"k__Fungi;p__Ascomycota;c__Lecanoromycetes;o__Lecanorales;f__Lecanoraceae;g__Zeora;s__Zeora_aitema",7,100,"SH1003109.10FU","SH0689129.10FU","SH0181839.10FU","present_in","present_in","present_in",1,0.000868494411338394,0,0
"OTU781","k__Fungi","p__Ascomycota","c__Dothideomycetes","o__Pleosporales","f__Melanommataceae",NA,NA,TRUE,"novel_new_SH","UNITE_container",NA,TRUE,"k__Fungi;p__Ascomycota;c__Dothideomycetes",3,100,"158","98","2","new_sh_in","new_sh_in","new_sh_in",2,0.000507720123581986,0,0
"OTU783","k__Fungi","p__Ascomycota","c__Eurotiomycetes","o__Eurotiales","f__Aspergillaceae","g__Penicillium",NA,FALSE,"placeable_existing_SH","UNITE_container","https://unite.ut.ee/sh/SH0635852.10FU",FALSE,"k__Fungi;p__Ascomycota;c__Eurotiomycetes;o__Eurotiales;f__Aspergillaceae;g__Penicillium;s__Penicillium_spinulosum",7,100,"SH0939673.10FU","SH0635852.10FU","SH0140494.10FU","present_in","present_in","present_in",0,0,2,6.17178834600579e-06
"OTU784","k__Fungi","p__Ascomycota","c__Dothideomycetes","o__Mycosphaerellales","f__Mycosphaerellaceae",NA,NA,TRUE,"novel_new_SH","UNITE_container",NA,TRUE,"k__Fungi;p__Ascomycota;c__Dothideomycetes",3,82.4,"s1016","s690","s144","new_singleton_in","new_singleton_in","new_singleton_in",0,0,1,1.18549477646474e-05
"OTU787","k__Fungi","p__Basidiomycota","c__Agaricomycetes","o__Cantharellales","f__Hydnaceae",NA,NA,TRUE,"placeable_existing_SH","UNITE_container","https://unite.ut.ee/sh/SH0469893.10FU",FALSE,"k__Fungi;p__Basidiomycota;c__Agaricomycetes;o__Cantharellales;f__Hydnaceae;g__Sistotrema",6,99,"SH0743964.10FU","SH0469893.10FU","SH0010122.10FU","present_in","present_in","present_in",0,0,1,1.82794852340277e-06
"OTU788","k__Fungi","p__Ascomycota","c__Dothideomycetes",NA,NA,NA,NA,TRUE,"placeable_existing_SH","UNITE_container","https://unite.ut.ee/sh/SH0690532.10FU",FALSE,"k__Fungi;p__Ascomycota;c__Dothideomycetes",3,100,"SH1004765.10FU","SH0690532.10FU","SH0183108.10FU","present_in","present_in","present_in",9,0.0095450688386573,0,0
"OTU791","k__Fungi","p__Ascomycota","c__Sordariomycetes","o__Diaporthales","f__Cytosporaceae","g__Cytospora",NA,FALSE,"placeable_existing_SH","PlutoF_live","https://unite.ut.ee/sh/SH0478770.10FU",FALSE,"k__Fungi;p__Ascomycota;c__Sordariomycetes;o__Diaporthales;f__Cytosporaceae;g__Cytospora;s__Cytospora_mougeotii",7,99.6,"209","SH0478770.10FU","27","new_sh_in","new_sh_in","new_sh_in",0,0,2,5.27981098948495e-06
"OTU792","k__Fungi","p__Ascomycota","c__Dothideomycetes","o__Venturiales","f__Venturiaceae",NA,NA,TRUE,"novel_new_SH","UNITE_container",NA,TRUE,"k__Fungi;p__Ascomycota;c__Dothideomycetes;o__Venturiales;f__Venturiaceae;g__Fagicola",6,98.6,"210","148","SH0171985.10FU","new_sh_in","new_sh_in","present_in",0,0,1,1.52849799596929e-05
"OTU793","k__Fungi","p__Ascomycota","c__Dothideomycetes","o__Pleosporales","f__Sporormiaceae","g__Sporormiella",NA,FALSE,"novel_new_SH","UNITE_container",NA,TRUE,"k__Fungi;p__Ascomycota",2,96.2,"s1017","s691","s145","new_singleton_in","new_singleton_in","new_singleton_in",0,0,1,0.000246088626411915
"OTU795","k__Fungi","p__Basidiomycota","c__Tremellomycetes","o__Filobasidiales","f__Piskurozymaceae","g__Piskurozyma",NA,FALSE,"placeable_existing_SH","UNITE_container","https://unite.ut.ee/sh/SH0532286.10FU",FALSE,"k__Fungi;p__Basidiomycota;c__Tremellomycetes;o__Filobasidiales;f__Piskurozymaceae;g__Piskurozyma",6,97.8,"SH0820079.10FU","SH0532286.10FU","SH0056619.10FU","present_in","present_in","present_in",0,0,1,7.14490232389271e-06
"OTU797","k__Fungi","p__Ascomycota","c__Dothideomycetes","o__Pleosporales","f__Cucurbitariaceae","g__Neocucurbitaria","s__populi",FALSE,"novel_new_SH","UNITE_container",NA,TRUE,"k__Fungi;p__Ascomycota;c__Dothideomycetes",3,100,"s1018","s692","s146","new_singleton_in","new_singleton_in","new_singleton_in",1,0.000617794928603601,2,1.45484357712568e-06
"OTU798","k__Fungi","p__Basidiomycota","c__Agaricomycetes","o__Agaricales","f__Physalacriaceae","g__Cylindrobasidium","s__evolvens",FALSE,"placeable_existing_SH","UNITE_container","https://unite.ut.ee/sh/SH0583188.10FU",FALSE,"k__Fungi;p__Basidiomycota;c__Agaricomycetes;o__Agaricales;f__Physalacriaceae;g__Cylindrobasidium;s__Cylindrobasidium_evolvens",7,100,"SH0879110.10FU","SH0583188.10FU","SH0097586.10FU","present_in","present_in","present_in",0,0,1,1.17872125246205e-06
"OTU799","k__Fungi","p__Basidiomycota","c__Pucciniomycetes","o__Pucciniales","f__Coleosporiaceae","g__Chrysomyxa",NA,FALSE,"placeable_existing_SH","PlutoF_live","https://unite.ut.ee/sh/SH0569207.10FU",FALSE,"k__Fungi;p__Basidiomycota;c__Pucciniomycetes;o__Pucciniales;f__Coleosporiaceae;g__Chrysomyxa",6,98.9,"204","SH0569207.10FU","33","new_sh_in","new_sh_in","new_sh_in",0,0,1,1.01839216245392e-05
"OTU800","k__Fungi","p__Ascomycota","c__Dothideomycetes","o__Phaeothecales","f__Phaeothecaceae","g__Phaeotheca",NA,FALSE,"novel_new_SH","UNITE_container",NA,TRUE,"k__Fungi;p__Ascomycota;c__Dothideomycetes;o__Phaeothecales;f__Phaeothecaceae;g__Phaeotheca",6,93.8,"193","130","SH0183705.10FU","new_sh_in","new_sh_in","present_in",2,0.000613651195393054,0,0
"OTU804","k__Fungi",NA,NA,NA,NA,NA,NA,TRUE,"no_SH_match","UNITE_container",NA,FALSE,NA,NA,NA,NA,NA,NA,NA,NA,NA,0,0,1,9.79223233128767e-06
"OTU806","k__Fungi","p__Ascomycota","c__Dothideomycetes","o__Venturiales","f__Cylindrosympodiaceae",NA,NA,TRUE,"novel_new_SH","UNITE_container",NA,TRUE,"k__Fungi;p__Ascomycota;c__Dothideomycetes;o__Venturiales",4,87.8,"s1019","s693","s147","new_singleton_in","new_singleton_in","new_singleton_in",0,0,1,1.20828165915438e-06
"OTU807","k__Fungi","p__Basidiomycota",NA,NA,NA,NA,NA,TRUE,"no_SH_match","UNITE_container",NA,FALSE,NA,NA,NA,NA,NA,NA,NA,NA,NA,0,0,4,0.000242114673804218
"OTU808","k__Fungi",NA,NA,NA,NA,NA,NA,TRUE,"no_SH_match","UNITE_container",NA,FALSE,NA,NA,NA,NA,NA,NA,NA,NA,NA,0,0,1,1.50048672037992e-06
"OTU809","k__Fungi","p__Ascomycota","c__Sordariomycetes","o__Hypocreales","f__Nectriaceae","g__Aphanocladium","s__album",FALSE,"placeable_existing_SH","PlutoF_live","https://unite.ut.ee/sh/SH0606845.10FU",FALSE,"k__Fungi;p__Ascomycota;c__Sordariomycetes;o__Hypocreales;f__Nectriaceae;g__Aphanocladium;s__Aphanocladium_album",7,100,"s1021","SH0606845.10FU","SH0117150.10FU","new_singleton_in","new_singleton_in","present_in",0,0,1,1.50048672037992e-06
"OTU810","k__Fungi","p__Basidiomycota","c__Tremellomycetes","o__Tremellales",NA,NA,NA,TRUE,"novel_new_SH","UNITE_container",NA,FALSE,"k__Fungi;p__Basidiomycota;c__Tremellomycetes;o__Tremellales",4,91.9,"s1022","135","28","new_singleton_in","new_sh_in","new_sh_in",0,0,1,1.74218708940643e-06
"OTU811","k__Fungi","p__Ascomycota","c__Leotiomycetes","o__Helotiales",NA,NA,NA,TRUE,"placeable_existing_SH","UNITE_container","https://unite.ut.ee/sh/SH0608817.10FU",FALSE,"k__Fungi;p__Ascomycota;c__Leotiomycetes;o__Helotiales",4,100,"SH0907921.10FU","SH0608817.10FU","SH0118476.10FU","present_in","present_in","present_in",0,0,1,1.56681302005952e-06
"OTU812","k__Fungi","p__Basidiomycota","c__Microbotryomycetes","o__Microbotryomycetes_ord_Incertae_sedis","f__Colacogloeaceae","g__Colacogloea",NA,FALSE,"placeable_existing_SH","UNITE_container","https://unite.ut.ee/sh/SH0472383.10FU",FALSE,"k__Fungi;p__Basidiomycota;c__Microbotryomycetes;o__Microbotryomycetes_ord_Incertae_sedis;f__Colacogloeaceae;g__Colacogloea",6,99.1,"SH0746907.10FU","SH0472383.10FU","SH0012084.10FU","present_in","present_in","present_in",0,0,1,1.23016399008611e-06
"OTU813","k__Fungi","p__Basidiomycota","c__Atractiellomycetes","o__Atractiellales",NA,NA,NA,TRUE,"novel_new_SH","UNITE_container",NA,FALSE,"k__Fungi;p__Basidiomycota;c__Atractiellomycetes;o__Atractiellales",4,92.8,"s1045","s715","s166","new_singleton_in","new_singleton_in","new_singleton_in",0,0,1,1.85900327680311e-06
"OTU814","k__Fungi","p__Ascomycota","c__Dothideomycetes",NA,NA,NA,NA,TRUE,"novel_new_SH","UNITE_container",NA,TRUE,"k__Fungi;p__Ascomycota;c__Dothideomycetes",3,88.1,"s1024","s695","s148","new_singleton_in","new_singleton_in","new_singleton_in",0,0,1,1.85900327680311e-06
"OTU816","k__Fungi","p__Ascomycota","c__Sordariomycetes","o__Diaporthomycetidae_ord_Incertae_sedis","f__Barbatosphaeriaceae","g__Barbatosphaeria","s__arboricola 1",FALSE,"placeable_existing_SH","UNITE_container","https://unite.ut.ee/sh/SH0692041.10FU",FALSE,"k__Fungi;p__Ascomycota;c__Sordariomycetes;o__Diaporthomycetidae_ord_Incertae_sedis;f__Barbatosphaeriaceae;g__Barbatosphaeria;s__Barbatosphaeria_arboricola",7,100,"SH1006478.10FU","SH0692041.10FU","SH0184364.10FU","present_in","present_in","present_in",0,0,1,1.43796644036409e-06
"OTU817","k__Fungi","p__Ascomycota","c__Dothideomycetes","o__Phaeothecales","f__Phaeothecaceae","g__Phaeotheca",NA,FALSE,"novel_new_SH","UNITE_container",NA,TRUE,"k__Fungi;p__Ascomycota;c__Dothideomycetes;o__Phaeothecales;f__Phaeothecaceae;g__Phaeotheca",6,94.5,"193","130","SH0183705.10FU","new_sh_in","new_sh_in","present_in",0,0,1,1.69738077173114e-06
"OTU819","k__Fungi","p__Basidiomycota","c__Tremellomycetes","o__Cystofilobasidiales","f__Mrakiaceae","g__Mrakia","s__robertii 2",FALSE,"placeable_existing_SH","UNITE_container","https://unite.ut.ee/sh/SH0651934.10FU",FALSE,"k__Fungi;p__Basidiomycota;c__Tremellomycetes;o__Cystofilobasidiales;f__Mrakiaceae;g__Mrakia;s__Mrakia_robertii",7,100,"SH0958535.10FU","SH0651934.10FU","SH0153435.10FU","present_in","present_in","present_in",0,0,2,0.0001966237373697
"OTU820","k__Fungi","p__Ascomycota","c__Eurotiomycetes","o__Chaetothyriales",NA,NA,NA,TRUE,"placeable_existing_SH","UNITE_container","https://unite.ut.ee/sh/SH0699043.10FU",FALSE,"k__Fungi;p__Ascomycota;c__Eurotiomycetes;o__Chaetothyriales",4,100,"SH1014778.10FU","SH0699043.10FU","SH0189785.10FU","present_in","present_in","present_in",0,0,1,1.70408633706952e-06
"OTU821","k__Fungi","p__Ascomycota","c__Eurotiomycetes","o__Chaetothyriales","f__Herpotrichiellaceae","g__Neosorocybe","s__pini 2",FALSE,"novel_new_SH","UNITE_container",NA,TRUE,"k__Fungi;p__Ascomycota",2,100,"211","149","37","new_sh_in","new_sh_in","new_sh_in",0,0,1,1.47765212361447e-06
"OTU822","k__Fungi",NA,NA,NA,NA,NA,NA,TRUE,"no_SH_match","UNITE_container",NA,FALSE,NA,NA,NA,NA,NA,NA,NA,NA,NA,0,0,1,8.99340864904286e-06
"OTU827","k__Fungi","p__Ascomycota",NA,NA,NA,NA,NA,TRUE,"novel_new_SH","UNITE_container",NA,TRUE,"k__Fungi;p__Ascomycota",2,84.9,"169","108","9","new_sh_in","new_sh_in","new_sh_in",11,0.0182474382307983,3,0.00242566482701468
"OTU828","k__Fungi","p__Mucoromycota","c__Mucoromycetes","o__Mucorales","f__Cunninghamellaceae","g__Absidia","s__cylindrospora 3",FALSE,"placeable_existing_SH","UNITE_container","https://unite.ut.ee/sh/SH0496495.10FU",FALSE,"k__Fungi;p__Mucoromycota;c__Mucoromycetes;o__Mucorales;f__Cunninghamellaceae;g__Absidia",6,100,"SH0776427.10FU","SH0496495.10FU","SH0030150.10FU","present_in","present_in","present_in",0,0,1,2.30323062094659e-06
"OTU829","k__Fungi","p__Ascomycota","c__Dothideomycetes","o__Venturiales","f__Sympoventuriaceae",NA,NA,TRUE,"placeable_existing_SH","PlutoF_live","https://unite.ut.ee/sh/SH0475136.10FU",FALSE,"k__Fungi;p__Ascomycota;c__Dothideomycetes;o__Venturiales;f__Sympoventuriaceae",5,98.1,"159","SH0475136.10FU","SH0014343.10FU","new_sh_in","new_sh_in","present_in",0,0,4,0.000148441801005053
"OTU830","k__Fungi","p__Ascomycota","c__Eurotiomycetes","o__Chaetothyriales","f__Herpotrichiellaceae","g__Cladophialophora",NA,FALSE,"novel_new_SH","UNITE_container",NA,TRUE,"k__Fungi;p__Ascomycota;c__Eurotiomycetes",3,86,"212","150","38","new_sh_in","new_sh_in","new_sh_in",1,2.17560217560218e-05,0,0
"OTU831","k__Fungi","p__Ascomycota","c__Saccharomycetes","o__Saccharomycetales","f__Saccharomycetales_fam_Incertae_sedis","g__Candida","s__parapsilosis 5",FALSE,"placeable_existing_SH","UNITE_container","https://unite.ut.ee/sh/SH0591952.10FU",FALSE,"k__Fungi;p__Ascomycota;c__Saccharomycetes;o__Saccharomycetales",4,99.2,"174","SH0591952.10FU","SH0104971.10FU","new_sh_in","present_in","present_in",1,4.13912505991876e-06,0,0
"OTU834","k__Fungi","p__Ascomycota","c__Sordariomycetes","o__Jobellisiales",NA,NA,NA,TRUE,"placeable_existing_SH","UNITE_container","https://unite.ut.ee/sh/SH0703972.10FU",FALSE,"k__Fungi;p__Ascomycota;c__Sordariomycetes;o__Sordariales",4,100,"SH1020587.10FU","SH0703972.10FU","SH0193611.10FU","present_in","present_in","present_in",1,0.00184897322008407,0,0
"OTU835","k__Fungi","p__Basidiomycota","c__Tremellomycetes","o__Tremellales","f__Phaeotremellaceae","g__Phaeotremella",NA,FALSE,"placeable_existing_SH","UNITE_container","https://unite.ut.ee/sh/SH0539571.10FU",FALSE,"k__Fungi;p__Basidiomycota;c__Tremellomycetes;o__Tremellales;f__Phaeotremellaceae;g__Phaeotremella",6,100,"SH0828742.10FU","SH0539571.10FU","SH0062468.10FU","present_in","present_in","present_in",0,0,1,9.83576727591049e-07
"OTU836","k__Fungi","p__Basidiomycota","c__Tremellomycetes","o__Tremellales",NA,NA,NA,TRUE,"placeable_existing_SH","UNITE_container","https://unite.ut.ee/sh/SH0661536.10FU",FALSE,"k__Fungi;p__Basidiomycota;c__Tremellomycetes;o__Tremellales;f__Tremellaceae",5,100,"SH0969982.10FU","SH0661536.10FU","SH0160777.10FU","present_in","present_in","present_in",1,4.80936222513159e-06,1,1.02513665840509e-07
"OTU837","k__Fungi",NA,NA,NA,NA,NA,NA,TRUE,"no_SH_match","UNITE_container",NA,FALSE,NA,NA,NA,NA,NA,NA,NA,NA,NA,0,0,1,2.19355297233008e-06
"OTU838","k__Fungi","p__Basidiomycota","c__Cystobasidiomycetes","o__Cystobasidiales","f__Cystobasidiaceae","g__Cystobasidium","s__pinicola 1",FALSE,"placeable_existing_SH","UNITE_container","https://unite.ut.ee/sh/SH0657078.10FU",FALSE,"k__Fungi;p__Basidiomycota;c__Cystobasidiomycetes;o__Cystobasidiales;f__Cystobasidiaceae;g__Cystobasidium;s__Cystobasidium_pinicola",7,100,"SH0964621.10FU","SH0657078.10FU","SH0157269.10FU","present_in","present_in","present_in",0,0,1,1.44874224807656e-06
"OTU839","k__Fungi","p__Ascomycota","c__Leotiomycetes","o__Helotiales",NA,NA,NA,TRUE,"novel_new_SH","UNITE_container",NA,TRUE,"k__Fungi;p__Ascomycota;c__Leotiomycetes",3,94.7,"s1027","s697","s150","new_singleton_in","new_singleton_in","new_singleton_in",0,0,1,9.18294060957326e-07
"OTU842","k__Fungi","p__Basidiomycota","c__Tremellomycetes","o__Filobasidiales","f__Filobasidiaceae","g__Filobasidium",NA,FALSE,"placeable_existing_SH","UNITE_container","https://unite.ut.ee/sh/SH0564348.10FU",FALSE,"k__Fungi;p__Basidiomycota;c__Tremellomycetes;o__Filobasidiales;f__Filobasidiaceae;g__Filobasidium;s__Filobasidium_floriforme",7,100,"SH0857509.10FU","SH0564348.10FU","SH0082202.10FU","present_in","present_in","present_in",2,0.00156009067398053,0,0
"OTU843","k__Fungi","p__Basidiomycota","c__Cystobasidiomycetes","o__Cystobasidiomycetes_ord_Incertae_sedis","f__Microsporomycetaceae","g__Microsporomycetaceae_gen_Incertae_sedis",NA,FALSE,"placeable_existing_SH","UNITE_container","https://unite.ut.ee/sh/SH0644532.10FU",FALSE,"k__Fungi;p__Basidiomycota;c__Cystobasidiomycetes",3,99.6,"SH0949873.10FU","SH0644532.10FU","SH0147493.10FU","present_in","present_in","present_in",0,0,1,7.35824344012597e-06
"OTU845","k__Fungi","p__Ascomycota",NA,NA,NA,NA,NA,TRUE,"placeable_existing_SH","UNITE_container","https://unite.ut.ee/sh/SH0587305.10FU",FALSE,"k__Fungi;p__Ascomycota",2,100,"SH0883657.10FU","SH0587305.10FU","SH0101095.10FU","present_in","present_in","present_in",0,0,1,9.17235964455272e-07
"OTU846","k__Fungi","p__Basidiomycota","c__Microbotryomycetes","o__Microbotryomycetes_ord_Incertae_sedis","f__Microbotryomycetes_fam_Incertae_sedis","g__Pseudohyphozyma",NA,FALSE,"placeable_existing_SH","UNITE_container","https://unite.ut.ee/sh/SH0641352.10FU",FALSE,"k__Fungi;p__Basidiomycota;c__Microbotryomycetes;o__Microbotryomycetes_ord_Incertae_sedis;f__Microbotryomycetes_fam_Incertae_sedis;g__Pseudohyphozyma",6,100,"SH0946253.10FU","SH0641352.10FU","SH0144919.10FU","present_in","present_in","present_in",1,0.000327521330920416,8,9.49070775303358e-05
"OTU847","k__Fungi","p__Basidiomycota","c__Microbotryomycetes","o__Microbotryomycetes_ord_Incertae_sedis","f__Microbotryomycetes_fam_Incertae_sedis","g__Slooffia",NA,FALSE,"novel_new_SH","UNITE_container",NA,FALSE,"k__Fungi;p__Basidiomycota;c__Microbotryomycetes",3,88.6,"s1028","s698","s151","new_singleton_in","new_singleton_in","new_singleton_in",0,0,1,8.36040218452391e-07
"OTU848","k__Fungi","p__Ascomycota","c__Leotiomycetes","o__Helotiales","f__Hyaloscyphaceae",NA,NA,TRUE,"novel_new_SH","UNITE_container",NA,TRUE,"k__Fungi;p__Ascomycota;c__Leotiomycetes;o__Helotiales",4,93.1,"s1029","s699","s152","new_singleton_in","new_singleton_in","new_singleton_in",0,0,2,1.33839905647986e-06
"OTU850","k__Fungi","p__Mucoromycota","c__Umbelopsidomycetes","o__Umbelopsidales","f__Pygmaeomycetaceae","g__Pygmaeomyces","s__thomasii",FALSE,"placeable_existing_SH","PlutoF_live","https://unite.ut.ee/sh/SH0706613.10FU",FALSE,"k__Fungi;p__Mucoromycota;c__Umbelopsidomycetes;o__GS23",4,98,"s1030","SH0706613.10FU","SH0195629.10FU","new_singleton_in","new_singleton_in","present_in",1,2.44611355722467e-05,0,0
"OTU851","k__Fungi","p__Basidiomycota","c__Agaricomycetes","o__Agaricales","f__Strophariaceae","g__Stropharia","s__hornemannii 2",FALSE,"placeable_existing_SH","UNITE_container","https://unite.ut.ee/sh/SH0682265.10FU",FALSE,"k__Fungi;p__Basidiomycota;c__Agaricomycetes;o__Agaricales;f__Strophariaceae;g__Stropharia;s__Stropharia_hornemannii",7,100,"SH0994920.10FU","SH0682265.10FU","SH0176622.10FU","present_in","present_in","present_in",0,0,3,9.60209068084534e-07
"OTU852","k__Fungi","p__Ascomycota","c__Candelariomycetes","o__Candelariales","f__Pycnoraceae","g__Pycnora",NA,FALSE,"novel_new_SH","UNITE_container",NA,TRUE,"k__Fungi;p__Ascomycota",2,100,"s1031","s701","s153","new_singleton_in","new_singleton_in","new_singleton_in",0,0,1,1.04454201337301e-06
"OTU854","k__Fungi","p__Ascomycota","c__Eurotiomycetes","o__Phaeomoniellales",NA,NA,NA,TRUE,"novel_new_SH","UNITE_container",NA,FALSE,"k__Fungi;p__Ascomycota;c__Eurotiomycetes",3,92.5,"s1032","s702","s154","new_singleton_in","new_singleton_in","new_singleton_in",0,0,1,1.75484237786407e-06
"OTU857","k__Fungi","p__Basidiomycota","c__Microbotryomycetes","o__Sporidiobolales","f__Sporidiobolaceae","g__Rhodosporidiobolus","s__colostri",FALSE,"placeable_existing_SH","UNITE_container","https://unite.ut.ee/sh/SH0581832.10FU",FALSE,"k__Fungi;p__Basidiomycota;c__Microbotryomycetes;o__Sporidiobolales;f__Sporidiobolaceae;g__Rhodosporidiobolus;s__Rhodosporidiobolus_colostri",7,100,"SH0877635.10FU","SH0581832.10FU","SH0096506.10FU","present_in","present_in","present_in",0,0,1,8.09325850989946e-07
"OTU859","k__Fungi","p__Ascomycota","c__Eurotiomycetes","o__Phaeomoniellales","f__Celotheliaceae","g__Neophaeomoniella",NA,FALSE,"placeable_existing_SH","UNITE_container","https://unite.ut.ee/sh/SH0516661.10FU",FALSE,"k__Fungi;p__Ascomycota;c__Eurotiomycetes;o__Phaeomoniellales;f__Celotheliaceae;g__Neophaeomoniella",6,98.8,"SH0801475.10FU","SH0516661.10FU","SH0044652.10FU","present_in","present_in","present_in",0,0,2,1.11983069995346e-06
"OTU860","k__Fungi","p__Ascomycota",NA,NA,NA,NA,NA,TRUE,"no_SH_match","UNITE_container",NA,TRUE,NA,NA,NA,NA,NA,NA,NA,NA,NA,0,0,1,1.6649776393503e-06
"OTU861","k__Fungi","p__Basidiomycota","c__Tremellomycetes","o__Tremellales","f__Sirobasidiaceae","g__Fibulobasidium",NA,FALSE,"novel_new_SH","UNITE_container",NA,FALSE,"k__Fungi;p__Basidiomycota;c__Tremellomycetes",3,88.3,"s1037","s707","s159","new_singleton_in","new_singleton_in","new_singleton_in",0,0,1,9.79258137537197e-07
"OTU862","k__Fungi","p__Ascomycota","c__Orbiliomycetes","o__Orbiliales","f__Orbiliaceae","g__Dactylellina","s__arcuata",FALSE,"novel_new_SH","UNITE_container",NA,FALSE,"k__Fungi;p__Ascomycota;c__Orbiliomycetes;o__Orbiliales",4,94.8,"s1033","s703","s155","new_singleton_in","new_singleton_in","new_singleton_in",0,0,1,7.24968995492626e-07
"OTU864","k__Fungi","p__Ascomycota","c__Lecanoromycetes",NA,NA,NA,NA,TRUE,"novel_new_SH","UNITE_container",NA,TRUE,"k__Fungi;p__Ascomycota;c__Lecanoromycetes",3,88,"200","137","30","new_sh_in","new_sh_in","new_sh_in",1,1.66505452387544e-06,0,0
"OTU866","k__Fungi","p__Ascomycota","c__Dothideomycetes",NA,NA,NA,NA,TRUE,"placeable_existing_SH","UNITE_container","https://unite.ut.ee/sh/SH0578832.10FU",FALSE,"k__Fungi;p__Ascomycota;c__Dothideomycetes",3,98.7,"SH0874034.10FU","SH0578832.10FU","SH0094144.10FU","present_in","present_in","present_in",0,0,1,1.9755576110135e-07
"OTU867","k__Fungi","p__Ascomycota","c__Dothideomycetes","o__Mytilinidiales","f__Mytilinidiaceae","g__Lophium","s__mytilinum 1",FALSE,"novel_new_SH","UNITE_container",NA,TRUE,"k__Fungi;p__Ascomycota;c__Dothideomycetes",3,100,"213","151","39","new_sh_in","new_sh_in","new_sh_in",0,0,2,7.7916452152619e-07
"OTU869","k__Fungi","p__Ascomycota","c__Leotiomycetes","o__Helotiales","f__Discinellaceae","g__Articulospora",NA,FALSE,"novel_new_SH","UNITE_container",NA,TRUE,"k__Fungi;p__Ascomycota",2,100,"199","136","29","new_sh_in","new_sh_in","new_sh_in",0,0,1,0.000210568303093316
"OTU870","k__Fungi","p__Ascomycota","c__Eurotiomycetes","o__Onygenales","f__Arthrodermataceae",NA,NA,TRUE,"novel_new_SH","UNITE_container",NA,TRUE,"k__Fungi;p__Ascomycota;c__Eurotiomycetes;o__Onygenales",4,82.5,"s1034","s704","s156","new_singleton_in","new_singleton_in","new_singleton_in",0,0,1,8.75283920221622e-07
"OTU871","k__Fungi","p__Ascomycota","c__Eurotiomycetes","o__Phaeomoniellales","f__Celotheliaceae","g__Neophaeomoniella",NA,FALSE,"placeable_existing_SH","UNITE_container","https://unite.ut.ee/sh/SH0516661.10FU",FALSE,"k__Fungi;p__Ascomycota;c__Eurotiomycetes;o__Phaeomoniellales;f__Celotheliaceae;g__Neophaeomoniella",6,100,"SH0801475.10FU","SH0516661.10FU","SH0044652.10FU","present_in","present_in","present_in",0,0,1,6.88503709313734e-07
"OTU872","k__Fungi","p__Basidiomycota","c__Microbotryomycetes","o__Microbotryomycetes_ord_Incertae_sedis","f__Colacogloeaceae","g__Colacogloea",NA,FALSE,"placeable_existing_SH","UNITE_container","https://unite.ut.ee/sh/SH0472379.10FU",FALSE,"k__Fungi;p__Basidiomycota;c__Microbotryomycetes;o__Microbotryomycetes_ord_Incertae_sedis;f__Colacogloeaceae;g__Colacogloea",6,100,"SH0746905.10FU","SH0472379.10FU","SH0012087.10FU","present_in","present_in","present_in",0,0,1,9.21926885139632e-07
"OTU873","k__Fungi","p__Basidiomycota","c__Exobasidiomycetes","o__Exobasidiales","f__Exobasidiaceae","g__Exobasidium",NA,FALSE,"novel_new_SH","UNITE_container",NA,FALSE,"k__Fungi;p__Basidiomycota;c__Exobasidiomycetes;o__Exobasidiales",4,84.3,"s1035","s705","s157","new_singleton_in","new_singleton_in","new_singleton_in",0,0,1,1.02513665840509e-06
"OTU874","k__Fungi","p__Basidiomycota","c__Microbotryomycetes",NA,NA,NA,NA,TRUE,"placeable_existing_SH","UNITE_container","https://unite.ut.ee/sh/SH0646107.10FU",FALSE,"k__Fungi;p__Basidiomycota;c__Microbotryomycetes;o__Sporidiobolales;f__Sporidiobolaceae;g__Rhodotorula",6,100,"SH0951658.10FU","SH0646107.10FU","SH0148781.10FU","present_in","present_in","present_in",0,0,11,0.00022586254972017
"OTU875","k__Fungi","p__Rozellomycota","c__Rozellomycota_cls_Incertae_sedis","o__Rozellomycota_ord_Incertae_sedis","f__Rozellomycota_fam_Incertae_sedis","g__Rozellomycota_gen_Incertae_sedis",NA,FALSE,"novel_new_SH","UNITE_container",NA,TRUE,"k__Fungi;p__Rozellomycota",2,100,"s1036","s706","s158","new_singleton_in","new_singleton_in","new_singleton_in",0,0,1,1.53548708063106e-06
"OTU879","k__Fungi","p__Basidiomycota","c__Cystobasidiomycetes",NA,NA,NA,NA,TRUE,"novel_new_SH","UNITE_container",NA,FALSE,"k__Fungi;p__Basidiomycota;c__Cystobasidiomycetes;o__Sakaguchiales",4,85.2,"s1058","s725","s173","new_singleton_in","new_singleton_in","new_singleton_in",0,0,1,7.0141573752462e-07
"OTU882","k__Fungi","p__Ascomycota","c__Taphrinomycetes","o__Taphrinales","f__Taphrinaceae","g__Taphrina",NA,FALSE,"placeable_existing_SH","UNITE_container","https://unite.ut.ee/sh/SH0534205.10FU",FALSE,"k__Fungi;p__Ascomycota;c__Taphrinomycetes;o__Taphrinales;f__Taphrinaceae;g__Taphrina",6,99.1,"SH0822310.10FU","SH0534205.10FU","SH0058155.10FU","present_in","present_in","present_in",0,0,1,8.12763640205792e-07
"OTU884","k__Fungi","p__Ascomycota","c__Pezizomycetes","o__Pezizales","f__Ascodesmidaceae","g__Lasiobolus",NA,FALSE,"novel_new_SH","UNITE_container",NA,TRUE,"k__Fungi;p__Ascomycota;c__Pezizomycetes",3,100,"s1038","s708","s160","new_singleton_in","new_singleton_in","new_singleton_in",0,0,1,8.56074964772515e-07
"OTU885","k__Fungi","p__Ascomycota","c__Orbiliomycetes","o__Orbiliales","f__Orbiliaceae","g__Amphosoma",NA,FALSE,"no_SH_match","UNITE_container",NA,TRUE,NA,NA,NA,NA,NA,NA,NA,NA,NA,0,0,1,1.44298062077026e-06
"OTU886","k__Fungi","p__Ascomycota","c__Dothideomycetes","o__Phaeothecales","f__Phaeothecaceae","g__Phaeotheca",NA,FALSE,"placeable_existing_SH","UNITE_container","https://unite.ut.ee/sh/SH0691263.10FU",FALSE,"k__Fungi;p__Ascomycota;c__Dothideomycetes;o__Phaeothecales;f__Phaeothecaceae;g__Phaeotheca",6,100,"SH1005585.10FU","SH0691263.10FU","SH0183705.10FU","present_in","present_in","present_in",0,0,1,8.48690385865571e-07
"OTU887","k__Fungi","p__Basidiomycota","c__Tremellomycetes","o__Cystofilobasidiales","f__Mrakiaceae","g__Mrakiaceae_gen_Incertae_sedis",NA,FALSE,"placeable_existing_SH","UNITE_container","https://unite.ut.ee/sh/SH0480524.10FU",FALSE,"k__Fungi;p__Basidiomycota;c__Tremellomycetes;o__Cystofilobasidiales;f__Mrakiaceae",5,99.1,"SH0756652.10FU","SH0480524.10FU","SH0018514.10FU","present_in","present_in","present_in",0,0,1,0.000134933225048226
"OTU888","k__Fungi","p__Ascomycota","c__Dothideomycetes","o__Pleosporales",NA,NA,NA,TRUE,"novel_new_SH","UNITE_container",NA,TRUE,"k__Fungi;p__Ascomycota;c__Dothideomycetes",3,98.7,"s1039","s709","s161","new_singleton_in","new_singleton_in","new_singleton_in",0,0,1,1.04454201337301e-06
"OTU889","k__Fungi","p__Basidiomycota","c__Tremellomycetes","o__Tremellales",NA,NA,NA,TRUE,"placeable_existing_SH","UNITE_container","https://unite.ut.ee/sh/SH0585192.10FU",FALSE,"k__Fungi;p__Basidiomycota;c__Tremellomycetes;o__Tremellales",4,100,"SH0881287.10FU","SH0585192.10FU","SH0099291.10FU","present_in","present_in","present_in",0,0,1,8.48690385865571e-07
"OTU890","k__Fungi","p__Ascomycota","c__Eurotiomycetes","o__Eurotiales","f__Aspergillaceae","g__Penicillium",NA,FALSE,"placeable_existing_SH","UNITE_container","https://unite.ut.ee/sh/SH0635852.10FU",FALSE,"k__Fungi;p__Ascomycota;c__Eurotiomycetes;o__Eurotiales;f__Aspergillaceae;g__Penicillium;s__Penicillium_spinulosum",7,100,"SH0939673.10FU","SH0635852.10FU","SH0140494.10FU","present_in","present_in","present_in",0,0,1,5.31428692897987e-06
"OTU892","k__Fungi","p__Ascomycota","c__Lecanoromycetes","o__Lecanorales","f__Cladoniaceae","g__Cladonia",NA,FALSE,"novel_new_SH","UNITE_container",NA,FALSE,"k__Fungi;p__Ascomycota;c__Lecanoromycetes;o__Lecanorales",4,100,"s1040","s710","s162","new_singleton_in","new_singleton_in","new_singleton_in",0,0,1,6.47460680791957e-07
"OTU893","k__Fungi","p__Basidiomycota","c__Microbotryomycetes","o__Rosettozymales","f__Rosettozymaceae","g__Rosettozyma",NA,FALSE,"novel_new_SH","UNITE_container",NA,FALSE,"k__Fungi;p__Basidiomycota;c__Microbotryomycetes",3,86.6,"214","152","40","new_sh_in","new_sh_in","new_sh_in",0,0,1,5.90146036554629e-07
"OTU894","k__Fungi","p__Ascomycota","c__Orbiliomycetes","o__Orbiliales","f__Orbiliaceae","g__Retiarius","s__revayae 2",FALSE,"placeable_existing_SH","UNITE_container","https://unite.ut.ee/sh/SH0475577.10FU",FALSE,"k__Fungi;p__Ascomycota;c__Orbiliomycetes;o__Orbiliales",4,100,"SH0750561.10FU","SH0475577.10FU","SH0014716.10FU","present_in","present_in","present_in",0,0,1,7.90223044405399e-07
"OTU895","k__Fungi","p__Basidiomycota","c__Tremellomycetes","o__Tremellales",NA,NA,NA,TRUE,"novel_new_SH","UNITE_container",NA,FALSE,"k__Fungi;p__Basidiomycota;c__Tremellomycetes",3,90.5,"s1041","s711","s163","new_singleton_in","new_singleton_in","new_singleton_in",0,0,2,7.87928094629198e-07
"OTU896","k__Fungi","p__Basidiomycota","c__Tremellomycetes","o__Tremellales",NA,NA,NA,TRUE,"placeable_existing_SH","UNITE_container","https://unite.ut.ee/sh/SH0562059.10FU",FALSE,"k__Fungi;p__Basidiomycota;c__Tremellomycetes;o__Tremellales;f__Tremellaceae;g__Tremella",6,96.5,"SH0854812.10FU","SH0562059.10FU","SH0080411.10FU","present_in","present_in","present_in",0,0,1,5.79975196394101e-07
"OTU897","k__Fungi","p__Basidiomycota","c__Tremellomycetes","o__Cystofilobasidiales","f__Cystofilobasidiaceae","g__Cystofilobasidium","s__capitatum",FALSE,"placeable_existing_SH","UNITE_container","https://unite.ut.ee/sh/SH0481901.10FU",FALSE,"k__Fungi;p__Basidiomycota;c__Tremellomycetes;o__Cystofilobasidiales;f__Cystofilobasidiaceae;g__Cystofilobasidium;s__Cystofilobasidium_capitatum",7,100,"SH0758247.10FU","SH0481901.10FU","SH0019599.10FU","present_in","present_in","present_in",1,3.20624148342106e-06,0,0
"OTU900","k__Fungi","p__Ascomycota","c__Sordariomycetes","o__Diaporthales","f__Gnomoniaceae",NA,NA,TRUE,"novel_new_SH","UNITE_container",NA,FALSE,"k__Fungi;p__Ascomycota;c__Sordariomycetes",3,100,"s1042","s712","s164","new_singleton_in","new_singleton_in","new_singleton_in",0,0,1,5.93505624059294e-07
"OTU901","k__Fungi","p__Ascomycota",NA,NA,NA,NA,NA,TRUE,"placeable_existing_SH","UNITE_container","https://unite.ut.ee/sh/SH0642462.10FU",FALSE,"k__Fungi;p__Ascomycota",2,98.4,"215","SH0642462.10FU","SH0145815.10FU","new_sh_in","present_in","present_in",0,0,1,7.18122634193945e-07
"OTU902","k__Fungi","p__Ascomycota","c__Eurotiomycetes","o__Chaetothyriales",NA,NA,NA,TRUE,"placeable_existing_SH","UNITE_container","https://unite.ut.ee/sh/SH0464453.10FU",FALSE,"k__Fungi;p__Ascomycota;c__Eurotiomycetes;o__Chaetothyriales",4,98.7,"SH0737724.10FU","SH0464453.10FU","SH0005734.10FU","present_in","present_in","present_in",0,0,1,7.18122634193945e-07
"OTU903","k__Fungi","p__Basidiomycota","c__Tremellomycetes","o__Tremellales","f__Sirobasidiaceae","g__Fibulobasidium",NA,FALSE,"novel_new_SH","UNITE_container",NA,FALSE,"k__Fungi;p__Basidiomycota;c__Tremellomycetes",3,84.6,"s1044","s714","s165","new_singleton_in","new_singleton_in","new_singleton_in",0,0,1,7.18122634193945e-07
"OTU904","k__Fungi","p__Ascomycota",NA,NA,NA,NA,NA,TRUE,"no_SH_match","UNITE_container",NA,FALSE,NA,NA,NA,NA,NA,NA,NA,NA,NA,1,0.000342690085577739,0,0
"OTU906","k__Fungi",NA,NA,NA,NA,NA,NA,TRUE,"no_SH_match","UNITE_container",NA,FALSE,NA,NA,NA,NA,NA,NA,NA,NA,NA,1,7.78787196115466e-07,0,0
"OTU909","k__Fungi","p__Ascomycota","c__Leotiomycetes","o__Helotiales","f__Lachnaceae","g__Lachnellula",NA,FALSE,"novel_new_SH","UNITE_container",NA,TRUE,"k__Fungi;p__Ascomycota;c__Leotiomycetes;o__Helotiales",4,96.1,"s1043","s713","41","new_singleton_in","new_singleton_in","new_sh_in",0,0,1,5.39550567326631e-07
"OTU911","k__Fungi","p__Ascomycota",NA,NA,NA,NA,NA,TRUE,"novel_new_SH","UNITE_container",NA,TRUE,"k__Fungi;p__Ascomycota",2,86.1,"169","108","9","new_sh_in","new_sh_in","new_sh_in",10,0.0172800123450945,1,5.39550567326631e-08
"OTU912","k__Fungi",NA,NA,NA,NA,NA,NA,TRUE,"no_SH_match","UNITE_container",NA,FALSE,NA,NA,NA,NA,NA,NA,NA,NA,NA,0,0,1,4.09509028977924e-07
"OTU913","k__Fungi","p__Ascomycota","c__Leotiomycetes","o__Helotiales","f__Cenangiaceae",NA,NA,TRUE,"novel_new_SH","UNITE_container",NA,TRUE,"k__Fungi;p__Ascomycota;c__Leotiomycetes",3,88.2,"s1079","s745","s192","new_singleton_in","new_singleton_in","new_singleton_in",0,0,2,2.57198247303159e-06
"OTU915","k__Fungi","p__Basidiomycota","c__Tremellomycetes",NA,NA,NA,NA,TRUE,"novel_new_SH","UNITE_container",NA,TRUE,"k__Fungi;p__Basidiomycota;c__Tremellomycetes",3,100,"s1046","s716","s167","new_singleton_in","new_singleton_in","new_singleton_in",0,0,1,4.91788363795524e-07
"OTU916","k__Fungi","p__Basidiomycota","c__Microbotryomycetes","o__Rosettozymales","f__Rosettozymaceae","g__Rosettozyma",NA,FALSE,"novel_new_SH","UNITE_container",NA,FALSE,"k__Fungi;p__Basidiomycota;c__Microbotryomycetes",3,86.6,"214","152","40","new_sh_in","new_sh_in","new_sh_in",0,0,1,4.91788363795524e-07
"OTU917","k__Fungi","p__Basidiomycota","c__Microbotryomycetes","o__Microbotryomycetes_ord_Incertae_sedis","f__Microbotryomycetes_fam_Incertae_sedis","g__Slooffia",NA,FALSE,"novel_new_SH","UNITE_container",NA,FALSE,"k__Fungi;p__Basidiomycota;c__Microbotryomycetes",3,86.9,"s1047","s717","s168","new_singleton_in","new_singleton_in","new_singleton_in",0,0,1,1.33198211148024e-06
"OTU918","k__Fungi","p__Basidiomycota","c__Tremellomycetes","o__Cystofilobasidiales","f__Mrakiaceae","g__Krasilnikovozyma","s__huempii 1",FALSE,"placeable_existing_SH","PlutoF_live","https://unite.ut.ee/sh/SH0521891.10FU",FALSE,"k__Fungi;p__Basidiomycota;c__Tremellomycetes;o__Cystofilobasidiales;f__Mrakiaceae;g__Krasilnikovozyma",6,100,"s1048","SH0521891.10FU","SH0048557.10FU","new_singleton_in","new_singleton_in","present_in",0,0,1,0.000169301319135601
"OTU919","k__Fungi","p__Basidiomycota","c__Tremellomycetes",NA,NA,NA,NA,TRUE,"no_SH_match","UNITE_container",NA,FALSE,NA,NA,NA,NA,NA,NA,NA,NA,NA,0,0,1,5.12568329202545e-07
"OTU921","k__Fungi","p__Ascomycota","c__Eurotiomycetes","o__Chaetothyriales",NA,NA,NA,TRUE,"novel_new_SH","UNITE_container",NA,TRUE,"k__Fungi;p__Ascomycota;c__Eurotiomycetes;o__Chaetothyriales;f__Herpotrichiellaceae;g__Exophiala",6,98.7,"160","100","SH0177807.10FU","new_sh_in","new_sh_in","present_in",1,5.85875250754607e-07,0,0
"OTU922","k__Fungi","p__Ascomycota","c__Candelariomycetes","o__Candelariales","f__Pycnoraceae","g__Pycnora",NA,FALSE,"novel_new_SH","UNITE_container",NA,TRUE,"k__Fungi;p__Ascomycota",2,100,"s1049","125","20","new_singleton_in","new_sh_in","new_sh_in",1,5.387202614406e-05,1,0.00020549732055661
"OTU926","k__Fungi","p__Basidiomycota","c__Agaricomycetes","o__Cantharellales","f__Hydnaceae","g__Sistotrema","s__epiphyllum",FALSE,"placeable_existing_SH","UNITE_container","https://unite.ut.ee/sh/SH0660250.10FU",FALSE,"k__Fungi;p__Basidiomycota;c__Agaricomycetes;o__Cantharellales;f__Hydnaceae;g__Sistotrema;s__Sistotrema_epiphyllum",7,100,"SH0968428.10FU","SH0660250.10FU","SH0159804.10FU","present_in","present_in","present_in",0,0,1,4.85595510593967e-07
"OTU927","k__Fungi","p__Ascomycota",NA,NA,NA,NA,NA,TRUE,"excluded_nonITS","UNITE_container",NA,FALSE,NA,NA,NA,NA,NA,NA,NA,NA,NA,0,0,2,6.52311659248268e-07
"OTU929","k__Fungi","p__Ascomycota","c__Dothideomycetes","o__Pleosporales","f__Leptosphaeriaceae","g__Leptosphaeria",NA,FALSE,"placeable_existing_SH","UNITE_container","https://unite.ut.ee/sh/SH0662921.10FU",FALSE,"k__Fungi;p__Ascomycota;c__Dothideomycetes;o__Pleosporales;f__Leptosphaeriaceae;g__Leptosphaeria",6,100,"SH0971636.10FU","SH0662921.10FU","SH0161866.10FU","present_in","present_in","present_in",0,0,1,5.92667283304049e-07
"OTU930","k__Fungi","p__Basidiomycota","c__Microbotryomycetes",NA,NA,NA,NA,TRUE,"novel_new_SH","UNITE_container",NA,TRUE,"k__Fungi;p__Basidiomycota;c__Microbotryomycetes;o__Sporidiobolales",4,88.9,"s1052","s721","s171","new_singleton_in","new_singleton_in","new_singleton_in",0,0,1,9.98986583610182e-07
"OTU931","k__Fungi","p__Basidiomycota","c__Microbotryomycetes","o__Microbotryomycetes_ord_Incertae_sedis","f__Microbotryomycetes_fam_Incertae_sedis","g__Yunzhangia",NA,FALSE,"placeable_existing_SH","PlutoF_live","https://unite.ut.ee/sh/SH0625532.10FU",FALSE,"k__Fungi;p__Basidiomycota;c__Microbotryomycetes",3,96.5,"203","SH0625532.10FU","SH0132080.10FU","new_sh_in","new_sh_in","present_in",0,0,1,9.79258137537197e-07
"OTU932","k__Fungi","p__Basidiomycota","c__Exobasidiomycetes","o__Exobasidiales","f__Exobasidiaceae","g__Exobasidium","s__arescens 2",FALSE,"placeable_existing_SH","UNITE_container","https://unite.ut.ee/sh/SH0631558.10FU",FALSE,"k__Fungi;p__Basidiomycota;c__Exobasidiomycetes;o__Exobasidiales;f__Exobasidiaceae;g__Exobasidium",6,98.5,"SH0934686.10FU","SH0631558.10FU","SH0136961.10FU","present_in","present_in","present_in",0,0,1,5.87554882522318e-07
"OTU933","k__Fungi","p__Ascomycota",NA,NA,NA,NA,NA,TRUE,"novel_new_SH","UNITE_container",NA,TRUE,"k__Fungi;p__Ascomycota",2,83.3,"s1051","s720","s170","new_singleton_in","new_singleton_in","new_singleton_in",0,0,1,9.87098837548538e-07
"OTU936","k__Fungi","p__Ascomycota","c__Sordariomycetes","o__Hypocreales","f__Hypocreaceae","g__Trichoderma",NA,FALSE,"placeable_existing_SH","UNITE_container","https://unite.ut.ee/sh/SH0708486.10FU",FALSE,"k__Fungi;p__Ascomycota;c__Sordariomycetes;o__Hypocreales;f__Hypocreaceae;g__Trichoderma",6,100,"s1055","SH0708486.10FU","SH0197044.10FU","new_singleton_in","present_in","present_in",0,0,1,5.13112974159474e-05
"OTU937","k__Fungi","p__Basidiomycota","c__Tremellomycetes","o__Tremellales",NA,NA,NA,TRUE,"placeable_existing_SH","UNITE_container","https://unite.ut.ee/sh/SH0652912.10FU",FALSE,"k__Fungi;p__Basidiomycota;c__Tremellomycetes",3,96.5,"s1053","SH0652912.10FU","SH0154222.10FU","new_singleton_in","present_in","present_in",1,1.19560050895385e-06,0,0
"OTU938","k__Fungi","p__Ascomycota","c__Taphrinomycetes","o__Taphrinales","f__Taphrinaceae","g__Taphrina","s__betulina 4",FALSE,"placeable_existing_SH","UNITE_container","https://unite.ut.ee/sh/SH0534174.10FU",FALSE,"k__Fungi;p__Ascomycota;c__Taphrinomycetes;o__Taphrinales;f__Taphrinaceae;g__Taphrina;s__Taphrina_betulina",7,99,"SH0822284.10FU","SH0534174.10FU","SH0058153.10FU","present_in","present_in","present_in",1,2.54225797704059e-05,0,0
"OTU940","k__Fungi","p__Basidiomycota","c__Tremellomycetes","o__Tremellales","f__Phaeotremellaceae","g__Phaeotremella",NA,FALSE,"placeable_existing_SH","UNITE_container","https://unite.ut.ee/sh/SH0539592.10FU",FALSE,"k__Fungi;p__Basidiomycota;c__Tremellomycetes;o__Tremellales;f__Phaeotremellaceae;g__Phaeotremella",6,99.4,"SH0828740.10FU","SH0539592.10FU","SH0062483.10FU","present_in","present_in","present_in",0,0,1,4.31640453861304e-07
"OTU941","k__Fungi","p__Ascomycota","c__Arthoniomycetes","o__Arthoniomycetes_ord_Incertae_sedis","f__Arthoniomycetes_fam_Incertae_sedis","g__Arthoniomycetes_gen_Incertae_sedis",NA,FALSE,"placeable_existing_SH","UNITE_container","https://unite.ut.ee/sh/SH0691432.10FU",FALSE,"k__Fungi;p__Ascomycota;c__Arthoniomycetes",3,97.3,"SH1005793.10FU","SH0691432.10FU","SH0183861.10FU","present_in","present_in","present_in",0,0,1,8.87988074320162e-07
"OTU942","k__Fungi","p__Ascomycota","c__Dothideomycetes","o__Pleosporales","f__Melanommataceae",NA,NA,TRUE,"placeable_existing_SH","UNITE_container","https://unite.ut.ee/sh/SH0582824.10FU",FALSE,"k__Fungi;p__Ascomycota;c__Dothideomycetes;o__Pleosporales;f__Melanommataceae;g__Herpotrichia",6,97.3,"SH0878494.10FU","SH0582824.10FU","SH0097289.10FU","present_in","present_in","present_in",0,0,1,8.87988074320162e-07
"OTU943","k__Fungi","p__Ascomycota","c__Leotiomycetes","o__Helotiales","f__Pezizellaceae","g__Neochalara",NA,FALSE,"novel_new_SH","UNITE_container",NA,FALSE,"k__Fungi;p__Ascomycota;c__Leotiomycetes;o__Helotiales",4,88.4,"s1066","s733","s180","new_singleton_in","new_singleton_in","new_singleton_in",0,0,1,5.22271006686505e-07
"OTU944","k__Fungi","p__Ascomycota","c__Dothideomycetes","o__Mycosphaerellales","f__Mycosphaerellaceae","g__Zymoseptoria",NA,FALSE,"novel_new_SH","UNITE_container",NA,TRUE,"k__Fungi;p__Ascomycota;c__Dothideomycetes",3,96.8,"194","131","24","new_sh_in","new_sh_in","new_sh_in",0,0,1,5.22271006686505e-07
"OTU945","k__Fungi","p__Ascomycota","c__Lecanoromycetes","o__Ostropales","f__Spirographaceae","g__Spirographa","s__fusisporella 1",FALSE,"placeable_existing_SH","UNITE_container","https://unite.ut.ee/sh/SH0691437.10FU",FALSE,"k__Fungi;p__Ascomycota;c__Lecanoromycetes;o__Ostropales;f__Spirographaceae;g__Spirographa",6,96,"SH1005786.10FU","SH0691437.10FU","SH0183860.10FU","present_in","present_in","present_in",0,0,1,5.22271006686505e-07
"OTU946","k__Fungi","p__Basidiomycota","c__Tremellomycetes","o__Tremellales","f__Bulleraceae","g__Genolevuria",NA,FALSE,"placeable_existing_SH","UNITE_container","https://unite.ut.ee/sh/SH0466443.10FU",FALSE,"k__Fungi;p__Basidiomycota;c__Tremellomycetes;o__Tremellales;f__Bulleraceae;g__Genolevuria",6,100,"SH0739993.10FU","SH0466443.10FU","SH0007346.10FU","present_in","present_in","present_in",0,0,2,4.80189877939829e-07
"OTU947","k__Fungi","p__Ascomycota","c__Lecanoromycetes","o__Lecanoromycetes_ord_Incertae_sedis","f__Micropeltidaceae","g__Micropeltidaceae_gen_Incertae_sedis",NA,FALSE,"no_SH_match","UNITE_container",NA,FALSE,NA,NA,NA,NA,NA,NA,NA,NA,NA,0,0,1,5.22271006686505e-07
"OTU948","k__Fungi","p__Ascomycota","c__Dothideomycetes","o__Mycosphaerellales","f__Teratosphaeriaceae","g__Incertomyces",NA,FALSE,"novel_new_SH","UNITE_container",NA,TRUE,"k__Fungi;p__Ascomycota;c__Dothideomycetes;o__Mycosphaerellales;f__Teratosphaeriaceae;g__Incertomyces",6,95.9,"s1056","s723","SH0147646.10FU","new_singleton_in","new_singleton_in","present_in",0,0,1,5.22271006686505e-07
"OTU949","k__Fungi","p__Ascomycota","c__Lecanoromycetes","o__Ostropales","f__Spirographaceae","g__Spirographa","s__fusisporella 2",FALSE,"placeable_existing_SH","UNITE_container","https://unite.ut.ee/sh/SH0691437.10FU",FALSE,"k__Fungi;p__Ascomycota;c__Lecanoromycetes;o__Ostropales;f__Spirographaceae;g__Spirographa",6,94.7,"SH1005786.10FU","SH0691437.10FU","SH0183860.10FU","present_in","present_in","present_in",0,0,1,5.22271006686505e-07
"OTU950","k__Fungi","p__Ascomycota","c__Dothideomycetes",NA,NA,NA,NA,TRUE,"placeable_existing_SH","UNITE_container","https://unite.ut.ee/sh/SH0682050.10FU",FALSE,"k__Fungi;p__Ascomycota;c__Dothideomycetes",3,98.6,"SH0994740.10FU","SH0682050.10FU","SH0176483.10FU","present_in","present_in","present_in",0,0,1,4.10054663362036e-07
"OTU951","k__Fungi","p__Ascomycota","c__Dothideomycetes",NA,NA,NA,NA,TRUE,"novel_new_SH","UNITE_container",NA,TRUE,"k__Fungi;p__Ascomycota;c__Dothideomycetes",3,89,"s1057","s724","s172","new_singleton_in","new_singleton_in","new_singleton_in",0,0,1,5.12568329202545e-07
"OTU952","k__Fungi","p__Mortierellomycota","c__Mortierellomycetes","o__Mortierellales","f__Mortierellaceae","g__Linnemannia","s__hyalina 2",FALSE,"placeable_existing_SH","UNITE_container","https://unite.ut.ee/sh/SH0653783.10FU",FALSE,"k__Fungi;p__Mortierellomycota;c__Mortierellomycetes;o__Mortierellales;f__Mortierellaceae",5,100,"SH0960627.10FU","SH0653783.10FU","SH0154888.10FU","present_in","present_in","present_in",0,0,1,4.10054663362036e-07
"OTU953","k__Fungi","p__Ascomycota","c__Eurotiomycetes","o__Chaetothyriales","f__Herpotrichiellaceae","g__Neosorocybe","s__pini 3",FALSE,"novel_new_SH","UNITE_container",NA,TRUE,"k__Fungi;p__Ascomycota",2,100,"211","149","37","new_sh_in","new_sh_in","new_sh_in",0,0,1,6.1966775893437e-07
"OTU955","k__Fungi","p__Ascomycota","c__Leotiomycetes","o__Chaetomellales","f__Chaetomellaceae","g__Pilidium",NA,FALSE,"placeable_existing_SH","UNITE_container","https://unite.ut.ee/sh/SH0654200.10FU",FALSE,"k__Fungi;p__Ascomycota;c__Leotiomycetes",3,100,"SH0961212.10FU","SH0654200.10FU","SH0155144.10FU","present_in","present_in","present_in",0,0,1,8.77421188932034e-07
"OTU956","k__Fungi","p__Ascomycota","c__Dothideomycetes","o__Mycosphaerellales","f__Teratosphaeriaceae","g__Meristemomyces",NA,FALSE,"novel_new_SH","UNITE_container",NA,TRUE,"k__Fungi;p__Ascomycota;c__Dothideomycetes;o__Mycosphaerellales;f__Teratosphaeriaceae;g__Meristemomyces",6,97.2,"188","126","SH0072085.10FU","new_sh_in","new_sh_in","present_in",0,0,3,0.000217948129006927
"OTU957","k__Fungi","p__Basidiomycota","c__Cystobasidiomycetes","o__Cystobasidiomycetes_ord_Incertae_sedis","f__Microsporomycetaceae","g__Microsporomycetaceae_gen_Incertae_sedis",NA,FALSE,"placeable_existing_SH","UNITE_container","https://unite.ut.ee/sh/SH0644532.10FU",FALSE,"k__Fungi;p__Basidiomycota;c__Cystobasidiomycetes",3,98.7,"SH0949873.10FU","SH0644532.10FU","SH0147493.10FU","present_in","present_in","present_in",0,0,1,3.27033041783377e-06
"OTU958","k__Fungi","p__Basidiomycota","c__Agaricostilbomycetes",NA,NA,NA,NA,TRUE,"novel_new_SH","UNITE_container",NA,FALSE,"k__Fungi;p__Basidiomycota;c__Agaricostilbomycetes;o__Agaricostilbales",4,87.4,"s1059","s726","s174","new_singleton_in","new_singleton_in","new_singleton_in",0,0,1,3.27033041783377e-06
"OTU959","k__Fungi",NA,NA,NA,NA,NA,NA,TRUE,"excluded_nonITS","UNITE_container",NA,FALSE,NA,NA,NA,NA,NA,NA,NA,NA,NA,1,8.28800828800829e-06,0,0
"OTU961","k__Fungi","p__Basidiomycota",NA,NA,NA,NA,NA,TRUE,"novel_new_SH","UNITE_container",NA,FALSE,"k__Fungi;p__Basidiomycota",2,96.5,"190","128","22","new_sh_in","new_sh_in","new_sh_in",1,0.000518508418136671,2,9.91157622921357e-07
"OTU963","k__Fungi","p__Ascomycota","c__Leotiomycetes","o__Rhytismatales","f__Rhytismataceae","g__Lophodermium","s__piceae 2",FALSE,"placeable_existing_SH","UNITE_container","https://unite.ut.ee/sh/SH0669835.10FU",FALSE,"k__Fungi;p__Ascomycota;c__Leotiomycetes",3,100,"SH0980051.10FU","SH0669835.10FU","SH0167003.10FU","present_in","present_in","present_in",0,0,2,1.96173878810102e-06
"OTU965","k__Fungi","p__Ascomycota","c__Dothideomycetes","o__Botryosphaeriales","f__Botryosphaeriaceae","g__Dothiorella",NA,FALSE,"placeable_existing_SH","UNITE_container","https://unite.ut.ee/sh/SH0578840.10FU",FALSE,"k__Fungi;p__Ascomycota;c__Dothideomycetes;o__Botryosphaeriales;f__Botryosphaeriaceae;g__Dothiorella",6,100,"SH0874024.10FU","SH0578840.10FU","SH0094152.10FU","present_in","present_in","present_in",0,0,2,0.000422121124037157
"OTU966","k__Fungi","p__Ascomycota","c__Candelariomycetes","o__Candelariales","f__Pycnoraceae","g__Pycnora",NA,FALSE,"novel_new_SH","UNITE_container",NA,TRUE,"k__Fungi;p__Ascomycota",2,96.9,"157","97","SH0084929.10FU","new_sh_in","new_sh_in","present_in",0,0,1,5.08137901076875e-07
"OTU967","k__Fungi","p__Basidiomycota","c__Cystobasidiomycetes","o__Cystobasidiales","f__Cystobasidiaceae","g__Cystobasidium",NA,FALSE,"placeable_existing_SH","PlutoF_live","https://unite.ut.ee/sh/SH0657016.10FU",FALSE,"k__Fungi;p__Basidiomycota;c__Cystobasidiomycetes;o__Cystobasidiales;f__Cystobasidiaceae;g__Cystobasidium;s__Cystobasidium_raffinophilum",7,100,"s1060","SH0657016.10FU","SH0157269.10FU","new_singleton_in","new_singleton_in","present_in",0,0,1,7.76989565030142e-07
"OTU968","k__Fungi","p__Basidiomycota","c__Tremellomycetes","o__Tremellales",NA,NA,NA,TRUE,"no_SH_match","UNITE_container",NA,FALSE,NA,NA,NA,NA,NA,NA,NA,NA,NA,0,0,2,1.37257515090854e-06
"OTU969","k__Fungi","p__Ascomycota","c__Sordariomycetes","o__Diaporthales","f__Gnomoniaceae",NA,NA,TRUE,"placeable_existing_SH","UNITE_container","https://unite.ut.ee/sh/SH0567845.10FU",FALSE,"k__Fungi;p__Ascomycota;c__Sordariomycetes;o__Diaporthales;f__Gnomoniaceae;g__Ophiognomonia;s__Ophiognomonia_acadiensis",7,100,"SH0861579.10FU","SH0567845.10FU","SH0085006.10FU","present_in","present_in","present_in",0,0,1,7.76989565030142e-07
"OTU970","k__Fungi","p__Ascomycota",NA,NA,NA,NA,NA,TRUE,"placeable_existing_SH","UNITE_container","https://unite.ut.ee/sh/SH0642462.10FU",FALSE,"k__Fungi;p__Ascomycota",2,100,"215","SH0642462.10FU","SH0145815.10FU","new_sh_in","present_in","present_in",0,0,1,4.56987130850692e-07
"OTU971","k__Fungi","p__Ascomycota",NA,NA,NA,NA,NA,TRUE,"excluded_nonITS","UNITE_container",NA,FALSE,NA,NA,NA,NA,NA,NA,NA,NA,NA,0,0,1,3.58797830441782e-07
"OTU972","k__Fungi","p__Basidiomycota","c__Tremellomycetes","o__Tremellales",NA,NA,NA,TRUE,"placeable_existing_SH","UNITE_container","https://unite.ut.ee/sh/SH0652079.10FU",FALSE,"k__Fungi;p__Basidiomycota;c__Tremellomycetes;o__Tremellales",4,97.4,"SH0958699.10FU","SH0652079.10FU","SH0153562.10FU","present_in","present_in","present_in",0,0,1,3.38318864563225e-07
"OTU973","k__Fungi","p__Basidiomycota","c__Cystobasidiomycetes","o__Cystobasidiales","f__Cystobasidiaceae","g__Cystobasidium","s__psychroaquaticum",FALSE,"placeable_existing_SH","PlutoF_live","https://unite.ut.ee/sh/SH0657015.10FU",FALSE,"k__Fungi;p__Basidiomycota;c__Cystobasidiomycetes;o__Cystobasidiales;f__Cystobasidiaceae;g__Cystobasidium;s__Cystobasidium_psychroaquaticum",7,99.6,"s1061","SH0657015.10FU","s175","new_singleton_in","new_singleton_in","new_singleton_in",0,0,1,3.38318864563225e-07
"OTU974","k__Fungi","p__Ascomycota","c__Leotiomycetes","o__Leotiales","f__Tympanidaceae",NA,NA,TRUE,"novel_new_SH","UNITE_container",NA,TRUE,"k__Fungi;p__Ascomycota",2,92.1,"s1062","s729","s176","new_singleton_in","new_singleton_in","new_singleton_in",1,0.000223936718301202,0,0
"OTU975","k__Fungi","p__Ascomycota","c__Lecanoromycetes","o__Lecideales","f__Lecideaceae","g__Porpidia",NA,FALSE,"placeable_existing_SH","UNITE_container","https://unite.ut.ee/sh/SH0659833.10FU",FALSE,"k__Fungi;p__Ascomycota;c__Lecanoromycetes;o__Lecideales;f__Lecideaceae;g__Porpidia",6,98.1,"SH0968038.10FU","SH0659833.10FU","SH0159513.10FU","present_in","present_in","present_in",0,0,1,1.85238208397218e-06
"OTU976","k__Fungi","p__Basidiomycota","c__Tremellomycetes","o__Tremellales","f__Bulleribasidiaceae","g__Dioszegia",NA,FALSE,"placeable_existing_SH","UNITE_container","https://unite.ut.ee/sh/SH0459982.10FU",FALSE,"k__Fungi;p__Basidiomycota;c__Tremellomycetes;o__Tremellales;f__Bulleribasidiaceae;g__Dioszegia;s__Dioszegia_butyracea",7,100,"SH0732409.10FU","SH0459982.10FU","SH0002210.10FU","present_in","present_in","present_in",1,1.87030753199562e-06,0,0
"OTU977","k__Fungi","p__Ascomycota","c__Eurotiomycetes","o__Chaetothyriales","f__Herpotrichiellaceae",NA,NA,TRUE,"novel_new_SH","UNITE_container",NA,TRUE,"k__Fungi;p__Ascomycota;c__Eurotiomycetes;o__Chaetothyriales;f__Herpotrichiellaceae;g__Exophiala",6,98.1,"172","100","SH0177807.10FU","new_sh_in","new_sh_in","present_in",1,7.37194406590097e-07,0,0
"OTU978","k__Fungi","p__Ascomycota","c__Dothideomycetes","o__Venturiales","f__Venturiaceae",NA,NA,TRUE,"placeable_existing_SH","UNITE_container","https://unite.ut.ee/sh/SH0676380.10FU",FALSE,"k__Fungi;p__Ascomycota;c__Dothideomycetes;o__Venturiales;f__Venturiaceae;g__Fagicola",6,98.6,"SH0987986.10FU","SH0676380.10FU","SH0171985.10FU","present_in","present_in","present_in",1,1.58981717556714e-06,0,0
"OTU984","k__Fungi","p__Ascomycota","c__Dothideomycetes","o__Venturiales","f__Venturiaceae",NA,NA,TRUE,"novel_new_SH","UNITE_container",NA,TRUE,"k__Fungi;p__Ascomycota;c__Dothideomycetes;o__Venturiales;f__Venturiaceae;g__Fagicola",6,100,"210","148","SH0171985.10FU","new_sh_in","new_sh_in","present_in",0,0,3,0.000343062923528296
"OTU985","k__Fungi","p__Ascomycota","c__Leotiomycetes","o__Helotiales","f__Ascocorticiaceae","g__Ascocorticium","s__sorbicola",FALSE,"novel_new_SH","UNITE_container",NA,TRUE,"k__Fungi;p__Ascomycota;c__Leotiomycetes;o__Helotiales",4,100,"s1063","s730","s177","new_singleton_in","new_singleton_in","new_singleton_in",0,0,1,3.3966622132651e-06
"OTU986","k__Fungi","p__Basidiomycota","c__Tremellomycetes","o__Cystofilobasidiales",NA,NA,NA,TRUE,"novel_new_SH","UNITE_container",NA,FALSE,"k__Fungi;p__Basidiomycota;c__Microbotryomycetes",3,94.8,"s1064","s731","s178","new_singleton_in","new_singleton_in","new_singleton_in",0,0,1,2.95073018277315e-07
"OTU987","k__Fungi","p__Basidiomycota","c__Tremellomycetes","o__Tremellales","f__Bulleribasidiaceae","g__Vishniacozyma","s__dimennae 1",FALSE,"novel_new_SH","UNITE_container",NA,FALSE,"k__Fungi;p__Basidiomycota;c__Tremellomycetes",3,97.4,"s1065","s732","s179","new_singleton_in","new_singleton_in","new_singleton_in",0,0,1,3.95111522202699e-07
"OTU988","k__Fungi","p__Ascomycota","c__Dothideomycetes","o__Mytilinidiales","f__Mytilinidiaceae","g__Lophium","s__mytilinum 2",FALSE,"novel_new_SH","UNITE_container",NA,TRUE,"k__Fungi;p__Ascomycota;c__Dothideomycetes",3,98.7,"213","151","39","new_sh_in","new_sh_in","new_sh_in",0,0,1,3.95111522202699e-07
"OTU989","k__Fungi","p__Basidiomycota","c__Microbotryomycetes",NA,NA,NA,NA,TRUE,"novel_new_SH","UNITE_container",NA,TRUE,"k__Fungi;p__Basidiomycota;c__Microbotryomycetes;o__Sporidiobolales",4,87.2,"s1076","s743","s190","new_singleton_in","new_singleton_in","new_singleton_in",0,0,1,6.65991055740121e-07
"OTU990","k__Fungi","p__Ascomycota","c__Eurotiomycetes",NA,NA,NA,NA,TRUE,"novel_new_SH","UNITE_container",NA,TRUE,"k__Fungi;p__Ascomycota;c__Dothideomycetes",3,100,"s1067","s734","s181","new_singleton_in","new_singleton_in","new_singleton_in",0,0,1,3.91703255014879e-07
"OTU992","k__Fungi",NA,NA,NA,NA,NA,NA,TRUE,"no_SH_match","UNITE_container",NA,FALSE,NA,NA,NA,NA,NA,NA,NA,NA,NA,1,0.000363691511246266,0,0
"OTU993","k__Fungi","p__Ascomycota","c__Taphrinomycetes","o__Taphrinales","f__Taphrinaceae","g__Taphrina",NA,FALSE,"novel_new_SH","UNITE_container",NA,FALSE,"k__Fungi;p__Ascomycota;c__Taphrinomycetes;o__Taphrinales",4,91.3,"s1068","s735","s182","new_singleton_in","new_singleton_in","new_singleton_in",0,0,1,3.07540997521527e-07
"OTU994","k__Fungi","p__Basidiomycota","c__Cystobasidiomycetes","o__Cystobasidiales","f__Cystobasidiaceae","g__Cystobasidium","s__pinicola 2",FALSE,"placeable_existing_SH","UNITE_container","https://unite.ut.ee/sh/SH0657078.10FU",FALSE,"k__Fungi;p__Basidiomycota;c__Cystobasidiomycetes;o__Cystobasidiales;f__Cystobasidiaceae;g__Cystobasidium;s__Cystobasidium_pinicola",7,99.5,"SH0964621.10FU","SH0657078.10FU","SH0157269.10FU","present_in","present_in","present_in",0,0,1,3.07540997521527e-07
"OTU995","k__Fungi","p__Basidiomycota","c__Tremellomycetes","o__Tremellales",NA,NA,NA,TRUE,"novel_new_SH","UNITE_container",NA,FALSE,"k__Fungi;p__Basidiomycota;c__Tremellomycetes;o__Tremellales",4,91.2,"216","153","42","new_sh_in","new_sh_in","new_sh_in",0,0,1,2.72012596722012e-07
"OTU996","k__Fungi",NA,NA,NA,NA,NA,NA,TRUE,"no_SH_match","UNITE_container",NA,FALSE,NA,NA,NA,NA,NA,NA,NA,NA,NA,0,0,1,6.58065891699025e-07
"OTU997","k__Fungi","p__Chytridiomycota","c__Rhizophydiomycetes","o__Rhizophydiales",NA,NA,NA,TRUE,"novel_new_SH","UNITE_container",NA,FALSE,"k__Fungi;p__Chytridiomycota;c__Rhizophydiomycetes;o__Rhizophydiales",4,90,"s1069","s736","s183","new_singleton_in","new_singleton_in","new_singleton_in",0,0,1,2.8998759819705e-07
"OTU998","k__Fungi","p__Ascomycota","c__Taphrinomycetes","o__Taphrinales","f__Taphrinaceae","g__Taphrina",NA,FALSE,"no_SH_match","UNITE_container",NA,FALSE,NA,NA,NA,NA,NA,NA,NA,NA,NA,0,0,1,4.02996033713036e-07
"OTU1000","k__Fungi","p__Basidiomycota","c__Cystobasidiomycetes",NA,NA,NA,NA,TRUE,"novel_new_SH","UNITE_container",NA,FALSE,"k__Fungi;p__Basidiomycota",2,84.2,"s1070","s737","s184","new_singleton_in","new_singleton_in","new_singleton_in",0,0,1,2.45274781337532e-06
"OTU1001","k__Fungi","p__Ascomycota",NA,NA,NA,NA,NA,TRUE,"no_SH_match","UNITE_container",NA,FALSE,NA,NA,NA,NA,NA,NA,NA,NA,NA,0,0,1,0.000193687827489042
"OTU1002","k__Fungi","p__Ascomycota","c__Leotiomycetes","o__Helotiales","f__Hyaloscyphaceae","g__Hyaloscyphaceae_gen_Incertae_sedis",NA,FALSE,"novel_new_SH","UNITE_container",NA,TRUE,"k__Fungi;p__Ascomycota;c__Leotiomycetes;o__Helotiales",4,96.5,"s1072","s739","s186","new_singleton_in","new_singleton_in","new_singleton_in",0,0,1,2.45274781337532e-06
"OTU1004","k__Fungi","p__Ascomycota","c__Eurotiomycetes","o__Chaetothyriales","f__Chaetothyriaceae",NA,NA,TRUE,"novel_new_SH","UNITE_container",NA,FALSE,"k__Fungi;p__Ascomycota;c__Eurotiomycetes",3,90.1,"s1071","s738","s185","new_singleton_in","new_singleton_in","new_singleton_in",1,1.60312074171053e-06,0,0
"OTU1010","k__Fungi","p__Ascomycota","c__Candelariomycetes","o__Candelariales","f__Pycnoraceae","g__Pycnora",NA,FALSE,"placeable_existing_SH","UNITE_container","https://unite.ut.ee/sh/SH0567658.10FU",FALSE,"k__Fungi;p__Ascomycota",2,100,"SH0861282.10FU","SH0567658.10FU","SH0084929.10FU","present_in","present_in","present_in",0,0,1,1.17045965823514e-06
"OTU1011","k__Fungi","p__Ascomycota","c__Dothideomycetes","o__Venturiales","f__Cylindrosympodiaceae","g__Pseudoanungitea",NA,FALSE,"placeable_existing_SH","UNITE_container","https://unite.ut.ee/sh/SH0532509.10FU",FALSE,"k__Fungi;p__Ascomycota;c__Dothideomycetes;o__Venturiales;f__Cylindrosympodiaceae;g__Pseudoanungitea",6,97.3,"SH0820383.10FU","SH0532509.10FU","SH0056762.10FU","present_in","present_in","present_in",0,0,1,1.17045965823514e-06
"OTU1012","k__Fungi","p__Ascomycota","c__Lecanoromycetes","o__Ostropales","f__Spirographaceae","g__Spirographa","s__fusisporella 3",FALSE,"placeable_existing_SH","UNITE_container","https://unite.ut.ee/sh/SH0691437.10FU",FALSE,"k__Fungi;p__Ascomycota;c__Lecanoromycetes;o__Ostropales;f__Spirographaceae;g__Spirographa",6,97.3,"SH1005786.10FU","SH0691437.10FU","SH0183860.10FU","present_in","present_in","present_in",0,0,1,2.69775283663315e-07
"OTU1014","k__Fungi","p__Ascomycota","c__Dothideomycetes",NA,NA,NA,NA,TRUE,"novel_new_SH","UNITE_container",NA,FALSE,"k__Fungi;p__Ascomycota",2,81.9,"s1090","s756","s199","new_singleton_in","new_singleton_in","new_singleton_in",0,0,1,2.69775283663315e-07
"OTU1015","k__Fungi",NA,NA,NA,NA,NA,NA,TRUE,"no_SH_match","UNITE_container",NA,FALSE,NA,NA,NA,NA,NA,NA,NA,NA,NA,0,0,1,3.12601400079151e-07
"OTU1016","k__Fungi","p__Basidiomycota","c__Tremellomycetes","o__Filobasidiales","f__Piskurozymaceae","g__Piskurozyma",NA,FALSE,"placeable_existing_SH","UNITE_container","https://unite.ut.ee/sh/SH0532281.10FU",FALSE,"k__Fungi;p__Basidiomycota;c__Tremellomycetes;o__Filobasidiales;f__Piskurozymaceae;g__Piskurozyma",6,100,"SH0820069.10FU","SH0532281.10FU","SH0056620.10FU","present_in","present_in","present_in",0,0,1,3.62955643626339e-07
"OTU1017","k__Fungi","p__Ascomycota","c__Dothideomycetes","o__Mycosphaerellales","f__Teratosphaeriaceae","g__Incertomyces",NA,FALSE,"placeable_existing_SH","UNITE_container","https://unite.ut.ee/sh/SH0644715.10FU",FALSE,"k__Fungi;p__Ascomycota;c__Dothideomycetes;o__Mycosphaerellales;f__Teratosphaeriaceae;g__Incertomyces",6,97.3,"SH0950064.10FU","SH0644715.10FU","SH0147646.10FU","present_in","present_in","present_in",0,0,1,2.45894181897762e-07
"OTU1018","k__Fungi","p__Ascomycota","c__Leotiomycetes","o__Rhytismatales","f__Rhytismataceae","g__Lophodermium","s__pinastri",FALSE,"placeable_existing_SH","UNITE_container","https://unite.ut.ee/sh/SH0605204.10FU",FALSE,"k__Fungi;p__Ascomycota;c__Leotiomycetes;o__Rhytismatales;f__Rhytismataceae;g__Lophodermium;s__Lophodermium_pinastri",7,98.6,"SH0904221.10FU","SH0605204.10FU","SH0115756.10FU","present_in","present_in","present_in",0,0,1,2.45894181897762e-07
"OTU1019","k__Fungi","p__Basidiomycota","c__Microbotryomycetes","o__Microbotryomycetes_ord_Incertae_sedis","f__Microbotryomycetes_fam_Incertae_sedis","g__Slooffia","s__pilatii",FALSE,"novel_new_SH","UNITE_container",NA,FALSE,"k__Fungi;p__Basidiomycota;c__Microbotryomycetes",3,90.1,"s1073","s740","s187","new_singleton_in","new_singleton_in","new_singleton_in",0,0,1,3.29259601835583e-07
"OTU1020","k__Fungi","p__Basidiomycota","c__Agaricomycetes","o__Cantharellales",NA,NA,NA,TRUE,"placeable_existing_SH","UNITE_container","https://unite.ut.ee/sh/SH0690961.10FU",FALSE,"k__Fungi;p__Basidiomycota;c__Agaricomycetes;o__Cantharellales",4,97.9,"SH1005273.10FU","SH0690961.10FU","SH0183452.10FU","present_in","present_in","present_in",0,0,1,3.26419379179066e-07
"OTU1022","k__Fungi","p__Basidiomycota","c__Agaricomycetes","o__Agaricales","f__Psathyrellaceae","g__Tulosesus","s__sclerocystidiosus",FALSE,"placeable_existing_SH","UNITE_container","https://unite.ut.ee/sh/SH0689940.10FU",FALSE,"k__Fungi;p__Basidiomycota;c__Agaricomycetes;o__Agaricales;f__Psathyrellaceae;g__Coprinellus",6,99,"SH1003981.10FU","SH0689940.10FU","SH0182638.10FU","present_in","present_in","present_in",0,0,1,3.26419379179066e-07
"OTU1023","k__Fungi","p__Basidiomycota","c__Tremellomycetes","o__Tremellales","f__Bulleribasidiaceae","g__Vishniacozyma","s__dimennae 2",FALSE,"novel_new_SH","UNITE_container",NA,TRUE,"k__Fungi;p__Basidiomycota;c__Tremellomycetes",3,98.7,"s1074","s741","s188","new_singleton_in","new_singleton_in","new_singleton_in",0,0,1,3.26419379179066e-07
"OTU1024","k__Fungi","p__Ascomycota","c__Leotiomycetes","o__Helotiales",NA,NA,NA,TRUE,"placeable_existing_SH","UNITE_container","https://unite.ut.ee/sh/SH0599012.10FU",FALSE,"k__Fungi;p__Ascomycota;c__Leotiomycetes;o__Helotiales;f__Hyaloscyphaceae",5,100,"SH0897702.10FU","SH0599012.10FU","SH0110852.10FU","present_in","present_in","present_in",0,0,4,0.000348297031840838
"OTU1025","k__Fungi","p__Basidiomycota","c__Cystobasidiomycetes",NA,NA,NA,NA,TRUE,"novel_new_SH","UNITE_container",NA,FALSE,"k__Fungi;p__Basidiomycota;c__Cystobasidiomycetes",3,81.9,"s1075","s742","s189","new_singleton_in","new_singleton_in","new_singleton_in",0,0,1,2.41656331830875e-07
"OTU1026","k__Fungi","p__Ascomycota","c__Leotiomycetes",NA,NA,NA,NA,TRUE,"novel_new_SH","UNITE_container",NA,TRUE,"k__Fungi;p__Ascomycota",2,100,"s1078","s744","s191","new_singleton_in","new_singleton_in","new_singleton_in",0,0,5,0.000290555978535852
"OTU1027","k__Fungi","p__Ascomycota","c__Eurotiomycetes","o__Chaetothyriales","f__Herpotrichiellaceae","g__Cladophialophora",NA,FALSE,"placeable_existing_SH","UNITE_container","https://unite.ut.ee/sh/SH0652621.10FU",FALSE,"k__Fungi;p__Ascomycota;c__Eurotiomycetes;o__Chaetothyriales;f__Herpotrichiellaceae;g__Cladophialophora",6,98.1,"s1077","SH0652621.10FU","SH0154006.10FU","new_singleton_in","present_in","present_in",0,0,1,2.0439565111461e-06
"OTU1029","k__Fungi","p__Ascomycota","c__Saccharomycetes","o__Saccharomycetales",NA,NA,NA,TRUE,"novel_new_SH","UNITE_container",NA,TRUE,"k__Fungi;p__Ascomycota;c__Saccharomycetes;o__Saccharomycetales",4,100,"171","110","SH0167055.10FU","new_sh_in","new_sh_in","present_in",1,1.33593395142544e-06,0,0
"OTU1031","k__Fungi","p__Ascomycota","c__Eurotiomycetes","o__Chaetothyriales",NA,NA,NA,TRUE,"placeable_existing_SH","UNITE_container","https://unite.ut.ee/sh/SH0693206.10FU",FALSE,"k__Fungi;p__Ascomycota;c__Eurotiomycetes;o__Chaetothyriales;f__Chaetothyriaceae",5,100,"SH1007807.10FU","SH0693206.10FU","SH0185319.10FU","present_in","present_in","present_in",1,5.18000518000518e-06,0,0
"OTU1032","k__Fungi","p__Basidiomycota","c__Tremellomycetes","o__Tremellales","f__Bulleribasidiaceae","g__Dioszegia","s__hungarica 1",FALSE,"placeable_existing_SH","UNITE_container","https://unite.ut.ee/sh/SH0459977.10FU",FALSE,"k__Fungi;p__Basidiomycota;c__Tremellomycetes;o__Tremellales;f__Bulleribasidiaceae;g__Dioszegia",6,100,"SH0732396.10FU","SH0459977.10FU","SH0002190.10FU","present_in","present_in","present_in",1,5.18000518000518e-06,0,0
"OTU1046","k__Fungi","p__Ascomycota","c__Leotiomycetes","o__Helotiales","f__Discinellaceae",NA,NA,TRUE,"placeable_existing_SH","UNITE_container","https://unite.ut.ee/sh/SH0523751.10FU",FALSE,"k__Fungi;p__Ascomycota;c__Leotiomycetes;o__Helotiales;f__Discinellaceae;g__Fontanospora",6,100,"SH0810003.10FU","SH0523751.10FU","SH0049955.10FU","present_in","present_in","present_in",0,0,4,0.000465847849539722
"OTU1047","k__Fungi","p__Ascomycota","c__Sordariomycetes","o__Hypocreales","f__Nectriaceae",NA,NA,TRUE,"placeable_existing_SH","UNITE_container","https://unite.ut.ee/sh/SH0463017.10FU",FALSE,"k__Fungi;p__Ascomycota;c__Sordariomycetes;o__Hypocreales;f__Nectriaceae",5,100,"SH0736021.10FU","SH0463017.10FU","SH0004690.10FU","present_in","present_in","present_in",0,0,1,2.26444147551007e-06
"OTU1048","k__Fungi","p__Ascomycota","c__Dothideomycetes","o__Capnodiales",NA,NA,NA,TRUE,"placeable_existing_SH","PlutoF_live","https://unite.ut.ee/sh/SH0645362.10FU",FALSE,"k__Fungi;p__Ascomycota;c__Dothideomycetes;o__Capnodiales",4,98.7,"s1080","SH0645362.10FU","s193","new_singleton_in","new_singleton_in","new_singleton_in",0,0,1,2.26444147551007e-06
"OTU1049","k__Fungi","p__Basidiomycota","c__Agaricomycetes","o__Thelephorales","f__Thelephoraceae","g__Thelephora","s__terrestris 1",FALSE,"placeable_existing_SH","UNITE_container","https://unite.ut.ee/sh/SH0618092.10FU",FALSE,"k__Fungi;p__Basidiomycota;c__Agaricomycetes;o__Thelephorales;f__Thelephoraceae;g__Thelephora",6,99.5,"SH0919166.10FU","SH0618092.10FU","SH0126062.10FU","present_in","present_in","present_in",0,0,1,2.90364514901071e-07
"OTU1050","k__Fungi","p__Ascomycota","c__Eurotiomycetes","o__Chaetothyriales",NA,NA,NA,TRUE,"novel_new_SH","UNITE_container",NA,FALSE,"k__Fungi;p__Ascomycota;c__Eurotiomycetes;o__Chaetothyriales",4,81.3,"s1081","s747","s194","new_singleton_in","new_singleton_in","new_singleton_in",0,0,1,1.9671534551821e-07
"OTU1051","k__Fungi","p__Ascomycota","c__Leotiomycetes","o__Helotiales",NA,NA,NA,TRUE,"novel_new_SH","UNITE_container",NA,TRUE,"k__Fungi;p__Ascomycota;c__Leotiomycetes;o__Helotiales;f__Ploettnerulaceae;g__Cadophora",6,100,"s1082","s748","SH0188235.10FU","new_singleton_in","new_singleton_in","present_in",1,0.000807705667031822,0,0
"OTU1052","k__Fungi","p__Basidiomycota","c__Agaricomycetes","o__Cantharellales","f__Hydnaceae","g__Sistotrema",NA,FALSE,"placeable_existing_SH","UNITE_container","https://unite.ut.ee/sh/SH0546788.10FU",FALSE,"k__Fungi;p__Basidiomycota;c__Agaricomycetes;o__Cantharellales;f__Hydnaceae;g__Sistotrema",6,99.1,"SH0837129.10FU","SH0546788.10FU","SH0068106.10FU","present_in","present_in","present_in",0,0,1,1.9671534551821e-07
"OTU1053","k__Fungi","p__Ascomycota","c__Eurotiomycetes","o__Chaetothyriales","f__Herpotrichiellaceae","g__Cladophialophora",NA,FALSE,"novel_new_SH","UNITE_container",NA,TRUE,"k__Fungi;p__Ascomycota;c__Eurotiomycetes",3,99.4,"166","106","8","new_sh_in","new_sh_in","new_sh_in",0,0,1,2.63407681468466e-07
"OTU1054","k__Fungi","p__Ascomycota","c__Sordariomycetes","o__Diaporthales","f__Gnomoniaceae",NA,NA,TRUE,"placeable_existing_SH","UNITE_container","https://unite.ut.ee/sh/SH0567866.10FU",FALSE,"k__Fungi;p__Ascomycota;c__Sordariomycetes;o__Diaporthales;f__Gnomoniaceae;g__Ophiognomonia",6,98.8,"SH0861466.10FU","SH0567866.10FU","SH0085068.10FU","present_in","present_in","present_in",0,0,1,2.63407681468466e-07
"OTU1055","k__Fungi","p__Basidiomycota","c__Tremellomycetes","o__Tremellales","f__Tremellaceae","g__Tremella","s__subalpina",FALSE,"novel_new_SH","UNITE_container",NA,FALSE,"k__Fungi;p__Basidiomycota;c__Tremellomycetes",3,90.8,"s1083","s749","s195","new_singleton_in","new_singleton_in","new_singleton_in",0,0,1,4.43994037160081e-07
"OTU1056","k__Fungi","p__Basidiomycota","c__Tremellomycetes","o__Filobasidiales","f__Piskurozymaceae","g__Solicoccozyma","s__terricola 3",FALSE,"placeable_existing_SH","UNITE_container","https://unite.ut.ee/sh/SH0648046.10FU",FALSE,"k__Fungi;p__Basidiomycota;c__Tremellomycetes;o__Filobasidiales;f__Piskurozymaceae;g__Solicoccozyma",6,100,"198","SH0648046.10FU","SH0150377.10FU","new_sh_in","present_in","present_in",0,0,2,0.000346707736792452
"OTU1057","k__Fungi","p__Basidiomycota","c__Tremellomycetes","o__Tremellales",NA,NA,NA,TRUE,"novel_new_SH","UNITE_container",NA,FALSE,"k__Fungi;p__Basidiomycota;c__Tremellomycetes;o__Tremellales",4,91.8,"197","134","26","new_sh_in","new_sh_in","new_sh_in",0,0,1,4.43994037160081e-07
"OTU1058","k__Fungi","p__Basidiomycota","c__Tremellomycetes","o__Tremellales","f__Tremellaceae","g__Tremella","s__macrobasidiata",FALSE,"novel_new_SH","UNITE_container",NA,FALSE,"k__Fungi;p__Basidiomycota;c__Tremellomycetes;o__Tremellales",4,94.9,"s1085","s751","SH0099270.10FU","new_singleton_in","new_singleton_in","present_in",0,0,1,4.43994037160081e-07
"OTU1059","k__Fungi","p__Mortierellomycota","c__Mortierellomycetes","o__Mortierellales","f__Mortierellaceae","g__Mortierella","s__macrocystis 1",FALSE,"placeable_existing_SH","UNITE_container","https://unite.ut.ee/sh/SH0573243.10FU",FALSE,"k__Fungi;p__Mortierellomycota;c__Mortierellomycetes;o__Mortierellales;f__Mortierellaceae;g__Mortierella;s__Mortierella_macrocystis",7,99.2,"SH0867726.10FU","SH0573243.10FU","SH0089555.10FU","present_in","present_in","present_in",0,0,1,2.61135503343253e-07
"OTU1060","k__Fungi","p__Basidiomycota","c__Tremellomycetes","o__Tremellales","f__Bulleraceae","g__Pseudotremella",NA,FALSE,"placeable_existing_SH","PlutoF_live","https://unite.ut.ee/sh/SH0695452.10FU",FALSE,"k__Fungi;p__Basidiomycota;c__Tremellomycetes;o__Tremellales",4,100,"s1086","SH0695452.10FU","SH0187073.10FU","new_singleton_in","new_singleton_in","present_in",0,0,1,2.61135503343253e-07
"OTU1061","k__Fungi","p__Basidiomycota","c__Agaricomycetes","o__Cantharellales","f__Hydnaceae","g__Sistotrema",NA,FALSE,"novel_new_SH","UNITE_container",NA,FALSE,"k__Fungi;p__Basidiomycota;c__Agaricomycetes;o__Cantharellales",4,87.6,"s1087","s753","s197","new_singleton_in","new_singleton_in","new_singleton_in",0,0,1,2.61135503343253e-07
"OTU1062","k__Fungi",NA,NA,NA,NA,NA,NA,TRUE,"no_SH_match","UNITE_container",NA,FALSE,NA,NA,NA,NA,NA,NA,NA,NA,NA,0,0,1,3.91703255014879e-07
"OTU1063","k__Fungi","p__Ascomycota","c__Lecanoromycetes","o__Lecanorales","f__Parmeliaceae","g__Platismatia","s__glauca 1",FALSE,"novel_new_SH","UNITE_container",NA,TRUE,"k__Fungi;p__Ascomycota;c__Lecanoromycetes",3,100,"217","154","43","new_sh_in","new_sh_in","new_sh_in",1,0.000369794814239259,3,0.000170742756604614
"OTU1064","k__Fungi","p__Ascomycota","c__Candelariomycetes","o__Candelariales","f__Pycnoraceae","g__Pycnora",NA,FALSE,"novel_new_SH","UNITE_container",NA,TRUE,"k__Fungi;p__Ascomycota",2,99.4,"s1088","s754","s198","new_singleton_in","new_singleton_in","new_singleton_in",0,0,1,2.05027331681018e-07
"OTU1065","k__Fungi","p__Basidiomycota",NA,NA,NA,NA,NA,TRUE,"novel_new_SH","UNITE_container",NA,FALSE,"k__Fungi;p__Basidiomycota",2,95.6,"190","128","22","new_sh_in","new_sh_in","new_sh_in",0,0,1,1.933250654647e-07
"OTU1066","k__Fungi","p__Basidiomycota","c__Microbotryomycetes",NA,NA,NA,NA,TRUE,"placeable_existing_SH","UNITE_container","https://unite.ut.ee/sh/SH0674783.10FU",FALSE,"k__Fungi;p__Basidiomycota;c__Microbotryomycetes;o__Leucosporidiales;f__Leucosporidiaceae;g__Leucosporidium",6,100,"SH0985953.10FU","SH0674783.10FU","SH0170846.10FU","present_in","present_in","present_in",1,0.00044173933062822,2,0.00441905243739374
"OTU1067","k__Fungi","p__Basidiomycota","c__Agaricomycetes","o__Thelephorales","f__Thelephoraceae","g__Thelephora","s__terrestris 2",FALSE,"placeable_existing_SH","UNITE_container","https://unite.ut.ee/sh/SH0618057.10FU",FALSE,"k__Fungi;p__Basidiomycota;c__Agaricomycetes;o__Thelephorales;f__Thelephoraceae;g__Thelephora;s__Thelephora_terrestris",7,100,"SH0919116.10FU","SH0618057.10FU","SH0126051.10FU","present_in","present_in","present_in",0,0,2,0.000186684119653619
"OTU1073","k__Fungi",NA,NA,NA,NA,NA,NA,TRUE,"excluded_nonITS","UNITE_container",NA,FALSE,NA,NA,NA,NA,NA,NA,NA,NA,NA,1,4.21253946622912e-07,0,0
"OTU1087","k__Fungi","p__Ascomycota","c__Sordariomycetes",NA,NA,NA,NA,TRUE,"novel_new_SH","UNITE_container",NA,FALSE,"k__Fungi;p__Ascomycota;c__Sordariomycetes",3,96.2,"s1089","s755","SH0056290.10FU","new_singleton_in","new_singleton_in","present_in",0,0,1,4.76995007770249e-07
"OTU1088","k__Fungi","p__Basidiomycota",NA,NA,NA,NA,NA,TRUE,"no_SH_match","UNITE_container",NA,FALSE,NA,NA,NA,NA,NA,NA,NA,NA,NA,0,0,1,1.61865170197989e-07
"OTU1090","k__Fungi","p__Ascomycota","c__Dothideomycetes","o__Myriangiales","f__Myriangiales_fam_Incertae_sedis","g__Myriangiales_gen_Incertae_sedis",NA,FALSE,"placeable_existing_SH","UNITE_container","https://unite.ut.ee/sh/SH0664245.10FU",FALSE,"k__Fungi;p__Ascomycota;c__Dothideomycetes;o__Myriangiales",4,98.7,"SH0973252.10FU","SH0664245.10FU","SH0162833.10FU","present_in","present_in","present_in",0,0,1,2.17773386175804e-07
"OTU1091","k__Fungi","p__Basidiomycota","c__Cystobasidiomycetes","o__Cystobasidiomycetes_ord_Incertae_sedis","f__Cystobasidiomycetes_fam_Incertae_sedis","g__Cystobasidiomycetes_gen_Incertae_sedis",NA,FALSE,"placeable_existing_SH","UNITE_container","https://unite.ut.ee/sh/SH0559070.10FU",FALSE,"k__Fungi;p__Basidiomycota;c__Cystobasidiomycetes;o__Cystobasidiales",4,100,"SH0851450.10FU","SH0559070.10FU","SH0077868.10FU","present_in","present_in","present_in",2,0.000812647497232114,1,1.07910113465326e-06
"OTU1092","k__Fungi","p__Basidiomycota","c__Agaricomycetes","o__Agaricales","f__Cortinariaceae","g__Cortinarius","s__stillatitius 2",FALSE,"placeable_existing_SH","UNITE_container","https://unite.ut.ee/sh/SH0701870.10FU",FALSE,"k__Fungi;p__Basidiomycota;c__Agaricomycetes;o__Agaricales;f__Cortinariaceae;g__Cortinarius",6,99,"SH1017775.10FU","SH0701870.10FU","SH0191743.10FU","present_in","present_in","present_in",0,0,1,2.17773386175804e-07
"OTU1093","k__Fungi","p__Chytridiomycota",NA,NA,NA,NA,NA,TRUE,"no_SH_match","UNITE_container",NA,FALSE,NA,NA,NA,NA,NA,NA,NA,NA,NA,0,0,1,2.17773386175804e-07
"OTU1094","k__Fungi","p__Ascomycota","c__Dothideomycetes",NA,NA,NA,NA,TRUE,"novel_new_SH","UNITE_container",NA,FALSE,"k__Fungi;p__Ascomycota;c__Dothideomycetes",3,84.4,"164","104","6","new_sh_in","new_sh_in","new_sh_in",0,0,1,2.17773386175804e-07
"OTU1095","k__Fungi","p__Ascomycota","c__Leotiomycetes","o__Rhytismatales","f__Rhytismataceae","g__Lophodermium",NA,FALSE,"placeable_existing_SH","UNITE_container","https://unite.ut.ee/sh/SH0669835.10FU",FALSE,"k__Fungi;p__Ascomycota;c__Leotiomycetes",3,100,"SH0980051.10FU","SH0669835.10FU","SH0167003.10FU","present_in","present_in","present_in",0,0,1,1.47536509138657e-07
"OTU1096","k__Fungi","p__Ascomycota","c__Dothideomycetes",NA,NA,NA,NA,TRUE,"novel_new_SH","UNITE_container",NA,FALSE,"k__Fungi;p__Ascomycota;c__Dothideomycetes;o__Mytilinidiales",4,90.7,"s1091","s757","s200","new_singleton_in","new_singleton_in","new_singleton_in",0,0,1,1.47536509138657e-07
"OTU1097","k__Fungi","p__Basidiomycota","c__Cystobasidiomycetes",NA,NA,NA,NA,TRUE,"novel_new_SH","UNITE_container",NA,FALSE,"k__Fungi;p__Basidiomycota;c__Cystobasidiomycetes",3,82.9,"208","146","36","new_sh_in","new_sh_in","new_sh_in",0,0,1,1.47536509138657e-07
"OTU1098","k__Fungi","p__Ascomycota","c__Leotiomycetes","o__Helotiales",NA,NA,NA,TRUE,"placeable_existing_SH","UNITE_container","https://unite.ut.ee/sh/SH0467716.10FU",FALSE,"k__Fungi;p__Ascomycota;c__Leotiomycetes;o__Helotiales",4,98.6,"SH0741497.10FU","SH0467716.10FU","SH0008342.10FU","present_in","present_in","present_in",0,0,1,1.61863807792124e-07
"OTU1099","k__Fungi","p__Ascomycota","c__Leotiomycetes","o__Helotiales",NA,NA,NA,TRUE,"placeable_existing_SH","UNITE_container","https://unite.ut.ee/sh/SH0552024.10FU",FALSE,"k__Fungi;p__Ascomycota;c__Leotiomycetes;o__Helotiales",4,100,"SH0843226.10FU","SH0552024.10FU","SH0072318.10FU","present_in","present_in","present_in",0,0,1,1.9755576110135e-07
"OTU1100","k__Fungi","p__Basidiomycota",NA,NA,NA,NA,NA,TRUE,"no_SH_match","UNITE_container",NA,FALSE,NA,NA,NA,NA,NA,NA,NA,NA,NA,0,0,1,1.9755576110135e-07
"OTU1101","k__Fungi","p__Basidiomycota","c__Tremellomycetes",NA,NA,NA,NA,TRUE,"placeable_existing_SH","PlutoF_live","https://unite.ut.ee/sh/SH0661539.10FU",FALSE,"k__Fungi;p__Basidiomycota;c__Tremellomycetes;o__Tremellales;f__Cryptococcaceae;g__Cryptococcus",6,96.3,"205","SH0661539.10FU","34","new_sh_in","new_sh_in","new_sh_in",0,0,1,1.9755576110135e-07
"OTU1102","k__Fungi","p__Ascomycota","c__Lecanoromycetes","o__Lecanorales",NA,NA,NA,TRUE,"novel_new_SH","UNITE_container",NA,FALSE,"k__Fungi;p__Ascomycota;c__Lecanoromycetes",3,84.7,"s1092","s758","s201","new_singleton_in","new_singleton_in","new_singleton_in",0,0,1,1.9755576110135e-07
"OTU1103","k__Fungi","p__Basidiomycota","c__Tremellomycetes","o__Filobasidiales","f__Filobasidiaceae","g__Filobasidium","s__wieringae",FALSE,"placeable_existing_SH","UNITE_container","https://unite.ut.ee/sh/SH0564356.10FU",FALSE,"k__Fungi;p__Basidiomycota;c__Tremellomycetes;o__Filobasidiales;f__Filobasidiaceae;g__Filobasidium;s__Filobasidium_wieringae",7,100,"SH0857527.10FU","SH0564356.10FU","SH0082204.10FU","present_in","present_in","present_in",0,0,1,1.9755576110135e-07
"OTU1104","k__Fungi","p__Ascomycota","c__Eurotiomycetes","o__Phaeomoniellales",NA,NA,NA,TRUE,"novel_new_SH","UNITE_container",NA,FALSE,"k__Fungi;p__Ascomycota;c__Eurotiomycetes",3,90.2,"207","145","35","new_sh_in","new_sh_in","new_sh_in",0,0,1,1.9755576110135e-07
"OTU1105","k__Fungi","p__Ascomycota","c__Candelariomycetes","o__Candelariales","f__Pycnoraceae","g__Pycnora",NA,FALSE,"novel_new_SH","UNITE_container",NA,TRUE,"k__Fungi;p__Ascomycota",2,100,"s1093","125","20","new_singleton_in","new_sh_in","new_sh_in",0,0,1,1.9755576110135e-07
"OTU1106","k__Fungi","p__Basidiomycota","c__Agaricomycetes",NA,NA,NA,NA,TRUE,"placeable_existing_SH","PlutoF_live","https://unite.ut.ee/sh/SH0459405.10FU",FALSE,"k__Fungi;p__Basidiomycota;c__Agaricomycetes;o__Cantharellales;f__Ceratobasidiaceae;g__Ceratobasidium",6,100,"s1094","SH0459405.10FU","s202","new_singleton_in","new_singleton_in","new_singleton_in",0,0,1,1.95851627507439e-07
"OTU1107","k__Fungi","p__Basidiomycota","c__Tremellomycetes","o__Cystofilobasidiales","f__Mrakiaceae","g__Krasilnikovozyma","s__huempii 2",FALSE,"placeable_existing_SH","UNITE_container","https://unite.ut.ee/sh/SH0521896.10FU",FALSE,"k__Fungi;p__Basidiomycota;c__Tremellomycetes;o__Cystofilobasidiales;f__Mrakiaceae;g__Krasilnikovozyma;s__Krasilnikovozyma_huempii",7,100,"SH0807762.10FU","SH0521896.10FU","SH0048557.10FU","present_in","present_in","present_in",0,0,1,1.95851627507439e-07
"OTU1108","k__Fungi","p__Ascomycota",NA,NA,NA,NA,NA,TRUE,"novel_new_SH","UNITE_container",NA,FALSE,"k__Fungi",1,80.8,"s1095","s760","s203","new_singleton_in","new_singleton_in","new_singleton_in",0,0,1,1.95851627507439e-07
"OTU1109","k__Fungi","p__Basidiomycota","c__Agaricomycetes","o__Hymenochaetales","f__Hymenochaetales_fam_Incertae_sedis","g__Trichaptum",NA,FALSE,"placeable_existing_SH","UNITE_container","https://unite.ut.ee/sh/SH0551510.10FU",FALSE,"k__Fungi;p__Basidiomycota;c__Agaricomycetes;o__Hymenochaetales",4,99,"SH0842624.10FU","SH0551510.10FU","SH0071905.10FU","present_in","present_in","present_in",0,0,1,1.95851627507439e-07
"OTU1111","k__Fungi","p__Ascomycota",NA,NA,NA,NA,NA,TRUE,"novel_new_SH","UNITE_container",NA,FALSE,"k__Fungi",1,87.8,"189","127","21","new_sh_in","new_sh_in","new_sh_in",0,0,1,1.95851627507439e-07
"OTU1112","k__Fungi","p__Basidiomycota","c__Agaricomycetes","o__Hymenochaetales","f__Hymenochaetales_fam_Incertae_sedis","g__Trichaptum","s__abietinum",FALSE,"placeable_existing_SH","UNITE_container","https://unite.ut.ee/sh/SH0551510.10FU",FALSE,"k__Fungi;p__Basidiomycota;c__Agaricomycetes;o__Hymenochaetales",4,100,"SH0842624.10FU","SH0551510.10FU","SH0071905.10FU","present_in","present_in","present_in",0,0,1,1.95851627507439e-07
"OTU1113","k__Fungi","p__Mortierellomycota","c__Mortierellomycetes","o__Mortierellales","f__Mortierellaceae","g__Mortierella","s__macrocystis 2",FALSE,"placeable_existing_SH","UNITE_container","https://unite.ut.ee/sh/SH0573243.10FU",FALSE,"k__Fungi;p__Mortierellomycota;c__Mortierellomycetes;o__Mortierellales;f__Mortierellaceae;g__Mortierella;s__Mortierella_macrocystis",7,100,"SH0867726.10FU","SH0573243.10FU","SH0089555.10FU","present_in","present_in","present_in",0,0,1,1.95851627507439e-07
"OTU1114","k__Fungi","p__Ascomycota","c__Lecanoromycetes","o__Lecanorales","f__Parmeliaceae","g__Platismatia","s__glauca 2",FALSE,"novel_new_SH","UNITE_container",NA,TRUE,"k__Fungi;p__Ascomycota;c__Lecanoromycetes",3,100,"217","154","43","new_sh_in","new_sh_in","new_sh_in",0,0,1,1.95851627507439e-07
"OTU1115","k__Fungi","p__Basidiomycota","c__Malasseziomycetes","o__Malasseziales","f__Malasseziaceae","g__Malassezia",NA,FALSE,"placeable_existing_SH","UNITE_container","https://unite.ut.ee/sh/SH0686389.10FU",FALSE,"k__Fungi;p__Basidiomycota;c__Malasseziomycetes;o__Malasseziales;f__Malasseziaceae;g__Malassezia;s__Malassezia_restricta",7,100,"SH0999786.10FU","SH0686389.10FU","SH0179873.10FU","present_in","present_in","present_in",0,0,2,0.0002000409496614
"OTU1116","k__Fungi","p__Ascomycota","c__Dothideomycetes",NA,NA,NA,NA,TRUE,"novel_new_SH","UNITE_container",NA,FALSE,"k__Fungi;p__Ascomycota;c__Dothideomycetes",3,94.1,"s1096","s761","s204","new_singleton_in","new_singleton_in","new_singleton_in",0,0,1,1.95851627507439e-07
"OTU1118","k__Fungi","p__Basidiomycota","c__Agaricomycetes","o__Cantharellales","f__Hydnaceae","g__Sistotrema",NA,FALSE,"placeable_existing_SH","PlutoF_live","https://unite.ut.ee/sh/SH0660255.10FU",FALSE,"k__Fungi;p__Basidiomycota;c__Agaricomycetes;o__Cantharellales;f__Hydnaceae;g__Sistotrema",6,99.3,"s1097","SH0660255.10FU","SH0159802.10FU","new_singleton_in","new_singleton_in","present_in",0,0,1,1.53770498760764e-07
"OTU1119","k__Fungi","p__Basidiomycota","c__Agaricomycetes","o__Agaricales","f__Strophariaceae","g__Hypholoma","s__dispersum",FALSE,"placeable_existing_SH","PlutoF_live","https://unite.ut.ee/sh/SH0682213.10FU",FALSE,"k__Fungi;p__Basidiomycota;c__Agaricomycetes;o__Agaricales;f__Strophariaceae;g__Hypholoma;s__Hypholoma_dispersum",7,100,"s1098","SH0682213.10FU","s205","new_singleton_in","new_singleton_in","new_singleton_in",0,0,1,1.53770498760764e-07
"OTU1120","k__Fungi","p__Ascomycota",NA,NA,NA,NA,NA,TRUE,"no_SH_match","UNITE_container",NA,TRUE,NA,NA,NA,NA,NA,NA,NA,NA,NA,0,0,1,1.53770498760764e-07
"OTU1121","k__Fungi","p__Basidiomycota","c__Agaricostilbomycetes","o__Agaricostilbales",NA,NA,NA,TRUE,"no_SH_match","UNITE_container",NA,FALSE,NA,NA,NA,NA,NA,NA,NA,NA,NA,0,0,1,1.53770498760764e-07
"OTU1122","k__Fungi","p__Ascomycota","c__Lecanoromycetes","o__Lecanoromycetes_ord_Incertae_sedis","f__Micropeltidaceae","g__Micropeltidaceae_gen_Incertae_sedis",NA,FALSE,"novel_new_SH","UNITE_container",NA,TRUE,"k__Fungi;p__Ascomycota;c__Lecanoromycetes",3,98.8,"s1099","s764","SH0016545.10FU","new_singleton_in","new_singleton_in","present_in",0,0,1,1.44993799098525e-07
"OTU1123","k__Fungi","p__Basidiomycota","c__Agaricomycetes","o__Agaricales","f__Psathyrellaceae","g__Coprinopsis",NA,FALSE,"placeable_existing_SH","PlutoF_live","https://unite.ut.ee/sh/SH0632429.10FU",FALSE,"k__Fungi;p__Basidiomycota;c__Agaricomycetes;o__Agaricales;f__Psathyrellaceae;g__Coprinopsis;s__Coprinopsis_scobicola",7,99.1,"s1100","SH0632429.10FU","s206","new_singleton_in","new_singleton_in","new_singleton_in",0,0,1,1.44993799098525e-07
"OTU1124","k__Fungi","p__Basidiomycota","c__Microbotryomycetes","o__Microbotryomycetes_ord_Incertae_sedis","f__Colacogloeaceae","g__Colacogloea",NA,FALSE,"no_SH_match","UNITE_container",NA,FALSE,NA,NA,NA,NA,NA,NA,NA,NA,NA,0,0,1,1.44993799098525e-07
"OTU1125","k__Fungi","p__Ascomycota","c__Sordariomycetes",NA,NA,NA,NA,TRUE,"novel_new_SH","UNITE_container",NA,FALSE,"k__Fungi;p__Ascomycota",2,96.7,"s1101","155","44","new_singleton_in","new_sh_in","new_sh_in",0,0,3,0.013650200661066
"OTU1126","k__Fungi","p__Basidiomycota","c__Tremellomycetes","o__Tremellales","f__Sirobasidiaceae","g__Fibulobasidium",NA,FALSE,"placeable_existing_SH","UNITE_container","https://unite.ut.ee/sh/SH0475627.10FU",FALSE,"k__Fungi;p__Basidiomycota;c__Tremellomycetes;o__Tremellales;f__Sirobasidiaceae;g__Fibulobasidium",6,99.4,"SH0750611.10FU","SH0475627.10FU","SH0014761.10FU","present_in","present_in","present_in",0,0,1,1.44993799098525e-07
"OTU1127","k__Fungi","p__Ascomycota","c__Dothideomycetes","o__Pleosporales","f__Phaeosphaeriaceae",NA,NA,TRUE,"placeable_existing_SH","UNITE_container","https://unite.ut.ee/sh/SH0705133.10FU",FALSE,"k__Fungi;p__Ascomycota;c__Dothideomycetes;o__Pleosporales;f__Phaeosphaeriaceae;g__Acericola",6,100,"SH1021728.10FU","SH0705133.10FU","SH0194362.10FU","present_in","present_in","present_in",0,0,1,1.44993799098525e-07
"OTU1128","k__Fungi","p__Basidiomycota","c__Exobasidiomycetes","o__Exobasidiales","f__Exobasidiaceae","g__Exobasidium","s__vaccinii 5",FALSE,"placeable_existing_SH","UNITE_container","https://unite.ut.ee/sh/SH0631571.10FU",FALSE,"k__Fungi;p__Basidiomycota;c__Exobasidiomycetes;o__Exobasidiales;f__Exobasidiaceae;g__Exobasidium",6,98.9,"SH0934702.10FU","SH0631571.10FU","SH0136959.10FU","present_in","present_in","present_in",0,0,1,1.77771604494208e-07
"OTU1129","k__Fungi","p__Ascomycota","c__Leotiomycetes","o__Rhytismatales","f__Rhytismataceae","g__Lophodermium",NA,FALSE,"placeable_existing_SH","PlutoF_live","https://unite.ut.ee/sh/SH0669835.10FU",FALSE,"k__Fungi;p__Ascomycota;c__Leotiomycetes",3,100,"201","SH0669835.10FU","SH0167003.10FU","new_sh_in","new_sh_in","present_in",0,0,1,7.93878035988079e-07
"OTU1130","k__Fungi","p__Ascomycota",NA,NA,NA,NA,NA,TRUE,"placeable_existing_SH","UNITE_container","https://unite.ut.ee/sh/SH0464463.10FU",FALSE,"k__Fungi;p__Ascomycota",2,100,"SH0737716.10FU","SH0464463.10FU","SH0005728.10FU","present_in","present_in","present_in",0,0,1,1.22637390668766e-06
"OTU1132","k__Fungi",NA,NA,NA,NA,NA,NA,TRUE,"excluded_nonITS","UNITE_container",NA,FALSE,NA,NA,NA,NA,NA,NA,NA,NA,NA,1,8.01560370855265e-07,0,0
"OTU1133","k__Fungi","p__Ascomycota","c__Saccharomycetes","o__Saccharomycetales","f__Saccharomycetales_fam_Incertae_sedis","g__Candida","s__sake 1",FALSE,"novel_new_SH","UNITE_container",NA,TRUE,"k__Fungi;p__Ascomycota;c__Saccharomycetes;o__Saccharomycetales",4,100,"171","110","SH0167055.10FU","new_sh_in","new_sh_in","present_in",1,6.4410302213138e-07,0,0
"OTU1134","k__Fungi","p__Ascomycota","c__Dothideomycetes","o__Mycosphaerellales","f__Teratosphaeriaceae","g__Meristemomyces",NA,FALSE,"excluded_nonITS","UNITE_container",NA,FALSE,NA,NA,NA,NA,NA,NA,NA,NA,NA,1,5.14700886726688e-07,0,0
"OTU1145","k__Fungi","p__Ascomycota","c__Leotiomycetes",NA,NA,NA,NA,TRUE,"novel_new_SH","UNITE_container",NA,TRUE,"k__Fungi;p__Ascomycota",2,100,"s1102","s766","s207","new_singleton_in","new_singleton_in","new_singleton_in",0,0,1,0.000385453676169176
"OTU1152","k__Fungi","p__Basidiomycota","c__Agaricomycetes","o__Agaricales","f__Hydnangiaceae","g__Laccaria",NA,FALSE,"novel_new_SH","UNITE_container",NA,FALSE,"k__Fungi;p__Basidiomycota;c__Agaricomycetes;o__Agaricales;f__Hydnangiaceae;g__Hydnangium",6,97.1,"s1103","s767","SH0164638.10FU","new_singleton_in","new_singleton_in","present_in",0,0,1,4.68183863294057e-07
"OTU1153","k__Fungi","p__Basidiomycota","c__Tremellomycetes","o__Filobasidiales","f__Piskurozymaceae","g__Piskurozyma",NA,FALSE,"placeable_existing_SH","UNITE_container","https://unite.ut.ee/sh/SH0532281.10FU",FALSE,"k__Fungi;p__Basidiomycota;c__Tremellomycetes;o__Filobasidiales;f__Piskurozymaceae;g__Piskurozyma",6,100,"SH0820069.10FU","SH0532281.10FU","SH0056620.10FU","present_in","present_in","present_in",0,0,5,0.000158307857355728
"OTU1154","k__Fungi","p__Ascomycota","c__Sordariomycetes",NA,NA,NA,NA,TRUE,"novel_new_SH","UNITE_container",NA,FALSE,"k__Fungi;p__Ascomycota",2,94,"s1104","155","44","new_singleton_in","new_sh_in","new_sh_in",0,0,1,3.17996671846832e-07
"OTU1155","k__Fungi","p__Basidiomycota","c__Tremellomycetes","o__Tremellales","f__Bulleribasidiaceae","g__Dioszegia","s__fristingensis",FALSE,"novel_new_SH","UNITE_container",NA,TRUE,"k__Fungi;p__Basidiomycota;c__Tremellomycetes;o__Tremellales",4,100,"s1105","s768","s208","new_singleton_in","new_singleton_in","new_singleton_in",0,0,1,1.07910113465326e-07
"OTU1156","k__Fungi","p__Basidiomycota","c__Tremellomycetes","o__Tremellales",NA,NA,NA,TRUE,"novel_new_SH","UNITE_container",NA,FALSE,"k__Fungi;p__Basidiomycota;c__Tremellomycetes;o__Tremellales",4,92.2,"197","134","26","new_sh_in","new_sh_in","new_sh_in",0,0,1,1.07910113465326e-07
"OTU1158","k__Fungi","p__Ascomycota","c__Sordariomycetes","o__Hypocreales",NA,NA,NA,TRUE,"placeable_existing_SH","UNITE_container","https://unite.ut.ee/sh/SH0696222.10FU",FALSE,"k__Fungi;p__Ascomycota;c__Sordariomycetes;o__Hypocreales",4,98.8,"SH1011258.10FU","SH0696222.10FU","SH0187708.10FU","present_in","present_in","present_in",0,0,1,1.13222073775503e-06
"OTU1159","k__Fungi","p__Basidiomycota","c__Agaricomycetes","o__Atheliales","f__Atheliaceae","g__Athelia",NA,FALSE,"placeable_existing_SH","UNITE_container","https://unite.ut.ee/sh/SH0556936.10FU",FALSE,"k__Fungi;p__Basidiomycota;c__Agaricomycetes;o__Atheliales;f__Atheliaceae;g__Athelia",6,99.5,"SH0848917.10FU","SH0556936.10FU","SH0076178.10FU","present_in","present_in","present_in",0,0,1,1.13222073775503e-06
"OTU1160","k__Fungi","p__Basidiomycota",NA,NA,NA,NA,NA,TRUE,"no_SH_match","UNITE_container",NA,FALSE,NA,NA,NA,NA,NA,NA,NA,NA,NA,0,0,1,1.2504056003166e-07
"OTU1163","k__Fungi","p__Ascomycota","c__Lecanoromycetes","o__Lecanorales","f__Lecanoraceae","g__Frutidella","s__furfuracea 3",FALSE,"placeable_existing_SH","UNITE_container","https://unite.ut.ee/sh/SH0644824.10FU",FALSE,"k__Fungi;p__Ascomycota;c__Lecanoromycetes;o__Lecanorales;f__Lecanoraceae;g__Frutidella",6,98.7,"SH0950168.10FU","SH0644824.10FU","SH0147708.10FU","present_in","present_in","present_in",0,0,1,1.45182257450536e-07
"OTU1164","k__Fungi","p__Ascomycota","c__Eurotiomycetes","o__Chaetothyriales",NA,NA,NA,TRUE,"placeable_existing_SH","UNITE_container","https://unite.ut.ee/sh/SH0652605.10FU",FALSE,"k__Fungi;p__Ascomycota;c__Eurotiomycetes;o__Chaetothyriales;f__Herpotrichiellaceae;g__Cladophialophora",6,97.5,"SH0959417.10FU","SH0652605.10FU","SH0154020.10FU","present_in","present_in","present_in",0,0,1,1.45182257450536e-07
"OTU1165","k__Fungi","p__Basidiomycota","c__Pucciniomycetes","o__Platygloeales","f__Eocronartiaceae","g__Eocronartium",NA,FALSE,"novel_new_SH","UNITE_container",NA,FALSE,"k__Fungi;p__Basidiomycota;c__Pucciniomycetes;o__Platygloeales",4,89.7,"218","156","45","new_sh_in","new_sh_in","new_sh_in",0,0,1,1.45182257450536e-07
"OTU1166","k__Fungi","p__Ascomycota","c__Lecanoromycetes","o__Pertusariales","f__Agyriaceae","g__Agyrium",NA,FALSE,"placeable_existing_SH","PlutoF_live","https://unite.ut.ee/sh/SH0552867.10FU",FALSE,"k__Fungi;p__Ascomycota;c__Lecanoromycetes;o__Pertusariales;f__Agyriaceae;g__Agyrium",6,96.8,"s1106","SH0552867.10FU","SH0073017.10FU","new_singleton_in","new_singleton_in","present_in",0,0,1,9.83576727591048e-08
"OTU1167","k__Fungi","p__Ascomycota","c__Sordariomycetes","o__Hypocreales","f__Nectriaceae","g__Stylonectria","s__hetmanica",FALSE,"placeable_existing_SH","PlutoF_live","https://unite.ut.ee/sh/SH0463137.10FU",FALSE,"k__Fungi;p__Ascomycota;c__Sordariomycetes;o__Hypocreales;f__Nectriaceae;g__Stylonectria",6,100,"s1110","SH0463137.10FU","SH0004703.10FU","new_singleton_in","new_singleton_in","present_in",0,0,1,9.83576727591048e-08
"OTU1168","k__Fungi","p__Ascomycota","c__Orbiliomycetes","o__Orbiliales","f__Orbiliaceae","g__Retiarius","s__bovicornutus",FALSE,"novel_new_SH","UNITE_container",NA,FALSE,"k__Fungi;p__Ascomycota;c__Orbiliomycetes;o__Orbiliales",4,91.6,"s1107","s770","s209","new_singleton_in","new_singleton_in","new_singleton_in",0,0,1,9.83576727591048e-08
"OTU1169","k__Fungi","p__Basidiomycota","c__Tremellomycetes","o__Tremellales",NA,NA,NA,TRUE,"novel_new_SH","UNITE_container",NA,FALSE,"k__Fungi;p__Basidiomycota;c__Tremellomycetes",3,84.6,"s1108","s771","s210","new_singleton_in","new_singleton_in","new_singleton_in",0,0,1,1.31703840734233e-07
"OTU1170","k__Fungi","p__Chytridiomycota",NA,NA,NA,NA,NA,TRUE,"no_SH_match","UNITE_container",NA,FALSE,NA,NA,NA,NA,NA,NA,NA,NA,NA,0,0,1,1.31703840734233e-07
"OTU1171","k__Fungi","p__Ascomycota","c__Orbiliomycetes","o__Orbiliales",NA,NA,NA,TRUE,"novel_new_SH","UNITE_container",NA,TRUE,"k__Fungi;p__Ascomycota",2,96.7,"195","132","25","new_sh_in","new_sh_in","new_sh_in",0,0,1,1.31703840734233e-07
"OTU1172","k__Fungi","p__Ascomycota","c__Orbiliomycetes","o__Orbiliales","f__Orbiliaceae","g__Amphosoma",NA,FALSE,"novel_new_SH","UNITE_container",NA,TRUE,"k__Fungi;p__Ascomycota;c__Orbiliomycetes;o__Orbiliales;f__Orbiliaceae;g__Amphosoma",6,96.3,"s1109","s772","SH0175904.10FU","new_singleton_in","new_singleton_in","present_in",0,0,1,2.2199701858004e-07
"OTU1173","k__Fungi","p__Ascomycota",NA,NA,NA,NA,NA,TRUE,"no_SH_match","UNITE_container",NA,FALSE,NA,NA,NA,NA,NA,NA,NA,NA,NA,1,0.000286752885047028,0,0
"OTU1174","k__Fungi","p__Basidiomycota","c__Tremellomycetes","o__Tremellales",NA,NA,NA,TRUE,"novel_new_SH","UNITE_container",NA,FALSE,"k__Fungi;p__Basidiomycota;c__Tremellomycetes;o__Tremellales",4,91.8,"197","134","26","new_sh_in","new_sh_in","new_sh_in",0,0,1,2.2199701858004e-07
"OTU1175","k__Fungi","p__Ascomycota","c__Sordariomycetes","o__Calosphaeriales","f__Calosphaeriaceae","g__Jattaea",NA,FALSE,"placeable_existing_SH","UNITE_container","https://unite.ut.ee/sh/SH0682640.10FU",FALSE,"k__Fungi;p__Ascomycota;c__Sordariomycetes;o__Calosphaeriales;f__Calosphaeriaceae;g__Jattaea",6,97.5,"s1111","SH0682640.10FU","SH0176880.10FU","new_singleton_in","present_in","present_in",0,0,1,1.30567751671626e-07
"OTU1176","k__Fungi","p__Basidiomycota","c__Agaricostilbomycetes","o__Agaricostilbales","f__Jianyuniaceae","g__Sterigmatospora","s__layueensis",FALSE,"novel_new_SH","UNITE_container",NA,FALSE,"k__Fungi;p__Basidiomycota;c__Agaricostilbomycetes;o__Agaricostilbales",4,86,"s1113","s774","s211","new_singleton_in","new_singleton_in","new_singleton_in",0,0,1,1.30567751671626e-07
"OTU1177","k__Fungi","p__Ascomycota","c__Lecanoromycetes","o__Pertusariales","f__Ochrolechiaceae","g__Ochrolechia","s__frigida",FALSE,"placeable_existing_SH","UNITE_container","https://unite.ut.ee/sh/SH0525483.10FU",FALSE,"k__Fungi;p__Ascomycota;c__Lecanoromycetes;o__Pertusariales;f__Ochrolechiaceae;g__Ochrolechia",6,98.7,"SH0811992.10FU","SH0525483.10FU","SH0051379.10FU","present_in","present_in","present_in",0,0,1,1.30567751671626e-07
"OTU1178","k__Fungi","p__Ascomycota","c__Eurotiomycetes","o__Phaeomoniellales",NA,NA,NA,TRUE,"novel_new_SH","UNITE_container",NA,FALSE,"k__Fungi;p__Ascomycota;c__Eurotiomycetes",3,90.2,"207","145","35","new_sh_in","new_sh_in","new_sh_in",0,0,1,1.30567751671626e-07
"OTU1180","k__Fungi","p__Basidiomycota","c__Agaricomycetes","o__Agaricales","f__Psathyrellaceae","g__Psathyrella","s__fennoscandica",FALSE,"placeable_existing_SH","UNITE_container","https://unite.ut.ee/sh/SH0690013.10FU",FALSE,"k__Fungi;p__Basidiomycota;c__Agaricomycetes;o__Agaricales;f__Psathyrellaceae;g__Psathyrella",6,100,"SH1003869.10FU","SH0690013.10FU","SH0182702.10FU","present_in","present_in","present_in",0,0,1,1.30567751671626e-07
"OTU1181","k__Fungi","p__Ascomycota","c__Leotiomycetes","o__Helotiales","f__Hyaloscyphaceae",NA,NA,TRUE,"placeable_existing_SH","UNITE_container","https://unite.ut.ee/sh/SH0483058.10FU",FALSE,"k__Fungi;p__Ascomycota;c__Leotiomycetes;o__Helotiales;f__Helotiales_fam_Incertae_sedis;g__Cistella",6,100,"SH0759552.10FU","SH0483058.10FU","SH0020432.10FU","present_in","present_in","present_in",0,0,2,0.000168176985560918
"OTU1182","k__Fungi","p__Ascomycota","c__Dothideomycetes",NA,NA,NA,NA,TRUE,"novel_new_SH","UNITE_container",NA,TRUE,"k__Fungi;p__Ascomycota;c__Dothideomycetes",3,83.7,"s1121","s781","s215","new_singleton_in","new_singleton_in","new_singleton_in",0,0,1,1.02513665840509e-07
"OTU1183","k__Fungi","p__Basidiomycota","c__Microbotryomycetes","o__Kriegeriales","f__Kriegeriaceae","g__Phenoliferia","s__psychrophila 2",FALSE,"placeable_existing_SH","UNITE_container","https://unite.ut.ee/sh/SH0705758.10FU",FALSE,"k__Fungi;p__Basidiomycota;c__Microbotryomycetes;o__Kriegeriales;f__Kriegeriaceae;g__Phenoliferia",6,100,"SH1022698.10FU","SH0705758.10FU","SH0194963.10FU","present_in","present_in","present_in",1,0.000989956545512101,16,0.00625830566823877
"OTU1184","k__Fungi","p__Ascomycota","c__Lecanoromycetes","o__Ostropales","f__Spirographaceae","g__Spirographa","s__fusisporella 4",FALSE,"novel_new_SH","UNITE_container",NA,TRUE,"k__Fungi;p__Ascomycota;c__Lecanoromycetes;o__Ostropales;f__Spirographaceae;g__Spirographa",6,93.4,"s1114","s775","SH0183860.10FU","new_singleton_in","new_singleton_in","present_in",0,0,1,1.02513665840509e-07
"OTU1185","k__Fungi","p__Basidiomycota","c__Tremellomycetes","o__Tremellales",NA,NA,NA,TRUE,"placeable_existing_SH","UNITE_container","https://unite.ut.ee/sh/SH0585192.10FU",FALSE,"k__Fungi;p__Basidiomycota;c__Tremellomycetes;o__Tremellales;f__Bulleraceae;g__Genolevuria",6,100,"SH0881287.10FU","SH0585192.10FU","SH0099291.10FU","present_in","present_in","present_in",0,0,1,9.66625327323501e-08
"OTU1186","k__Fungi","p__Ascomycota","c__Dothideomycetes","o__Myriangiales","f__Endosporiaceae","g__Endosporium",NA,FALSE,"novel_new_SH","UNITE_container",NA,FALSE,"k__Fungi;p__Ascomycota;c__Dothideomycetes",3,92.8,"s1115","s776","s212","new_singleton_in","new_singleton_in","new_singleton_in",2,0.000307896057641403,0,0
"OTU1187","k__Fungi","p__Chytridiomycota","c__Spizellomycetes","o__Spizellomycetales","f__Spizellomycetales_fam_Incertae_sedis","g__Spizellomycetales_gen_Incertae_sedis",NA,FALSE,"placeable_existing_SH","UNITE_container","https://unite.ut.ee/sh/SH0471347.10FU",FALSE,"k__Fungi;p__Chytridiomycota;c__Spizellomycetes;o__Spizellomycetales",4,100,"SH0745657.10FU","SH0471347.10FU","SH0011287.10FU","present_in","present_in","present_in",0,0,1,9.66625327323501e-08
"OTU1188","k__Fungi","p__Ascomycota","c__Eurotiomycetes","o__Sclerococcales","f__Dactylosporaceae","g__Dactylospora",NA,FALSE,"placeable_existing_SH","UNITE_container","https://unite.ut.ee/sh/SH0653604.10FU",FALSE,"k__Fungi;p__Ascomycota;c__Eurotiomycetes;o__Sclerococcales;f__Dactylosporaceae;g__Dactylospora",6,100,"SH0960442.10FU","SH0653604.10FU","SH0154769.10FU","present_in","present_in","present_in",0,0,1,9.66625327323501e-08
"OTU1189","k__Fungi","p__Ascomycota","c__Lecanoromycetes","o__Rhizocarpales","f__Rhizocarpaceae","g__Rhizocarpon","s__geographicum",FALSE,"placeable_existing_SH","UNITE_container","https://unite.ut.ee/sh/SH0555045.10FU",FALSE,"k__Fungi;p__Ascomycota;c__Lecanoromycetes;o__Rhizocarpales;f__Rhizocarpaceae;g__Rhizocarpon;s__Rhizocarpon_geographicum",7,100,"SH0846748.10FU","SH0555045.10FU","SH0074780.10FU","present_in","present_in","present_in",0,0,1,9.66625327323501e-08
"OTU1190","k__Fungi","p__Basidiomycota","c__Cystobasidiomycetes",NA,NA,NA,NA,TRUE,"no_SH_match","UNITE_container",NA,FALSE,NA,NA,NA,NA,NA,NA,NA,NA,NA,0,0,1,9.66625327323501e-08
"OTU1191","k__Fungi","p__Ascomycota","c__Lecanoromycetes","o__Lecanorales","f__Parmeliaceae","g__Melanohalea",NA,FALSE,"placeable_existing_SH","UNITE_container","https://unite.ut.ee/sh/SH0558234.10FU",FALSE,"k__Fungi;p__Ascomycota;c__Lecanoromycetes;o__Lecanorales;f__Parmeliaceae;g__Melanohalea",6,98.6,"SH0851152.10FU","SH0558234.10FU","SH0077514.10FU","present_in","present_in","present_in",0,0,1,7.32641202305241e-08
"OTU1192","k__Fungi","p__Ascomycota","c__Eurotiomycetes","o__Chaetothyriales",NA,NA,NA,TRUE,"placeable_existing_SH","UNITE_container","https://unite.ut.ee/sh/SH0539268.10FU",FALSE,"k__Fungi;p__Ascomycota;c__Eurotiomycetes;o__Chaetothyriales",4,100,"SH0828602.10FU","SH0539268.10FU","SH0062404.10FU","present_in","present_in","present_in",0,0,1,1.34332011237679e-07
"OTU1193","k__Fungi","p__Ascomycota","c__Dothideomycetes","o__Pleosporales","f__Sporormiaceae",NA,NA,TRUE,"novel_new_SH","UNITE_container",NA,FALSE,"k__Fungi;p__Ascomycota;c__Dothideomycetes",3,82.7,"s1116","s777","s213","new_singleton_in","new_singleton_in","new_singleton_in",0,0,1,1.18514402996139e-07
"OTU1194","k__Fungi","p__Ascomycota","c__Dothideomycetes","o__Dothideales","f__Saccotheciaceae","g__Aureobasidium",NA,FALSE,"placeable_existing_SH","UNITE_container","https://unite.ut.ee/sh/SH0624009.10FU",FALSE,"k__Fungi;p__Ascomycota;c__Dothideomycetes;o__Dothideales;f__Saccotheciaceae;g__Aureobasidium",6,98.7,"SH0925964.10FU","SH0624009.10FU","SH0130703.10FU","present_in","present_in","present_in",0,0,1,8.17582604458442e-07
"OTU1199","k__Fungi","p__Ascomycota","c__Leotiomycetes","o__Helotiales",NA,NA,NA,TRUE,"novel_new_SH","UNITE_container",NA,TRUE,"k__Fungi;p__Ascomycota;c__Leotiomycetes;o__Helotiales",4,97.2,"s1117","s778","SH0052307.10FU","new_singleton_in","new_singleton_in","present_in",1,2.65689001989745e-07,0,0
"OTU1200","k__Fungi","p__Ascomycota","c__Leotiomycetes","o__Thelebolales","f__Thelebolaceae","g__Thelebolus",NA,FALSE,"placeable_existing_SH","UNITE_container","https://unite.ut.ee/sh/SH0598998.10FU",FALSE,"k__Fungi;p__Ascomycota;c__Leotiomycetes;o__Thelebolales",4,80.7,"SH0897423.10FU","SH0598998.10FU","SH0110823.10FU","present_in","present_in","present_in",1,1.08182830281369e-07,0,0
"OTU1201","k__Fungi","p__Basidiomycota","c__Pucciniomycetes","o__Pucciniales","f__Pucciniastraceae","g__Pucciniastrum","s__areolatum",FALSE,"placeable_existing_SH","UNITE_container","https://unite.ut.ee/sh/SH0475255.10FU",FALSE,"k__Fungi;p__Basidiomycota;c__Pucciniomycetes;o__Pucciniales;f__Pucciniastraceae;g__Pucciniastrum",6,99.1,"SH0750222.10FU","SH0475255.10FU","SH0014441.10FU","present_in","present_in","present_in",0,0,1,0.00011408921547325
"OTU1202","k__Fungi","p__Ascomycota",NA,NA,NA,NA,NA,TRUE,"placeable_existing_SH","UNITE_container","https://unite.ut.ee/sh/SH0652422.10FU",FALSE,"k__Fungi;p__Ascomycota",2,98,"191","SH0652422.10FU","SH0153832.10FU","new_sh_in","present_in","present_in",3,0.000476762845592867,0,0
"OTU1203","k__Fungi","p__Ascomycota","c__Dothideomycetes","o__Myriangiales","f__Myriangiales_fam_Incertae_sedis","g__Myriangiales_gen_Incertae_sedis",NA,FALSE,"placeable_existing_SH","UNITE_container","https://unite.ut.ee/sh/SH0664245.10FU",FALSE,"k__Fungi;p__Ascomycota;c__Dothideomycetes;o__Myriangiales",4,100,"SH0973252.10FU","SH0664245.10FU","SH0162833.10FU","present_in","present_in","present_in",2,0.000291510897956607,0,0
"OTU1205","k__Fungi","p__Basidiomycota","c__Microbotryomycetes","o__Microbotryomycetes_ord_Incertae_sedis","f__Colacogloeaceae",NA,NA,TRUE,"no_SH_match","UNITE_container",NA,FALSE,NA,NA,NA,NA,NA,NA,NA,NA,NA,1,0.000366385133743858,0,0
"OTU1206","k__Fungi","p__Ascomycota","c__Dothideomycetes","o__Pleosporales","f__Sporormiaceae","g__Sporormiella",NA,FALSE,"placeable_existing_SH","UNITE_container","https://unite.ut.ee/sh/SH0659183.10FU",FALSE,"k__Fungi;p__Ascomycota;c__Dothideomycetes;o__Pleosporales;f__Sporormiaceae;g__Sporormiella;s__Sporormiella_vexans",7,100,"SH0967134.10FU","SH0659183.10FU","SH0158917.10FU","present_in","present_in","present_in",6,0.0161740900876197,1,3.22502346628917e-05
"OTU1207","k__Fungi","p__Ascomycota","c__Leotiomycetes","o__Helotiales","f__Helotiales_fam_Incertae_sedis","g__Humicolopsis","s__cephalosporioides",FALSE,"placeable_existing_SH","UNITE_container","https://unite.ut.ee/sh/SH0608839.10FU",FALSE,"k__Fungi;p__Ascomycota;c__Leotiomycetes;o__Helotiales;f__Helotiales_fam_Incertae_sedis;g__Humicolopsis;s__Humicolopsis_cephalosporioides",7,100,"SH0908182.10FU","SH0608839.10FU","SH0118505.10FU","present_in","present_in","present_in",0,0,2,0.000139730730647621
"OTU1208","k__Fungi","p__Ascomycota","c__Lecanoromycetes","o__Lecanorales","f__Parmeliaceae","g__Melanohalea","s__olivacea 5",FALSE,"placeable_existing_SH","UNITE_container","https://unite.ut.ee/sh/SH0558234.10FU",FALSE,"k__Fungi;p__Ascomycota;c__Lecanoromycetes;o__Lecanorales;f__Parmeliaceae;g__Melanohalea",6,97.3,"SH0851152.10FU","SH0558234.10FU","SH0077514.10FU","present_in","present_in","present_in",1,0.000283819846537187,1,1.10982588920882e-06
"OTU1209","k__Fungi","p__Ascomycota","c__Leotiomycetes","o__Helotiales","f__Lachnaceae",NA,NA,TRUE,"placeable_existing_SH","UNITE_container","https://unite.ut.ee/sh/SH0643387.10FU",FALSE,"k__Fungi;p__Ascomycota;c__Leotiomycetes;o__Helotiales",4,100,"SH0948592.10FU","SH0643387.10FU","SH0146528.10FU","present_in","present_in","present_in",0,0,1,0.000515894623413277
"OTU1212","k__Fungi","p__Ascomycota","c__Lecanoromycetes",NA,NA,NA,NA,TRUE,"novel_new_SH","UNITE_container",NA,TRUE,"k__Fungi;p__Ascomycota;c__Lecanoromycetes",3,94.3,"161","101","3","new_sh_in","new_sh_in","new_sh_in",1,0.000456079242781435,0,0
"OTU1213","k__Fungi","p__Basidiomycota","c__Microbotryomycetes","o__Kriegeriales","f__Kriegeriaceae","g__Phenoliferia",NA,FALSE,"placeable_existing_SH","UNITE_container","https://unite.ut.ee/sh/SH0705738.10FU",FALSE,"k__Fungi;p__Basidiomycota;c__Microbotryomycetes;o__Kriegeriales;f__Kriegeriaceae;g__Phenoliferia",6,100,"s1118","SH0705738.10FU","SH0194963.10FU","new_singleton_in","present_in","present_in",0,0,4,0.000320192429344732
"OTU1214","k__Fungi","p__Basidiomycota","c__Microbotryomycetes","o__Microbotryomycetes_ord_Incertae_sedis","f__Microbotryomycetes_fam_Incertae_sedis","g__Pseudoleucosporidium","s__fasciculatum",FALSE,"placeable_existing_SH","UNITE_container","https://unite.ut.ee/sh/SH0674785.10FU",FALSE,"k__Fungi;p__Basidiomycota;c__Microbotryomycetes;o__Microbotryomycetes_ord_Incertae_sedis;f__Microbotryomycetes_fam_Incertae_sedis;g__Pseudoleucosporidium;s__Pseudoleucosporidium_fasciculatum",7,100,"SH0985962.10FU","SH0674785.10FU","SH0170845.10FU","present_in","present_in","present_in",0,0,4,0.000684737231271882
"OTU1215","k__Fungi","p__Ascomycota","c__Eurotiomycetes","o__Chaetothyriales","f__Herpotrichiellaceae",NA,NA,TRUE,"novel_new_SH","UNITE_container",NA,TRUE,"k__Fungi;p__Ascomycota;c__Eurotiomycetes",3,86,"212","150","38","new_sh_in","new_sh_in","new_sh_in",3,0.000883466590689003,1,3.38318864563225e-07
"OTU1216","k__Fungi","p__Basidiomycota","c__Agaricomycetes","o__Cantharellales","f__Ceratobasidiaceae","g__Ceratobasidium",NA,FALSE,"placeable_existing_SH","UNITE_container","https://unite.ut.ee/sh/SH0676070.10FU",FALSE,"k__Fungi;p__Basidiomycota;c__Agaricomycetes;o__Cantharellales;f__Ceratobasidiaceae;g__Ceratobasidium",6,99.1,"SH0987453.10FU","SH0676070.10FU","SH0171714.10FU","present_in","present_in","present_in",0,0,4,0.00476012876731567
"OTU1217","k__Fungi","p__Ascomycota","c__Leotiomycetes","o__Helotiales","f__Sclerotiniaceae",NA,NA,TRUE,"placeable_existing_SH","PlutoF_live","https://unite.ut.ee/sh/SH0656294.10FU",FALSE,"k__Fungi;p__Ascomycota;c__Leotiomycetes;o__Helotiales;f__Sclerotiniaceae;g__Botrytis",6,99,"s1120","SH0656294.10FU","SH0156815.10FU","new_singleton_in","new_singleton_in","present_in",1,0.000439211423340107,0,0
"OTU1218","k__Fungi","p__Ascomycota","c__Leotiomycetes","o__Phacidiales","f__Phacidiaceae","g__Allantophomopsiella","s__pseudotsugae",FALSE,"placeable_existing_SH","UNITE_container","https://unite.ut.ee/sh/SH0628700.10FU",FALSE,"k__Fungi;p__Ascomycota;c__Leotiomycetes;o__Phacidiales;f__Phacidiaceae;g__Phacidium",6,100,"SH0931217.10FU","SH0628700.10FU","SH0134790.10FU","present_in","present_in","present_in",0,0,2,0.00015589965717717
"OTU1219","k__Fungi","p__Ascomycota",NA,NA,NA,NA,NA,TRUE,"no_SH_match","UNITE_container",NA,FALSE,NA,NA,NA,NA,NA,NA,NA,NA,NA,0,0,2,0.000158737554486543
"OTU1220","k__Fungi","p__Basidiomycota","c__Tremellomycetes","o__Filobasidiales","f__Filobasidiaceae","g__Naganishia",NA,FALSE,"placeable_existing_SH","UNITE_container","https://unite.ut.ee/sh/SH0657819.10FU",FALSE,"k__Fungi;p__Basidiomycota;c__Tremellomycetes;o__Filobasidiales;f__Filobasidiaceae;g__Naganishia",6,100,"SH0965573.10FU","SH0657819.10FU","SH0157913.10FU","present_in","present_in","present_in",1,0.000671173217196142,1,2.38163410796424e-06
"OTU1221","k__Fungi","p__Basidiomycota","c__Tremellomycetes","o__Tremellales","f__Bulleribasidiaceae","g__Vishniacozyma","s__victoriae 2",FALSE,"placeable_existing_SH","UNITE_container","https://unite.ut.ee/sh/SH0633921.10FU",FALSE,"k__Fungi;p__Basidiomycota;c__Tremellomycetes;o__Tremellales;f__Bulleribasidiaceae;g__Vishniacozyma",6,98.6,"SH0937374.10FU","SH0633921.10FU","SH0138970.10FU","present_in","present_in","present_in",0,0,2,0.002924484898707
"OTU1222","k__Fungi","p__Ascomycota","c__Dothideomycetes","o__Venturiales","f__Venturiaceae","g__Venturia",NA,FALSE,"novel_new_SH","UNITE_container",NA,TRUE,"k__Fungi;p__Ascomycota;c__Dothideomycetes",3,100,"s1122","s782","s216","new_singleton_in","new_singleton_in","new_singleton_in",0,0,1,0.000152924604918721
"OTU1223","k__Fungi","p__Ascomycota","c__Dothideomycetes","o__Mycosphaerellales","f__Teratosphaeriaceae","g__Meristemomyces",NA,FALSE,"novel_new_SH","UNITE_container",NA,TRUE,"k__Fungi;p__Ascomycota;c__Dothideomycetes;o__Mycosphaerellales;f__Teratosphaeriaceae;g__Meristemomyces",6,97.2,"188","126","SH0072085.10FU","new_sh_in","new_sh_in","present_in",0,0,4,0.000176941213617709
"OTU1224","k__Fungi","p__Basidiomycota","c__Tremellomycetes","o__Cystofilobasidiales","f__Mrakiaceae","g__Mrakia",NA,FALSE,"placeable_existing_SH","UNITE_container","https://unite.ut.ee/sh/SH0651934.10FU",FALSE,"k__Fungi;p__Basidiomycota;c__Tremellomycetes;o__Cystofilobasidiales;f__Mrakiaceae;g__Mrakia;s__Mrakia_robertii",7,100,"SH0958535.10FU","SH0651934.10FU","SH0153435.10FU","present_in","present_in","present_in",0,0,2,0.0011619839789501
"OTU1225","k__Fungi","p__Ascomycota","c__Sordariomycetes","o__Coniochaetales","f__Coniochaetaceae","g__Coniochaeta",NA,FALSE,"placeable_existing_SH","UNITE_container","https://unite.ut.ee/sh/SH0573430.10FU",FALSE,"k__Fungi;p__Ascomycota;c__Sordariomycetes;o__Coniochaetales",4,100,"SH0867913.10FU","SH0573430.10FU","SH0089657.10FU","present_in","present_in","present_in",3,0.00196865223815468,15,0.101284294583394
"OTU1226","k__Fungi","p__Basidiomycota","c__Microbotryomycetes","o__Kriegeriales","f__Kriegeriaceae","g__Phenoliferia",NA,FALSE,"placeable_existing_SH","UNITE_container","https://unite.ut.ee/sh/SH0705758.10FU",FALSE,"k__Fungi;p__Basidiomycota;c__Microbotryomycetes;o__Kriegeriales;f__Kriegeriaceae;g__Phenoliferia",6,100,"SH1022698.10FU","SH0705758.10FU","SH0194963.10FU","present_in","present_in","present_in",1,0.000112485638710022,16,0.00460611663355165
"OTU1227","k__Fungi","p__Basidiomycota","c__Tremellomycetes","o__Tremellales","f__Phaeotremellaceae","g__Phaeotremella",NA,FALSE,"placeable_existing_SH","UNITE_container","https://unite.ut.ee/sh/SH0539571.10FU",FALSE,"k__Fungi;p__Basidiomycota;c__Tremellomycetes;o__Tremellales;f__Phaeotremellaceae;g__Phaeotremella",6,100,"SH0828742.10FU","SH0539571.10FU","SH0062468.10FU","present_in","present_in","present_in",0,0,8,0.000355912560022639
"OTU1228","k__Fungi","p__Ascomycota","c__Dothideomycetes","o__Dothideales","f__Dothideales_fam_Incertae_sedis","g__Dothideales_gen_Incertae_sedis",NA,FALSE,"placeable_existing_SH","UNITE_container","https://unite.ut.ee/sh/SH0615015.10FU",FALSE,"k__Fungi;p__Ascomycota;c__Dothideomycetes;o__Dothideales",4,100,"SH0915555.10FU","SH0615015.10FU","SH0123707.10FU","present_in","present_in","present_in",2,0.00032133928868618,0,0
"OTU1229","k__Fungi",NA,NA,NA,NA,NA,NA,TRUE,"excluded_nonITS","UNITE_container",NA,FALSE,NA,NA,NA,NA,NA,NA,NA,NA,NA,5,0.00025658250834435,0,0
"OTU1230","k__Fungi","p__Ascomycota","c__Dothideomycetes","o__Pleosporales","f__Sporormiaceae","g__Sporormiella","s__leporina 3",FALSE,"novel_new_SH","UNITE_container",NA,TRUE,"k__Fungi;p__Ascomycota;c__Dothideomycetes",3,100,"s1123","s783","s217","new_singleton_in","new_singleton_in","new_singleton_in",1,0.00190940746496302,2,5.27572586325053e-05
"OTU1231","k__Fungi","p__Ascomycota","c__Leotiomycetes","o__Helotiales","f__Dermateaceae","g__Coleophoma","s__coptospermatis",FALSE,"placeable_existing_SH","UNITE_container","https://unite.ut.ee/sh/SH0658755.10FU",FALSE,"k__Fungi;p__Ascomycota;c__Leotiomycetes;o__Helotiales;f__Dermateaceae;g__Coleophoma;s__Coleophoma_cylindrospora",7,100,"SH0966837.10FU","SH0658755.10FU","SH0158631.10FU","present_in","present_in","present_in",2,0.00659139516670747,3,0.0384927923537542
"OTU1233","k__Fungi","p__Basidiomycota","c__Tremellomycetes","o__Tremellales","f__Bulleribasidiaceae","g__Vishniacozyma","s__victoriae 3",FALSE,"placeable_existing_SH","UNITE_container","https://unite.ut.ee/sh/SH0633921.10FU",FALSE,"k__Fungi;p__Basidiomycota;c__Tremellomycetes;o__Tremellales;f__Bulleribasidiaceae;g__Vishniacozyma",6,100,"SH0937374.10FU","SH0633921.10FU","SH0138970.10FU","present_in","present_in","present_in",1,0.000619873353461405,0,0
"OTU1234","k__Fungi","p__Basidiomycota","c__Tremellomycetes","o__Cystofilobasidiales","f__Mrakiaceae","g__Mrakia",NA,FALSE,"placeable_existing_SH","UNITE_container","https://unite.ut.ee/sh/SH0651934.10FU",FALSE,"k__Fungi;p__Basidiomycota;c__Tremellomycetes;o__Cystofilobasidiales;f__Mrakiaceae;g__Mrakia",6,100,"SH0958535.10FU","SH0651934.10FU","SH0153435.10FU","present_in","present_in","present_in",0,0,8,0.000151907615104414
"OTU1235","k__Fungi","p__Mortierellomycota","c__Mortierellomycetes","o__Mortierellales","f__Mortierellaceae","g__Podila","s__humilis 2",FALSE,"placeable_existing_SH","UNITE_container","https://unite.ut.ee/sh/SH0583673.10FU",FALSE,"k__Fungi;p__Mortierellomycota;c__Mortierellomycetes;o__Mortierellales;f__Mortierellaceae;g__Podila;s__Podila_humilis",7,100,"SH0879619.10FU","SH0583673.10FU","SH0097986.10FU","present_in","present_in","present_in",0,0,1,0.000253355368304125
"OTU1236","k__Fungi","p__Ascomycota","c__Leotiomycetes","o__Helotiales","f__Lachnaceae","g__Lachnellula",NA,FALSE,"novel_new_SH","UNITE_container",NA,TRUE,"k__Fungi;p__Ascomycota;c__Leotiomycetes;o__Helotiales",4,98.7,"s1125","s785","41","new_singleton_in","new_singleton_in","new_sh_in",0,0,3,0.000141774011620124
"OTU1237","k__Fungi","p__Ascomycota","c__Leotiomycetes",NA,NA,NA,NA,TRUE,"placeable_existing_SH","UNITE_container","https://unite.ut.ee/sh/SH0658788.10FU",FALSE,"k__Fungi;p__Ascomycota;c__Leotiomycetes;o__Thelebolales;f__Pseudeurotiaceae;g__Pseudeurotium",6,100,"SH0966792.10FU","SH0658788.10FU","SH0158613.10FU","present_in","present_in","present_in",0,0,4,0.000144051049041736
"OTU1238","k__Fungi","p__Ascomycota","c__Dothideomycetes","o__Venturiales","f__Venturiaceae",NA,NA,TRUE,"placeable_existing_SH","UNITE_container","https://unite.ut.ee/sh/SH0676380.10FU",FALSE,"k__Fungi;p__Ascomycota;c__Dothideomycetes;o__Venturiales;f__Venturiaceae;g__Fagicola",6,98.6,"168","SH0676380.10FU","SH0171985.10FU","new_sh_in","present_in","present_in",0,0,1,3.78247694095772e-05
"OTU1239","k__Fungi","p__Ascomycota","c__Eurotiomycetes","o__Phaeomoniellales","f__Celotheliaceae","g__Paraphaeomoniella",NA,FALSE,"placeable_existing_SH","UNITE_container","https://unite.ut.ee/sh/SH0686525.10FU",FALSE,"k__Fungi;p__Ascomycota;c__Eurotiomycetes;o__Phaeomoniellales;f__Celotheliaceae;g__Paraphaeomoniella",6,97.5,"SH0999938.10FU","SH0686525.10FU","SH0179972.10FU","present_in","present_in","present_in",9,0.00918867584099387,1,2.19792360691572e-07
"OTU1240","k__Fungi","p__Ascomycota","c__Leotiomycetes","o__Helotiales",NA,NA,NA,TRUE,"novel_new_SH","UNITE_container",NA,TRUE,"k__Fungi;p__Ascomycota",2,86.7,"s1126","s786","s219","new_singleton_in","new_singleton_in","new_singleton_in",1,0.000378819852630842,0,0
"OTU1241","k__Fungi","p__Ascomycota","c__Eurotiomycetes","o__Chaetothyriales","f__Herpotrichiellaceae","g__Cladophialophora",NA,FALSE,"novel_new_SH","UNITE_container",NA,TRUE,"k__Fungi;p__Ascomycota;c__Eurotiomycetes",3,96.2,"s1127","s787","s220","new_singleton_in","new_singleton_in","new_singleton_in",0,0,1,0.000310314943596482
"OTU1242","k__Fungi","p__Ascomycota","c__Lecanoromycetes","o__Ostropales","f__Spirographaceae","g__Spirographa","s__fusisporella 5",FALSE,"novel_new_SH","UNITE_container",NA,TRUE,"k__Fungi;p__Ascomycota;c__Lecanoromycetes;o__Ostropales;f__Spirographaceae;g__Spirographa",6,94.1,"196","133","SH0183860.10FU","new_sh_in","new_sh_in","present_in",9,0.00796617238782509,1,1.22852708693377e-07
"OTU1243","k__Fungi","p__Ascomycota","c__Leotiomycetes","o__Chaetomellales","f__Chaetomellaceae","g__Pilidium",NA,FALSE,"placeable_existing_SH","UNITE_container","https://unite.ut.ee/sh/SH0654200.10FU",FALSE,"k__Fungi;p__Ascomycota;c__Leotiomycetes",3,100,"SH0961212.10FU","SH0654200.10FU","SH0155144.10FU","present_in","present_in","present_in",0,0,1,0.000245458577603736
"OTU1244","k__Fungi","p__Ascomycota","c__Leotiomycetes","o__Helotiales","f__Dermateaceae",NA,NA,TRUE,"novel_new_SH","UNITE_container",NA,TRUE,"k__Fungi;p__Ascomycota;c__Leotiomycetes;o__Helotiales;f__Dermateaceae",5,97.3,"s1128","s788","SH0090223.10FU","new_singleton_in","new_singleton_in","present_in",0,0,1,0.000164909082346409
"OTU1245","k__Fungi","p__Ascomycota","c__Leotiomycetes","o__Helotiales",NA,NA,NA,TRUE,"novel_new_SH","UNITE_container",NA,TRUE,"k__Fungi",1,86.6,"s1129","s789","s221","new_singleton_in","new_singleton_in","new_singleton_in",0,0,5,0.0070412466274677
"OTU1246","k__Fungi","p__Ascomycota","c__Lecanoromycetes","o__Ostropales","f__Stictidaceae","g__Sphaeropezia",NA,FALSE,"novel_new_SH","UNITE_container",NA,TRUE,"k__Fungi;p__Ascomycota;c__Lecanoromycetes;o__Ostropales;f__Stictidaceae;g__Sphaeropezia",6,96.2,"s1130","s790","SH0105109.10FU","new_singleton_in","new_singleton_in","present_in",0,0,2,0.000132363408454463
"OTU1247","k__Fungi","p__Ascomycota","c__Dothideomycetes","o__Pleosporales","f__Melanommataceae",NA,NA,TRUE,"placeable_existing_SH","UNITE_container","https://unite.ut.ee/sh/SH0582824.10FU",FALSE,"k__Fungi;p__Ascomycota;c__Dothideomycetes;o__Pleosporales;f__Melanommataceae;g__Herpotrichia",6,100,"SH0878494.10FU","SH0582824.10FU","SH0097289.10FU","present_in","present_in","present_in",0,0,2,0.000717607913931568
"OTU1248","k__Fungi","p__Ascomycota","c__Eurotiomycetes","o__Phaeomoniellales","f__Celotheliaceae","g__Neophaeomoniella",NA,FALSE,"placeable_existing_SH","UNITE_container","https://unite.ut.ee/sh/SH0516661.10FU",FALSE,"k__Fungi;p__Ascomycota;c__Eurotiomycetes;o__Phaeomoniellales;f__Celotheliaceae;g__Neophaeomoniella",6,100,"SH0801475.10FU","SH0516661.10FU","SH0044652.10FU","present_in","present_in","present_in",0,0,8,0.000236420251772779
"OTU1249","k__Fungi","p__Basidiomycota","c__Tremellomycetes","o__Filobasidiales","f__Filobasidiaceae","g__Goffeauzyma","s__gastrica 2",FALSE,"placeable_existing_SH","UNITE_container","https://unite.ut.ee/sh/SH0615003.10FU",FALSE,"k__Fungi;p__Basidiomycota;c__Tremellomycetes;o__Filobasidiales;f__Filobasidiaceae;g__Goffeauzyma;s__Goffeauzyma_gastrica",7,100,"SH0915539.10FU","SH0615003.10FU","SH0123701.10FU","present_in","present_in","present_in",0,0,2,7.68658028771046e-05
"OTU1250","k__Fungi","p__Basidiomycota","c__Tremellomycetes","o__Tremellales","f__Bulleribasidiaceae","g__Vishniacozyma","s__victoriae 4",FALSE,"placeable_existing_SH","UNITE_container","https://unite.ut.ee/sh/SH0633921.10FU",FALSE,"k__Fungi;p__Basidiomycota;c__Tremellomycetes;o__Tremellales;f__Bulleribasidiaceae;g__Vishniacozyma;s__Vishniacozyma_victoriae",7,100,"SH0937374.10FU","SH0633921.10FU","SH0138970.10FU","present_in","present_in","present_in",0,0,10,0.00289071521095046
"OTU1251","k__Fungi","p__Basidiomycota","c__Agaricomycetes","o__Agaricales","f__Strophariaceae","g__Hypholoma","s__capnoides 2",FALSE,"placeable_existing_SH","UNITE_container","https://unite.ut.ee/sh/SH0682372.10FU",FALSE,"k__Fungi;p__Basidiomycota;c__Agaricomycetes;o__Agaricales;f__Strophariaceae;g__Hypholoma",6,99,"SH0995032.10FU","SH0682372.10FU","SH0176699.10FU","present_in","present_in","present_in",1,0.000521914267064757,0,0
"OTU1252","k__Fungi","p__Ascomycota","c__Leotiomycetes",NA,NA,NA,NA,TRUE,"novel_new_SH","UNITE_container",NA,TRUE,"k__Fungi;p__Ascomycota;c__Leotiomycetes",3,91.3,"s1131","s791","s222","new_singleton_in","new_singleton_in","new_singleton_in",0,0,2,0.000119784898499175
"OTU1254","k__Fungi","p__Basidiomycota","c__Tremellomycetes","o__Tremellales","f__Bulleribasidiaceae","g__Vishniacozyma","s__victoriae 5",FALSE,"placeable_existing_SH","UNITE_container","https://unite.ut.ee/sh/SH0633921.10FU",FALSE,"k__Fungi;p__Basidiomycota;c__Tremellomycetes;o__Tremellales;f__Bulleribasidiaceae;g__Vishniacozyma",6,98.6,"SH0937374.10FU","SH0633921.10FU","SH0138970.10FU","present_in","present_in","present_in",1,0.000534106393779892,0,0
"OTU1255","k__Fungi","p__Basidiomycota","c__Agaricomycetes","o__Russulales","f__Russulaceae","g__Russula","s__decolorans",FALSE,"placeable_existing_SH","UNITE_container","https://unite.ut.ee/sh/SH0650444.10FU",FALSE,"k__Fungi;p__Basidiomycota;c__Agaricomycetes;o__Russulales;f__Russulaceae;g__Russula;s__Russula_decolorans",7,100,"SH0956397.10FU","SH0650444.10FU","SH0152199.10FU","present_in","present_in","present_in",1,9.47821379901553e-07,0,0
"OTU1256","k__Fungi","p__Basidiomycota","c__Agaricomycetes","o__Agaricales",NA,NA,NA,TRUE,"placeable_existing_SH","UNITE_container","https://unite.ut.ee/sh/SH0560038.10FU",FALSE,"k__Fungi;p__Basidiomycota;c__Agaricomycetes;o__Agaricales;f__Hygrophoraceae;g__Hygrophorus",6,100,"SH0852530.10FU","SH0560038.10FU","SH0078725.10FU","present_in","present_in","present_in",0,0,2,0.000135240676341157
"OTU1257","k__Fungi","p__Basidiomycota","c__Tremellomycetes","o__Filobasidiales","f__Piskurozymaceae","g__Piskurozyma",NA,FALSE,"novel_new_SH","UNITE_container",NA,FALSE,"k__Fungi",1,90.7,"s1133","s793","s224","new_singleton_in","new_singleton_in","new_singleton_in",0,0,7,0.000135906334403691
"OTU1258","k__Fungi","p__Ascomycota","c__Candelariomycetes","o__Candelariales","f__Pycnoraceae","g__Pycnora",NA,FALSE,"placeable_existing_SH","UNITE_container","https://unite.ut.ee/sh/SH0567658.10FU",FALSE,"k__Fungi;p__Ascomycota",2,98.8,"SH0861282.10FU","SH0567658.10FU","SH0084929.10FU","present_in","present_in","present_in",0,0,1,0.000226703699690314
"OTU1259","k__Fungi","p__Ascomycota","c__Leotiomycetes","o__Leotiales","f__Tympanidaceae",NA,NA,TRUE,"placeable_existing_SH","UNITE_container","https://unite.ut.ee/sh/SH0658879.10FU",FALSE,"k__Fungi;p__Ascomycota;c__Leotiomycetes",3,100,"s1134","SH0658879.10FU","SH0158740.10FU","new_singleton_in","present_in","present_in",0,0,3,0.000107578630474814
"OTU1260","k__Fungi","p__Basidiomycota","c__Malasseziomycetes","o__Malasseziales","f__Malasseziaceae","g__Malassezia",NA,FALSE,"placeable_existing_SH","UNITE_container","https://unite.ut.ee/sh/SH0551549.10FU",FALSE,"k__Fungi;p__Basidiomycota;c__Malasseziomycetes;o__Malasseziales;f__Malasseziaceae;g__Malassezia",6,99.3,"SH0842694.10FU","SH0551549.10FU","SH0071936.10FU","present_in","present_in","present_in",1,0.00025519428641115,0,0
"OTU1261","k__Fungi","p__Ascomycota","c__Leotiomycetes","o__Helotiales",NA,NA,NA,TRUE,"novel_new_SH","UNITE_container",NA,TRUE,"k__Fungi;p__Ascomycota;c__Leotiomycetes",3,100,"s1135","s794","s225","new_singleton_in","new_singleton_in","new_singleton_in",0,0,4,0.00441741666662259
"OTU1262","k__Fungi","p__Ascomycota","c__Sordariomycetes","o__Diaporthales",NA,NA,NA,TRUE,"placeable_existing_SH","UNITE_container","https://unite.ut.ee/sh/SH0567767.10FU",FALSE,"k__Fungi;p__Ascomycota;c__Sordariomycetes;o__Diaporthales;f__Gnomoniaceae;g__Cryptosporella",6,100,"SH0861424.10FU","SH0567767.10FU","SH0085025.10FU","present_in","present_in","present_in",1,0.000199042489779326,0,0
"OTU1263","k__Fungi","p__Basidiomycota","c__Pucciniomycetes","o__Platygloeales","f__Eocronartiaceae","g__Eocronartium",NA,FALSE,"novel_new_SH","UNITE_container",NA,FALSE,"k__Fungi;p__Basidiomycota;c__Pucciniomycetes;o__Platygloeales",4,90.6,"218","156","45","new_sh_in","new_sh_in","new_sh_in",0,0,2,0.000117755899815936
"OTU1264","k__Fungi","p__Ascomycota","c__Leotiomycetes","o__Rhytismatales","f__Rhytismataceae",NA,NA,TRUE,"novel_new_SH","UNITE_container",NA,TRUE,"k__Fungi;p__Ascomycota;c__Leotiomycetes",3,87.5,"192","129","23","new_sh_in","new_sh_in","new_sh_in",0,0,1,0.000733242356966821
"OTU1265","k__Fungi","p__Ascomycota","c__Leotiomycetes",NA,NA,NA,NA,TRUE,"novel_new_SH","UNITE_container",NA,TRUE,"k__Fungi;p__Ascomycota",2,100,"s1136","s795","s226","new_singleton_in","new_singleton_in","new_singleton_in",1,2.59000259000259e-05,2,0.000116314047894669
"OTU1266","k__Fungi","p__Ascomycota","c__Eurotiomycetes","o__Phaeomoniellales","f__Celotheliaceae","g__Paraphaeomoniella",NA,FALSE,"novel_new_SH","UNITE_container",NA,TRUE,"k__Fungi;p__Ascomycota;c__Eurotiomycetes",3,89.9,"s1137","s796","s227","new_singleton_in","new_singleton_in","new_singleton_in",0,0,3,0.000181472922477134
"OTU1267","k__Fungi","p__Ascomycota","c__Leotiomycetes","o__Leotiales",NA,NA,NA,TRUE,"placeable_existing_SH","UNITE_container","https://unite.ut.ee/sh/SH0658848.10FU",FALSE,"k__Fungi;p__Ascomycota;c__Leotiomycetes",3,100,"SH0966704.10FU","SH0658848.10FU","SH0158658.10FU","present_in","present_in","present_in",0,0,9,0.00466707842113184
"OTU1271","k__Fungi","p__Ascomycota","c__Dothideomycetes","o__Dothideales","f__Saccotheciaceae","g__Aureobasidium",NA,FALSE,"placeable_existing_SH","UNITE_container","https://unite.ut.ee/sh/SH0624009.10FU",FALSE,"k__Fungi;p__Ascomycota;c__Dothideomycetes;o__Dothideales;f__Saccotheciaceae;g__Aureobasidium;s__Aureobasidium_pullulans",7,100,"SH0925964.10FU","SH0624009.10FU","SH0130703.10FU","present_in","present_in","present_in",7,0.0039601165614614,5,0.00109752872386326
"OTU1272","k__Fungi","p__Ascomycota","c__Eurotiomycetes","o__Chaetothyriales","f__Epibryaceae","g__Epibryon","s__interlamellare 1",FALSE,"placeable_existing_SH","UNITE_container","https://unite.ut.ee/sh/SH0652618.10FU",FALSE,"k__Fungi;p__Ascomycota;c__Eurotiomycetes;o__Chaetothyriales;f__Herpotrichiellaceae;g__Cladophialophora",6,100,"SH0959409.10FU","SH0652618.10FU","SH0153978.10FU","present_in","present_in","present_in",3,0.000130184259427014,3,3.19328143236471e-05
"OTU1273","k__Fungi","p__Basidiomycota","c__Tremellomycetes","o__Filobasidiales","f__Piskurozymaceae","g__Piskurozyma",NA,FALSE,"placeable_existing_SH","UNITE_container","https://unite.ut.ee/sh/SH0646824.10FU",FALSE,"k__Fungi;p__Basidiomycota;c__Tremellomycetes;o__Filobasidiales;f__Piskurozymaceae;g__Piskurozyma",6,100,"SH0952498.10FU","SH0646824.10FU","SH0149353.10FU","present_in","present_in","present_in",1,0.00126994877873259,5,6.76417169390854e-05
"OTU1274","k__Fungi","p__Basidiomycota","c__Exobasidiomycetes","o__Georgefischeriales","f__Tilletiariaceae","g__Tilletiaria","s__anomala",FALSE,"placeable_existing_SH","UNITE_container","https://unite.ut.ee/sh/SH0553431.10FU",FALSE,"k__Fungi;p__Basidiomycota;c__Exobasidiomycetes;o__Georgefischeriales;f__Tilletiariaceae;g__Tilletiaria",6,99.2,"SH0844791.10FU","SH0553431.10FU","SH0073510.10FU","present_in","present_in","present_in",1,0.000617052514287516,0,0
"OTU1275","k__Fungi","p__Basidiomycota","c__Agaricomycetes","o__Cantharellales","f__Hydnaceae","g__Bergerella","s__atrofusca",FALSE,"placeable_existing_SH","UNITE_container","https://unite.ut.ee/sh/SH0469891.10FU",FALSE,"k__Fungi;p__Basidiomycota;c__Agaricomycetes;o__Cantharellales;f__Hydnaceae",5,100,"SH0743963.10FU","SH0469891.10FU","SH0010121.10FU","present_in","present_in","present_in",5,5.23215509435932e-05,3,0.0369046901554586
"OTU1276","k__Fungi","p__Ascomycota","c__Dothideomycetes","o__Phaeotrichales",NA,NA,NA,TRUE,"placeable_existing_SH","UNITE_container","https://unite.ut.ee/sh/SH0657238.10FU",FALSE,"k__Fungi;p__Ascomycota;c__Dothideomycetes;o__Botryosphaeriales;f__Phyllostictaceae;g__Phyllosticta",6,100,"SH0964887.10FU","SH0657238.10FU","SH0157430.10FU","present_in","present_in","present_in",4,0.00578969265307217,0,0
"OTU1277","k__Fungi","p__Basidiomycota","c__Tremellomycetes","o__Filobasidiales","f__Piskurozymaceae","g__Piskurozyma",NA,FALSE,"novel_new_SH","UNITE_container",NA,FALSE,"k__Fungi;p__Basidiomycota;c__Tremellomycetes",3,81,"s1138","s797","s228","new_singleton_in","new_singleton_in","new_singleton_in",0,0,3,9.11488334814933e-05
"OTU1278","k__Fungi","p__Basidiomycota","c__Tremellomycetes","o__Tremellales","f__Bulleribasidiaceae","g__Vishniacozyma","s__victoriae 6",FALSE,"placeable_existing_SH","UNITE_container","https://unite.ut.ee/sh/SH0633921.10FU",FALSE,"k__Fungi;p__Basidiomycota;c__Tremellomycetes;o__Tremellales;f__Bulleribasidiaceae;g__Vishniacozyma",6,100,"SH0937374.10FU","SH0633921.10FU","SH0138970.10FU","present_in","present_in","present_in",1,0.000465973762257194,0,0
"OTU1279","k__Fungi","p__Ascomycota","c__Dothideomycetes","o__Dothideales",NA,NA,NA,TRUE,"placeable_existing_SH","UNITE_container","https://unite.ut.ee/sh/SH0623929.10FU",FALSE,"k__Fungi;p__Ascomycota;c__Dothideomycetes;o__Dothideales;f__Dothideaceae",5,100,"SH0926011.10FU","SH0623929.10FU","SH0130745.10FU","present_in","present_in","present_in",8,0.00701491599347806,5,0.00025767074258462
"OTU1280","k__Fungi","p__Basidiomycota","c__Tremellomycetes","o__Filobasidiales","f__Piskurozymaceae","g__Piskurozyma","s__silvicultrix",FALSE,"placeable_existing_SH","UNITE_container","https://unite.ut.ee/sh/SH0482745.10FU",FALSE,"k__Fungi;p__Basidiomycota;c__Tremellomycetes;o__Filobasidiales;f__Piskurozymaceae;g__Piskurozyma",6,100,"SH0759270.10FU","SH0482745.10FU","SH0020239.10FU","present_in","present_in","present_in",0,0,3,0.000111769046059719
"OTU1281","k__Fungi","p__Basidiomycota","c__Microbotryomycetes","o__Sporidiobolales","f__Sporidiobolaceae","g__Rhodosporidiobolus","s__oreadorum",FALSE,"placeable_existing_SH","UNITE_container","https://unite.ut.ee/sh/SH0581840.10FU",FALSE,"k__Fungi;p__Basidiomycota;c__Microbotryomycetes;o__Sporidiobolales;f__Sporidiobolaceae;g__Rhodosporidiobolus;s__Rhodosporidiobolus_oreadorum",7,100,"SH0877604.10FU","SH0581840.10FU","SH0096473.10FU","present_in","present_in","present_in",1,0.000448606620888663,0,0
"OTU1282","k__Fungi","p__Mucoromycota","c__Umbelopsidomycetes","o__Umbelopsidales","f__Umbelopsidaceae","g__Umbelopsis",NA,FALSE,"placeable_existing_SH","UNITE_container","https://unite.ut.ee/sh/SH0468601.10FU",FALSE,"k__Fungi;p__Mucoromycota;c__Umbelopsidomycetes;o__Umbelopsidales;f__Umbelopsidaceae;g__Umbelopsis",6,100,"SH0742484.10FU","SH0468601.10FU","SH0009100.10FU","present_in","present_in","present_in",0,0,1,0.000163302971401348
"OTU1283","k__Fungi","p__Ascomycota","c__Lecanoromycetes",NA,NA,NA,NA,TRUE,"novel_new_SH","UNITE_container",NA,TRUE,"k__Fungi;p__Ascomycota;c__Lecanoromycetes",3,90.2,"186","123","18","new_sh_in","new_sh_in","new_sh_in",8,0.0184353114513081,0,0
"OTU1286","k__Fungi","p__Ascomycota","c__Leotiomycetes",NA,NA,NA,NA,TRUE,"novel_new_SH","UNITE_container",NA,TRUE,"k__Fungi;p__Ascomycota;c__Leotiomycetes",3,85.3,"s1139","s798","13","new_singleton_in","new_singleton_in","new_sh_in",0,0,1,0.000101470414465692
"OTU1287","k__Fungi","p__Ascomycota","c__Dothideomycetes","o__Cladosporiales","f__Cladosporiaceae","g__Cladosporium",NA,FALSE,"placeable_existing_SH","UNITE_container","https://unite.ut.ee/sh/SH0655188.10FU",FALSE,"k__Fungi;p__Ascomycota;c__Dothideomycetes;o__Cladosporiales;f__Cladosporiaceae;g__Cladosporium",6,100,"SH0962330.10FU","SH0655188.10FU","SH0155802.10FU","present_in","present_in","present_in",1,0.000429101985197852,0,0
"OTU1288","k__Fungi","p__Basidiomycota","c__Tremellomycetes","o__Filobasidiales","f__Piskurozymaceae","g__Piskurozyma",NA,FALSE,"placeable_existing_SH","UNITE_container","https://unite.ut.ee/sh/SH0532306.10FU",FALSE,"k__Fungi;p__Basidiomycota;c__Tremellomycetes;o__Filobasidiales;f__Piskurozymaceae;g__Piskurozyma",6,100,"SH0820065.10FU","SH0532306.10FU","SH0056612.10FU","present_in","present_in","present_in",0,0,5,0.000104351861781955
"OTU1289","k__Fungi","p__Ascomycota","c__Dothideomycetes","o__Dothideales","f__Dothideales_fam_Incertae_sedis","g__Dothideales_gen_Incertae_sedis",NA,FALSE,"placeable_existing_SH","UNITE_container","https://unite.ut.ee/sh/SH0615015.10FU",FALSE,"k__Fungi;p__Ascomycota;c__Dothideomycetes;o__Dothideales",4,100,"SH0915555.10FU","SH0615015.10FU","SH0123707.10FU","present_in","present_in","present_in",10,0.00681991038185192,2,1.33332221918604e-06
"OTU1290","k__Fungi","p__Ascomycota","c__Lecanoromycetes","o__Ostropales","f__Spirographaceae","g__Spirographa","s__fusisporella 6",FALSE,"novel_new_SH","UNITE_container",NA,TRUE,"k__Fungi;p__Ascomycota;c__Lecanoromycetes;o__Ostropales;f__Spirographaceae;g__Spirographa",6,93.4,"196","133","SH0183860.10FU","new_sh_in","new_sh_in","present_in",1,0.000421086381489299,0,0
"OTU1291","k__Fungi","p__Ascomycota","c__Leotiomycetes","o__Helotiales",NA,NA,NA,TRUE,"placeable_existing_SH","UNITE_container","https://unite.ut.ee/sh/SH0599012.10FU",FALSE,"k__Fungi;p__Ascomycota;c__Leotiomycetes;o__Helotiales;f__Hyaloscyphaceae",5,100,"SH0897702.10FU","SH0599012.10FU","SH0110852.10FU","present_in","present_in","present_in",1,5.14700886726688e-07,2,0.000126561339514389
"OTU1292","k__Fungi","p__Ascomycota","c__Dothideomycetes","o__Pleosporales","f__Phaeosphaeriaceae","g__Parastagonospora",NA,FALSE,"novel_new_SH","UNITE_container",NA,TRUE,"k__Fungi;p__Ascomycota;c__Dothideomycetes",3,100,"s1142","s801","s231","new_singleton_in","new_singleton_in","new_singleton_in",0,0,2,7.42742684405334e-05
"OTU1293","k__Fungi","p__Ascomycota","c__Dothideomycetes","o__Venturiales",NA,NA,NA,TRUE,"novel_new_SH","UNITE_container",NA,TRUE,"k__Fungi;p__Ascomycota;c__Dothideomycetes;o__Venturiales",4,88.2,"s1141","s800","s230","new_singleton_in","new_singleton_in","new_singleton_in",1,0.000244818570503014,1,8.67534862508118e-06
"OTU1295","k__Fungi","p__Ascomycota","c__Dothideomycetes","o__Mycosphaerellales","f__Teratosphaeriaceae","g__Acrodontium","s__luzulae",FALSE,"placeable_existing_SH","UNITE_container","https://unite.ut.ee/sh/SH0551710.10FU",FALSE,"k__Fungi;p__Ascomycota;c__Dothideomycetes;o__Mycosphaerellales;f__Teratosphaeriaceae;g__Acrodontium",6,100,"SH0843072.10FU","SH0551710.10FU","SH0072102.10FU","present_in","present_in","present_in",1,0.000432308226681273,0,0
"OTU1297","k__Fungi","p__Ascomycota","c__Leotiomycetes","o__Helotiales","f__Lachnaceae","g__Lachnellula",NA,FALSE,"placeable_existing_SH","UNITE_container","https://unite.ut.ee/sh/SH0690464.10FU",FALSE,"k__Fungi;p__Ascomycota;c__Leotiomycetes;o__Helotiales;f__Lachnaceae;g__Lachnellula",6,100,"SH1004706.10FU","SH0690464.10FU","SH0183063.10FU","present_in","present_in","present_in",0,0,3,0.00016560525533061
"OTU1298","k__Fungi","p__Ascomycota","c__Lecanoromycetes","o__Lecanorales","f__Parmeliaceae","g__Parmeliopsis",NA,FALSE,"excluded_nonITS","UNITE_container",NA,FALSE,NA,NA,NA,NA,NA,NA,NA,NA,NA,1,0.00235591779849495,3,4.29730457465965e-06
"OTU1299","k__Fungi","p__Ascomycota","c__Saccharomycetes","o__Saccharomycetales","f__Saccharomycetales_fam_Incertae_sedis","g__Candida","s__sake 2",FALSE,"novel_new_SH","UNITE_container",NA,TRUE,"k__Fungi;p__Ascomycota;c__Saccharomycetes;o__Saccharomycetales",4,100,"171","110","SH0167055.10FU","new_sh_in","new_sh_in","present_in",1,0.000402116119379058,0,0
"OTU1300","k__Fungi","p__Ascomycota","c__Dothideomycetes","o__Mycosphaerellales",NA,NA,NA,TRUE,"novel_new_SH","UNITE_container",NA,TRUE,"k__Fungi;p__Ascomycota;c__Dothideomycetes",3,99.3,"s1144","s803","s233","new_singleton_in","new_singleton_in","new_singleton_in",3,0.00608866867388038,1,1.8316030057631e-07
"OTU1301","k__Fungi","p__Ascomycota","c__Eurotiomycetes","o__Chaetothyriales",NA,NA,NA,TRUE,"novel_new_SH","UNITE_container",NA,FALSE,"k__Fungi;p__Ascomycota;c__Eurotiomycetes",3,94.1,"s1143","s802","s232","new_singleton_in","new_singleton_in","new_singleton_in",2,0.000142551469671777,1,3.95753372500205e-05
"OTU1302","k__Fungi","p__Basidiomycota","c__Malasseziomycetes","o__Malasseziales","f__Malasseziaceae","g__Malassezia",NA,FALSE,"excluded_nonITS","UNITE_container",NA,FALSE,NA,NA,NA,NA,NA,NA,NA,NA,NA,1,0.000961648868986106,0,0
"OTU1303","k__Fungi","p__Basidiomycota","c__Agaricomycetes","o__Agaricales","f__Amanitaceae","g__Amanita","s__fulva",FALSE,"excluded_nonITS","UNITE_container",NA,FALSE,NA,NA,NA,NA,NA,NA,NA,NA,NA,0,0,1,0.00016188420935796
"OTU1304","k__Fungi","p__Basidiomycota","c__Agaricomycetes","o__Agaricales","f__Inocybaceae","g__Inocybe","s__striipes",FALSE,"placeable_existing_SH","UNITE_container","https://unite.ut.ee/sh/SH0610024.10FU",FALSE,"k__Fungi;p__Basidiomycota;c__Agaricomycetes;o__Agaricales;f__Inocybaceae;g__Inocybe;s__Inocybe_striipes",7,100,"SH0909818.10FU","SH0610024.10FU","SH0119553.10FU","present_in","present_in","present_in",0,0,1,9.82193599048691e-05
"OTU1305","k__Fungi","p__Ascomycota","c__Sordariomycetes","o__Coniochaetales","f__Coniochaetaceae",NA,NA,TRUE,"novel_new_SH","UNITE_container",NA,TRUE,"k__Fungi;p__Ascomycota;c__Sordariomycetes;o__Coniochaetales;f__Coniochaetaceae;g__Coniochaeta",6,100,"s1145","s804","SH0094639.10FU","new_singleton_in","new_singleton_in","present_in",2,0.000209733279690853,13,0.00288507452267482
"OTU1306","k__Fungi","p__Ascomycota","c__Leotiomycetes","o__Helotiales","f__Hamatocanthoscyphaceae","g__Stipitochalara","s__recta",FALSE,"novel_new_SH","UNITE_container",NA,TRUE,"k__Fungi;p__Ascomycota",2,100,"170","109","10","new_sh_in","new_sh_in","new_sh_in",0,0,5,0.000108085861823905
"OTU1307","k__Fungi","p__Ascomycota","c__Leotiomycetes","o__Leotiales","f__Tympanidaceae",NA,NA,TRUE,"novel_new_SH","UNITE_container",NA,TRUE,"k__Fungi;p__Ascomycota",2,93.4,"s1146","s805","s234","new_singleton_in","new_singleton_in","new_singleton_in",5,0.00296336647698418,0,0
"OTU1308","k__Fungi","p__Ascomycota","c__Eurotiomycetes","o__Eurotiales","f__Aspergillaceae","g__Penicillium","s__bialowiezense 1",FALSE,"placeable_existing_SH","UNITE_container","https://unite.ut.ee/sh/SH0635722.10FU",FALSE,"k__Fungi;p__Ascomycota;c__Eurotiomycetes;o__Eurotiales;f__Aspergillaceae;g__Penicillium",6,100,"SH0939434.10FU","SH0635722.10FU","SH0140442.10FU","present_in","present_in","present_in",1,0.000381542736527106,0,0
"OTU1310","k__Fungi","p__Ascomycota","c__Sordariomycetes","o__Xylariales","f__Diatrypaceae",NA,NA,TRUE,"novel_new_SH","UNITE_container",NA,TRUE,"k__Fungi;p__Ascomycota;c__Sordariomycetes;o__Xylariales;f__Diatrypaceae",5,97.2,"180","117","SH0150984.10FU","new_sh_in","new_sh_in","present_in",0,0,3,0.000100279326841038
"OTU1313","k__Fungi","p__Basidiomycota","c__Tremellomycetes","o__Cystofilobasidiales","f__Mrakiaceae","g__Krasilnikovozyma","s__tahquamenonensis",FALSE,"placeable_existing_SH","UNITE_container","https://unite.ut.ee/sh/SH0521895.10FU",FALSE,"k__Fungi;p__Basidiomycota;c__Tremellomycetes;o__Cystofilobasidiales;f__Mrakiaceae;g__Krasilnikovozyma;s__Krasilnikovozyma_tahquamenonensis",7,100,"SH0807755.10FU","SH0521895.10FU","SH0048561.10FU","present_in","present_in","present_in",0,0,2,8.7429469200599e-05
"OTU1314","k__Fungi","p__Ascomycota","c__Dothideomycetes","o__Dothideales","f__Dothideaceae","g__Dothiora",NA,FALSE,"placeable_existing_SH","PlutoF_live","https://unite.ut.ee/sh/SH0623929.10FU",FALSE,"k__Fungi;p__Ascomycota;c__Dothideomycetes",3,100,"178","SH0623929.10FU","SH0130745.10FU","new_sh_in","new_sh_in","present_in",2,0.00167884061305237,0,0
"OTU1315","k__Fungi","p__Basidiomycota","c__Tremellomycetes","o__Tremellales","f__Trimorphomycetaceae","g__Saitozyma","s__podzolica 1",FALSE,"placeable_existing_SH","UNITE_container","https://unite.ut.ee/sh/SH0703517.10FU",FALSE,"k__Fungi;p__Basidiomycota;c__Tremellomycetes;o__Tremellales;f__Trimorphomycetaceae;g__Saitozyma;s__Saitozyma_podzolica",7,100,"SH1020079.10FU","SH0703517.10FU","SH0193259.10FU","present_in","present_in","present_in",0,0,2,0.000139558734530563
"OTU1316","k__Fungi","p__Basidiomycota","c__Tremellomycetes","o__Filobasidiales","f__Piskurozymaceae","g__Piskurozyma",NA,FALSE,"placeable_existing_SH","PlutoF_live","https://unite.ut.ee/sh/SH0646818.10FU",FALSE,"k__Fungi;p__Basidiomycota;c__Tremellomycetes;o__Filobasidiales;f__Piskurozymaceae;g__Piskurozyma;s__Piskurozyma_linzhiensis",7,99.3,"s808","SH0646818.10FU","s1","new_singleton_in","new_singleton_in","new_singleton_in",0,0,3,0.000113609363197977
"OTU1317","k__Fungi","p__Ascomycota","c__Sordariomycetes","o__Amphisphaeriales","f__Sporocadaceae",NA,NA,TRUE,"placeable_existing_SH","UNITE_container","https://unite.ut.ee/sh/SH0611658.10FU",FALSE,"k__Fungi;p__Ascomycota;c__Sordariomycetes;o__Amphisphaeriales;f__Amphisphaeriaceae",5,100,"SH0911811.10FU","SH0611658.10FU","SH0120806.10FU","present_in","present_in","present_in",1,1.62274245422054e-06,5,0.000141337529187841
"OTU1318","k__Fungi","p__Ascomycota",NA,NA,NA,NA,NA,TRUE,"no_SH_match","UNITE_container",NA,FALSE,NA,NA,NA,NA,NA,NA,NA,NA,NA,1,0.000230071296366829,2,4.56675840606684e-06
"OTU1319","k__Fungi","p__Basidiomycota","c__Exobasidiomycetes","o__Exobasidiales","f__Exobasidiaceae","g__Exobasidium","s__vaccinii 6",FALSE,"placeable_existing_SH","UNITE_container","https://unite.ut.ee/sh/SH0631571.10FU",FALSE,"k__Fungi;p__Basidiomycota;c__Exobasidiomycetes;o__Exobasidiales;f__Exobasidiaceae;g__Exobasidium",6,100,"SH0934702.10FU","SH0631571.10FU","SH0136959.10FU","present_in","present_in","present_in",1,0.00228639673084118,1,5.65446830027612e-06
"OTU1320","k__Fungi","p__Ascomycota","c__Dothideomycetes","o__Pleosporales","f__Sporormiaceae",NA,NA,TRUE,"placeable_existing_SH","UNITE_container","https://unite.ut.ee/sh/SH0659183.10FU",FALSE,"k__Fungi;p__Ascomycota;c__Dothideomycetes;o__Pleosporales;f__Sporormiaceae",5,100,"SH0967138.10FU","SH0659183.10FU","SH0158917.10FU","present_in","present_in","present_in",11,0.0324232592167801,17,0.0345667304504558
"OTU1321","k__Fungi","p__Basidiomycota","c__Agaricomycetes","o__Russulales","f__Russulaceae","g__Lactarius","s__hysginus",FALSE,"placeable_existing_SH","PlutoF_live","https://unite.ut.ee/sh/SH0654011.10FU",FALSE,"k__Fungi;p__Basidiomycota;c__Agaricomycetes;o__Russulales;f__Russulaceae;g__Lactarius;s__Lactarius_ustulatus",7,100,"s811","SH0654011.10FU","s2","new_singleton_in","new_singleton_in","new_singleton_in",0,0,2,8.71518338684179e-05
"OTU1322","k__Fungi","p__Basidiomycota","c__Tremellomycetes","o__Filobasidiales","f__Filobasidiaceae","g__Heterocephalacria",NA,FALSE,"placeable_existing_SH","UNITE_container","https://unite.ut.ee/sh/SH0586149.10FU",FALSE,"k__Fungi;p__Basidiomycota;c__Tremellomycetes;o__Filobasidiales;f__Filobasidiaceae;g__Heterocephalacria;s__Heterocephalacria_septentrionalis",7,100,"SH0882331.10FU","SH0586149.10FU","SH0100140.10FU","present_in","present_in","present_in",1,0.000136265263045395,3,0.00015789426797723
"OTU1323","k__Fungi","p__Ascomycota","c__Leotiomycetes",NA,NA,NA,NA,TRUE,"novel_new_SH","UNITE_container",NA,TRUE,"k__Fungi;p__Ascomycota",2,98.6,"s810","s508","1","new_singleton_in","new_singleton_in","new_sh_in",0,0,1,0.000262568290787911
"OTU1324","k__Fungi","p__Mucoromycota","c__Umbelopsidomycetes","o__Umbelopsidales","f__Umbelopsidaceae","g__Umbelopsis",NA,FALSE,"placeable_existing_SH","UNITE_container","https://unite.ut.ee/sh/SH0520974.10FU",FALSE,"k__Fungi;p__Mucoromycota;c__Umbelopsidomycetes;o__Umbelopsidales;f__Umbelopsidaceae;g__Umbelopsis;s__Umbelopsis_angularis",7,100,"SH0806652.10FU","SH0520974.10FU","SH0047858.10FU","present_in","present_in","present_in",0,0,1,0.000143239009093155
"OTU1325","k__Fungi","p__Basidiomycota","c__Cystobasidiomycetes","o__Cystobasidiales","f__Cystobasidiaceae","g__Cystobasidium",NA,FALSE,"placeable_existing_SH","UNITE_container","https://unite.ut.ee/sh/SH0657016.10FU",FALSE,"k__Fungi;p__Basidiomycota;c__Cystobasidiomycetes;o__Cystobasidiales;f__Cystobasidiaceae;g__Cystobasidium;s__Cystobasidium_slooffiae",7,100,"SH0964631.10FU","SH0657016.10FU","SH0157269.10FU","present_in","present_in","present_in",1,0.000346274080209474,0,0
"OTU1327","k__Fungi","p__Ascomycota","c__Candelariomycetes","o__Candelariales","f__Pycnoraceae","g__Pycnora",NA,FALSE,"novel_new_SH","UNITE_container",NA,TRUE,"k__Fungi;p__Ascomycota",2,97.5,"157","97","SH0084929.10FU","new_sh_in","new_sh_in","present_in",1,5.18000518000518e-06,1,7.97133570201834e-05
"OTU1328","k__Fungi","p__Ascomycota","c__Dothideomycetes","o__Pleosporales","f__Melanommataceae",NA,NA,TRUE,"novel_new_SH","UNITE_container",NA,TRUE,"k__Fungi;p__Ascomycota;c__Dothideomycetes",3,100,"158","98","2","new_sh_in","new_sh_in","new_sh_in",1,0.000137759747531683,3,3.8581202826903e-05
"OTU1329","k__Fungi","p__Mucoromycota","c__Mucoromycetes","o__Mucorales","f__Mucoraceae","g__Mucor","s__hiemalis",FALSE,"placeable_existing_SH","UNITE_container","https://unite.ut.ee/sh/SH0703667.10FU",FALSE,"k__Fungi;p__Mucoromycota;c__Mucoromycetes;o__Mucorales;f__Mucoraceae;g__Mucor",6,100,"SH1020246.10FU","SH0703667.10FU","SH0193349.10FU","present_in","present_in","present_in",1,4.95477362688672e-05,4,0.000175166349602255
"OTU1330","k__Fungi","p__Ascomycota","c__Leotiomycetes","o__Helotiales","f__Sclerotiniaceae",NA,NA,TRUE,"placeable_existing_SH","UNITE_container","https://unite.ut.ee/sh/SH0656294.10FU",FALSE,"k__Fungi;p__Ascomycota;c__Leotiomycetes;o__Helotiales;f__Sclerotiniaceae;g__Botrytis",6,100,"SH0963836.10FU","SH0656294.10FU","SH0156815.10FU","present_in","present_in","present_in",1,1.2409216242175e-06,4,0.00415164644893901
"OTU1331","k__Fungi","p__Ascomycota","c__Eurotiomycetes","o__Chaetothyriales","f__Herpotrichiellaceae",NA,NA,TRUE,"placeable_existing_SH","UNITE_container","https://unite.ut.ee/sh/SH0462234.10FU",FALSE,"k__Fungi;p__Ascomycota;c__Eurotiomycetes;o__Chaetothyriales;f__Herpotrichiellaceae;g__Capronia",6,97.4,"s809","SH0462234.10FU","SH0003934.10FU","new_singleton_in","present_in","present_in",0,0,1,0.000168193106007917
"OTU1332","k__Fungi","p__Ascomycota","c__Eurotiomycetes","o__Chaetothyriales",NA,NA,NA,TRUE,"placeable_existing_SH","PlutoF_live","https://unite.ut.ee/sh/SH0683830.10FU",FALSE,"k__Fungi;p__Ascomycota;c__Eurotiomycetes;o__Chaetothyriales;f__Herpotrichiellaceae;g__Exophiala",6,99.1,"160","SH0683830.10FU","SH0177807.10FU","new_sh_in","new_sh_in","present_in",1,8.91116256397758e-05,0,0
"OTU1333","k__Fungi","p__Ascomycota","c__Dothideomycetes","o__Mycosphaerellales","f__Teratosphaeriaceae","g__Neocatenulostroma",NA,FALSE,"placeable_existing_SH","UNITE_container","https://unite.ut.ee/sh/SH0551718.10FU",FALSE,"k__Fungi;p__Ascomycota;c__Dothideomycetes;o__Mycosphaerellales;f__Teratosphaeriaceae",5,100,"SH0842938.10FU","SH0551718.10FU","SH0072184.10FU","present_in","present_in","present_in",1,0.000334785048227216,0,0
"OTU1334","k__Fungi","p__Ascomycota","c__Dothideomycetes","o__Venturiales","f__Sympoventuriaceae",NA,NA,TRUE,"placeable_existing_SH","PlutoF_live","https://unite.ut.ee/sh/SH0475136.10FU",FALSE,"k__Fungi;p__Ascomycota;c__Dothideomycetes;o__Venturiales;f__Sympoventuriaceae",5,97.1,"159","SH0475136.10FU","SH0014343.10FU","new_sh_in","new_sh_in","present_in",0,0,1,9.80518178631548e-05
"OTU1335","k__Fungi","p__Ascomycota","c__Leotiomycetes",NA,NA,NA,NA,TRUE,"novel_new_SH","UNITE_container",NA,TRUE,"k__Fungi;p__Ascomycota",2,97.9,"s816","s514","s6","new_singleton_in","new_singleton_in","new_singleton_in",0,0,1,6.70121804619675e-05
"OTU1336","k__Fungi","p__Ascomycota","c__Dothideomycetes","o__Pleosporales","f__Sporormiaceae",NA,NA,TRUE,"novel_new_SH","UNITE_container",NA,TRUE,"k__Fungi;p__Ascomycota;c__Dothideomycetes;o__Pleosporales;f__Sporormiaceae;g__Sporormiella",6,100,"s813","s511","SH0037694.10FU","new_singleton_in","new_singleton_in","present_in",0,0,8,0.00403148862805295
"OTU1337","k__Fungi","p__Ascomycota","c__Leotiomycetes","o__Helotiales","f__Pezizellaceae","g__Calycellina","s__leucella",FALSE,"novel_new_SH","UNITE_container",NA,TRUE,"k__Fungi;p__Ascomycota;c__Leotiomycetes",3,100,"s814","s512","s4","new_singleton_in","new_singleton_in","new_singleton_in",0,0,4,0.000166437239638123
"OTU1339","k__Fungi","p__Ascomycota",NA,NA,NA,NA,NA,TRUE,"novel_new_SH","UNITE_container",NA,FALSE,"k__Fungi",1,88.2,"s815","s513","s5","new_singleton_in","new_singleton_in","new_singleton_in",0,0,1,8.1942526854984e-05
"OTU1340","k__Fungi","p__Ascomycota","c__Lecanoromycetes",NA,NA,NA,NA,TRUE,"novel_new_SH","UNITE_container",NA,TRUE,"k__Fungi;p__Ascomycota;c__Lecanoromycetes",3,94.3,"161","101","3","new_sh_in","new_sh_in","new_sh_in",6,0.00717599201801184,3,1.81656522830317e-06
"OTU1341","k__Fungi","p__Ascomycota","c__Lecanoromycetes",NA,NA,NA,NA,TRUE,"novel_new_SH","UNITE_container",NA,TRUE,"k__Fungi;p__Ascomycota;c__Lecanoromycetes",3,100,"s817","s515","SH0187266.10FU","new_singleton_in","new_singleton_in","present_in",0,0,1,0.000133258343069053
"OTU1342","k__Fungi","p__Basidiomycota","c__Tremellomycetes","o__Filobasidiales","f__Piskurozymaceae","g__Piskurozyma",NA,FALSE,"placeable_existing_SH","UNITE_container","https://unite.ut.ee/sh/SH0532280.10FU",FALSE,"k__Fungi;p__Basidiomycota;c__Tremellomycetes;o__Filobasidiales;f__Piskurozymaceae;g__Piskurozyma",6,100,"SH0820047.10FU","SH0532280.10FU","SH0056617.10FU","present_in","present_in","present_in",1,0.000765489654378543,5,4.99373792183565e-05
"OTU1343","k__Fungi","p__Ascomycota","c__Leotiomycetes","o__Helotiales",NA,NA,NA,TRUE,"novel_new_SH","UNITE_container",NA,TRUE,"k__Fungi;p__Ascomycota",2,100,"s820","s517","s8","new_singleton_in","new_singleton_in","new_singleton_in",0,0,2,0.000145430794530333
"OTU1344","k__Fungi","p__Ascomycota","c__Leotiomycetes","o__Helotiales","f__Hyaloscyphaceae",NA,NA,TRUE,"novel_new_SH","UNITE_container",NA,TRUE,"k__Fungi;p__Ascomycota;c__Leotiomycetes;o__Helotiales",4,100,"s819","s516","s7","new_singleton_in","new_singleton_in","new_singleton_in",0,0,2,7.49986403491467e-05
"OTU1345","k__Fungi","p__Ascomycota","c__Leotiomycetes","o__Phacidiales","f__Phacidiaceae",NA,NA,TRUE,"novel_new_SH","UNITE_container",NA,TRUE,"k__Fungi;p__Ascomycota;c__Leotiomycetes;o__Phacidiales;f__Phacidiaceae;g__Phacidium",6,100,"s821","s518","SH0134790.10FU","new_singleton_in","new_singleton_in","present_in",2,0.000398352244000616,6,0.00120715093685208
"OTU1346","k__Fungi","p__Ascomycota","c__Saccharomycetes","o__Saccharomycetales","f__Debaryomycetaceae","g__Debaryomyces","s__prosopidis 2",FALSE,"placeable_existing_SH","UNITE_container","https://unite.ut.ee/sh/SH0590389.10FU",FALSE,"k__Fungi;p__Ascomycota;c__Pichiomycetes;o__Serinales;f__Debaryomycetaceae;g__Debaryomyces;s__Debaryomyces_prosopidis",7,100,"SH0887078.10FU","SH0590389.10FU","SH0103659.10FU","present_in","present_in","present_in",1,0.000429636358778422,1,3.18065180987862e-05
"OTU1347","k__Fungi","p__Ascomycota","c__Dothideomycetes","o__Venturiales","f__Venturiaceae","g__Venturia",NA,FALSE,"placeable_existing_SH","UNITE_container","https://unite.ut.ee/sh/SH0676305.10FU",FALSE,"k__Fungi;p__Ascomycota;c__Dothideomycetes;o__Venturiales;f__Venturiaceae;g__Venturia",6,100,"SH0987921.10FU","SH0676305.10FU","SH0171974.10FU","present_in","present_in","present_in",0,0,4,8.24504737725997e-05
"OTU1348","k__Fungi","p__Basidiomycota","c__Tremellomycetes","o__Tremellales","f__Trimorphomycetaceae","g__Saitozyma",NA,FALSE,"placeable_existing_SH","UNITE_container","https://unite.ut.ee/sh/SH0703529.10FU",FALSE,"k__Fungi;p__Basidiomycota;c__Tremellomycetes;o__Tremellales;f__Trimorphomycetaceae;g__Saitozyma",6,100,"s818","SH0703529.10FU","SH0193239.10FU","new_singleton_in","present_in","present_in",0,0,1,7.38989709787112e-05
"OTU1350","k__Fungi","p__Basidiomycota","c__Agaricomycetes","o__Cantharellales","f__Hydnaceae","g__Hydnum",NA,FALSE,"placeable_existing_SH","PlutoF_live","https://unite.ut.ee/sh/SH0557342.10FU",FALSE,"k__Fungi;p__Basidiomycota;c__Agaricomycetes;o__Cantharellales;f__Hydnaceae;g__Hydnum;s__Hydnum_rufescens",7,100,"163","SH0557342.10FU","5","new_sh_in","new_sh_in","new_sh_in",2,9.30444736161779e-07,0,0
"OTU1351","k__Fungi","p__Basidiomycota","c__Exobasidiomycetes","o__Exobasidiales","f__Exobasidiaceae","g__Exobasidium",NA,FALSE,"placeable_existing_SH","PlutoF_live","https://unite.ut.ee/sh/SH0486605.10FU",FALSE,"k__Fungi;p__Basidiomycota;c__Exobasidiomycetes;o__Exobasidiales;f__Exobasidiaceae;g__Exobasidium",6,99.2,"162","SH0486605.10FU","4","new_sh_in","new_sh_in","new_sh_in",1,0.000266873352169768,0,0
"OTU1352","k__Fungi","p__Basidiomycota","c__Tremellomycetes","o__Filobasidiales","f__Piskurozymaceae","g__Solicoccozyma","s__terricola 4",FALSE,"placeable_existing_SH","UNITE_container","https://unite.ut.ee/sh/SH0554967.10FU",FALSE,"k__Fungi;p__Basidiomycota;c__Tremellomycetes;o__Filobasidiales;f__Piskurozymaceae;g__Solicoccozyma;s__Solicoccozyma_terricola",7,100,"SH0846613.10FU","SH0554967.10FU","SH0074687.10FU","present_in","present_in","present_in",0,0,1,3.92645982047085e-05
"OTU1353","k__Fungi","p__Basidiomycota","c__Agaricomycetes","o__Cantharellales","f__Hydnaceae","g__Sistotrema",NA,FALSE,"placeable_existing_SH","UNITE_container","https://unite.ut.ee/sh/SH0546805.10FU",FALSE,"k__Fungi;p__Basidiomycota;c__Agaricomycetes;o__Cantharellales;f__Hydnaceae;g__Sistotrema",6,100,"SH0837150.10FU","SH0546805.10FU","SH0068102.10FU","present_in","present_in","present_in",0,0,3,0.00202731806516485
"OTU1354","k__Fungi","p__Basidiomycota",NA,NA,NA,NA,NA,TRUE,"no_SH_match","UNITE_container",NA,FALSE,NA,NA,NA,NA,NA,NA,NA,NA,NA,0,0,2,7.19288639213879e-05
"OTU1356","k__Fungi","p__Ascomycota","c__Orbiliomycetes","o__Orbiliales","f__Orbiliaceae",NA,NA,TRUE,"novel_new_SH","UNITE_container",NA,FALSE,"k__Fungi;p__Ascomycota;c__Orbiliomycetes;o__Orbiliales",4,89,"s824","s521","s10","new_singleton_in","new_singleton_in","new_singleton_in",0,0,1,7.08979975379514e-05
"OTU1357","k__Fungi","p__Basidiomycota","c__Tremellomycetes","o__Tremellales",NA,NA,NA,TRUE,"placeable_existing_SH","UNITE_container","https://unite.ut.ee/sh/SH0539580.10FU",FALSE,"k__Fungi;p__Basidiomycota;c__Tremellomycetes;o__Tremellales",4,100,"SH0828703.10FU","SH0539580.10FU","SH0062444.10FU","present_in","present_in","present_in",1,0.000194250194250194,6,0.00020474526860746
"OTU1358","k__Fungi","p__Basidiomycota","c__Tremellomycetes","o__Filobasidiales","f__Piskurozymaceae","g__Piskurozyma","s__arborea 4",FALSE,"placeable_existing_SH","PlutoF_live","https://unite.ut.ee/sh/SH0482742.10FU",FALSE,"k__Fungi;p__Basidiomycota;c__Tremellomycetes;o__Filobasidiales;f__Piskurozymaceae;g__Piskurozyma",6,98.9,"s823","SH0482742.10FU","SH0020240.10FU","new_singleton_in","new_singleton_in","present_in",0,0,2,2.3987201261257e-05
"OTU1359","k__Fungi","p__Ascomycota","c__Leotiomycetes","o__Helotiales","f__Godroniaceae",NA,NA,TRUE,"placeable_existing_SH","UNITE_container","https://unite.ut.ee/sh/SH0623043.10FU",FALSE,"k__Fungi;p__Ascomycota;c__Leotiomycetes;o__Helotiales;f__Godroniaceae;g__Godronia",6,98.6,"SH0924904.10FU","SH0623043.10FU","SH0129952.10FU","present_in","present_in","present_in",1,6.86607817510628e-07,4,0.00153828753015485
"OTU1360","k__Fungi","p__Basidiomycota","c__Tremellomycetes","o__Filobasidiales","f__Filobasidiales_fam_Incertae_sedis","g__Filobasidiales_gen_Incertae_sedis",NA,FALSE,"novel_new_SH","UNITE_container",NA,FALSE,"k__Fungi;p__Basidiomycota;c__Tremellomycetes;o__Filobasidiales",4,94.9,"s822","s519","s9","new_singleton_in","new_singleton_in","new_singleton_in",0,0,3,0.000545769927483756
"OTU1361","k__Fungi","p__Ascomycota","c__Eurotiomycetes","o__Eurotiales","f__Aspergillaceae","g__Penicillium",NA,FALSE,"placeable_existing_SH","UNITE_container","https://unite.ut.ee/sh/SH0576176.10FU",FALSE,"k__Fungi;p__Ascomycota;c__Eurotiomycetes;o__Eurotiales;f__Aspergillaceae;g__Penicillium",6,99.4,"s825","SH0576176.10FU","SH0092018.10FU","new_singleton_in","present_in","present_in",1,0.000126671277745068,0,0
"OTU1362","k__Fungi","p__Basidiomycota","c__Microbotryomycetes","o__Microbotryomycetes_ord_Incertae_sedis","f__Chrysozymaceae","g__Bannozyma",NA,FALSE,"placeable_existing_SH","UNITE_container","https://unite.ut.ee/sh/SH0703866.10FU",FALSE,"k__Fungi;p__Basidiomycota;c__Microbotryomycetes;o__Microbotryomycetes_ord_Incertae_sedis;f__Chrysozymaceae;g__Bannozyma",6,100,"SH1020466.10FU","SH0703866.10FU","SH0193517.10FU","present_in","present_in","present_in",0,0,7,6.44392661819127e-05
"OTU1363","k__Fungi","p__Basidiomycota","c__Microbotryomycetes","o__Kriegeriales","f__Kriegeriaceae","g__Phenoliferia",NA,FALSE,"placeable_existing_SH","UNITE_container","https://unite.ut.ee/sh/SH0705758.10FU",FALSE,"k__Fungi;p__Basidiomycota;c__Microbotryomycetes;o__Kriegeriales;f__Kriegeriaceae;g__Phenoliferia",6,99,"SH1022698.10FU","SH0705758.10FU","SH0194963.10FU","present_in","present_in","present_in",0,0,3,6.91621377733439e-05
"OTU1364","k__Fungi","p__Basidiomycota","c__Tremellomycetes","o__Filobasidiales","f__Piskurozymaceae","g__Piskurozyma","s__fildesensis 2",FALSE,"placeable_existing_SH","UNITE_container","https://unite.ut.ee/sh/SH0646820.10FU",FALSE,"k__Fungi;p__Basidiomycota;c__Tremellomycetes;o__Filobasidiales;f__Piskurozymaceae;g__Piskurozyma;s__Piskurozyma_fildesensis",7,100,"SH0952516.10FU","SH0646820.10FU","SH0149340.10FU","present_in","present_in","present_in",0,0,5,0.0001313042429433
"OTU1365","k__Fungi","p__Ascomycota","c__Dothideomycetes","o__Capnodiales","f__Capnodiales_fam_Incertae_sedis","g__Perusta",NA,FALSE,"placeable_existing_SH","UNITE_container","https://unite.ut.ee/sh/SH0624031.10FU",FALSE,"k__Fungi;p__Ascomycota;c__Dothideomycetes;o__Dothideales",4,98.7,"SH0925963.10FU","SH0624031.10FU","SH0130731.10FU","present_in","present_in","present_in",9,0.00547812410259482,2,1.00094350784834e-05
"OTU1366","k__Fungi","p__Basidiomycota","c__Tremellomycetes","o__Tremellales","f__Bulleribasidiaceae","g__Vishniacozyma","s__victoriae 7",FALSE,"placeable_existing_SH","UNITE_container","https://unite.ut.ee/sh/SH0633921.10FU",FALSE,"k__Fungi;p__Basidiomycota;c__Tremellomycetes;o__Tremellales;f__Bulleribasidiaceae;g__Vishniacozyma",6,100,"SH0937374.10FU","SH0633921.10FU","SH0138970.10FU","present_in","present_in","present_in",0,0,3,6.07282846556258e-05
"OTU1367","k__Fungi","p__Ascomycota","c__Leotiomycetes","o__Helotiales","f__Pezizellaceae",NA,NA,TRUE,"placeable_existing_SH","UNITE_container","https://unite.ut.ee/sh/SH0643211.10FU",FALSE,"k__Fungi;p__Ascomycota;c__Leotiomycetes;o__Helotiales",4,100,"SH0948687.10FU","SH0643211.10FU","SH0146552.10FU","present_in","present_in","present_in",0,0,1,0.000119878390033222
"OTU1368","k__Fungi","p__Ascomycota","c__Orbiliomycetes","o__Orbiliales","f__Orbiliaceae","g__Amphosoma",NA,FALSE,"placeable_existing_SH","UNITE_container","https://unite.ut.ee/sh/SH0707519.10FU",FALSE,"k__Fungi;p__Ascomycota;c__Orbiliomycetes;o__Orbiliales;f__Orbiliaceae",5,97.1,"SH1024742.10FU","SH0707519.10FU","SH0196382.10FU","present_in","present_in","present_in",0,0,1,0.000118342182857208
"OTU1369","k__Fungi","p__Ascomycota","c__Dothideomycetes",NA,NA,NA,NA,TRUE,"novel_new_SH","UNITE_container",NA,FALSE,"k__Fungi;p__Ascomycota;c__Dothideomycetes",3,85.4,"164","104","6","new_sh_in","new_sh_in","new_sh_in",20,0.112433928883221,3,0.00245058662722903
"OTU1370","k__Fungi","p__Ascomycota",NA,NA,NA,NA,NA,TRUE,"no_SH_match","UNITE_container",NA,FALSE,NA,NA,NA,NA,NA,NA,NA,NA,NA,7,0.00349770938161937,0,0
"OTU1371","k__Fungi","p__Ascomycota","c__Leotiomycetes","o__Helotiales","f__Mollisiaceae",NA,NA,TRUE,"novel_new_SH","UNITE_container",NA,TRUE,"k__Fungi",1,97.3,"s827","s523","s12","new_singleton_in","new_singleton_in","new_singleton_in",1,0.000282683624121623,0,0
"OTU1372","k__Fungi","p__Ascomycota","c__Dothideomycetes","o__Capnodiales","f__Capnodiales_fam_Incertae_sedis","g__Perusta",NA,FALSE,"novel_new_SH","UNITE_container",NA,FALSE,"k__Fungi;p__Ascomycota;c__Dothideomycetes",3,98.8,"s826","s522","s11","new_singleton_in","new_singleton_in","new_singleton_in",1,0.00108780108780109,1,2.45274781337532e-06
"OTU1373","k__Fungi","p__Ascomycota","c__Arthoniomycetes","o__Lichenostigmatales","f__Phaeococcomycetaceae","g__Antarctolichenia","s__onofrii 2",FALSE,"excluded_nonITS","UNITE_container",NA,FALSE,NA,NA,NA,NA,NA,NA,NA,NA,NA,5,0.00624179038907339,1,1.63516520891688e-06
"OTU1374","k__Fungi","p__Ascomycota","c__Sordariomycetes","o__Hypocreales","f__Clavicipitaceae","g__Claviceps",NA,FALSE,"placeable_existing_SH","UNITE_container","https://unite.ut.ee/sh/SH0657309.10FU",FALSE,"k__Fungi;p__Ascomycota;c__Sordariomycetes;o__Hypocreales;f__Clavicipitaceae;g__Claviceps",6,100,"SH0964955.10FU","SH0657309.10FU","SH0157493.10FU","present_in","present_in","present_in",1,0.000289630480669036,0,0
"OTU1375","k__Fungi","p__Basidiomycota","c__Exobasidiomycetes","o__Exobasidiales","f__Exobasidiaceae","g__Exobasidium","s__arescens 3",FALSE,"placeable_existing_SH","UNITE_container","https://unite.ut.ee/sh/SH0631558.10FU",FALSE,"k__Fungi;p__Basidiomycota;c__Exobasidiomycetes;o__Exobasidiales;f__Exobasidiaceae;g__Exobasidium;s__Exobasidium_arescens",7,100,"SH0934686.10FU","SH0631558.10FU","SH0136961.10FU","present_in","present_in","present_in",1,0.00151083484416818,1,3.26419379179066e-07
"OTU1376","k__Fungi","p__Basidiomycota","c__Tremellomycetes","o__Tremellales","f__Phaeotremellaceae","g__Phaeotremella",NA,FALSE,"placeable_existing_SH","UNITE_container","https://unite.ut.ee/sh/SH0539592.10FU",FALSE,"k__Fungi;p__Basidiomycota;c__Tremellomycetes;o__Tremellales;f__Phaeotremellaceae;g__Phaeotremella",6,100,"SH0828740.10FU","SH0539592.10FU","SH0062483.10FU","present_in","present_in","present_in",2,0.000226954939430443,5,4.73839706222823e-05
"OTU1377","k__Fungi","p__Ascomycota","c__Eurotiomycetes","o__Sclerococcales","f__Dactylosporaceae","g__Sclerococcum",NA,FALSE,"novel_new_SH","UNITE_container",NA,TRUE,"k__Fungi;p__Ascomycota",2,100,"165","105","7","new_sh_in","new_sh_in","new_sh_in",0,0,2,6.61144778799157e-05
"OTU1378","k__Fungi","p__Ascomycota","c__Saccharomycetes","o__Saccharomycetales","f__Saccharomycetales_fam_Incertae_sedis","g__Saccharomycetales_gen_Incertae_sedis",NA,FALSE,"placeable_existing_SH","UNITE_container","https://unite.ut.ee/sh/SH0604138.10FU",FALSE,"k__Fungi;p__Ascomycota;c__Saccharomycetes;o__Saccharomycetales",4,100,"SH0903004.10FU","SH0604138.10FU","SH0114861.10FU","present_in","present_in","present_in",0,0,1,6.53962128965583e-05
"OTU1379","k__Fungi","p__Basidiomycota","c__Malasseziomycetes","o__Malasseziales","f__Malasseziaceae","g__Malassezia","s__sympodialis 1",FALSE,"placeable_existing_SH","UNITE_container","https://unite.ut.ee/sh/SH0664850.10FU",FALSE,"k__Fungi;p__Basidiomycota;c__Malasseziomycetes;o__Malasseziales;f__Malasseziaceae;g__Malassezia",6,100,"SH0973982.10FU","SH0664850.10FU","SH0163328.10FU","present_in","present_in","present_in",2,0.0078386970308546,0,0
"OTU1381","k__Fungi","p__Basidiomycota","c__Tremellomycetes","o__Tremellales","f__Trimorphomycetaceae","g__Saitozyma","s__podzolica 2",FALSE,"placeable_existing_SH","UNITE_container","https://unite.ut.ee/sh/SH0703517.10FU",FALSE,"k__Fungi;p__Basidiomycota;c__Tremellomycetes;o__Tremellales;f__Trimorphomycetaceae;g__Saitozyma",6,100,"SH1020079.10FU","SH0703517.10FU","SH0193259.10FU","present_in","present_in","present_in",0,0,1,0.000113516366318082
"OTU1384","k__Fungi","p__Ascomycota","c__Dothideomycetes","o__Myriangiales","f__Myriangiales_fam_Incertae_sedis","g__Myriangiales_gen_Incertae_sedis",NA,FALSE,"placeable_existing_SH","UNITE_container","https://unite.ut.ee/sh/SH0664245.10FU",FALSE,"k__Fungi;p__Ascomycota;c__Dothideomycetes;o__Myriangiales",4,99.4,"SH0973252.10FU","SH0664245.10FU","SH0162833.10FU","present_in","present_in","present_in",6,0.0059852573737888,1,4.56987130850692e-07
"OTU1385","k__Fungi","p__Ascomycota","c__Eurotiomycetes","o__Chaetothyriales","f__Herpotrichiellaceae","g__Cladophialophora",NA,FALSE,"novel_new_SH","UNITE_container",NA,TRUE,"k__Fungi;p__Ascomycota;c__Eurotiomycetes",3,100,"166","106","8","new_sh_in","new_sh_in","new_sh_in",0,0,2,4.63750954472753e-05
"OTU1386","k__Fungi","p__Ascomycota","c__Dothideomycetes","o__Phaeothecales","f__Phaeothecaceae","g__Phaeotheca",NA,FALSE,"placeable_existing_SH","UNITE_container","https://unite.ut.ee/sh/SH0691263.10FU",FALSE,"k__Fungi;p__Ascomycota;c__Dothideomycetes;o__Phaeothecales;f__Phaeothecaceae;g__Phaeotheca",6,100,"SH1005585.10FU","SH0691263.10FU","SH0183705.10FU","present_in","present_in","present_in",1,0.00027092740534908,1,1.02513665840509e-07
"OTU1387","k__Fungi","p__Ascomycota",NA,NA,NA,NA,NA,TRUE,"no_SH_match","UNITE_container",NA,FALSE,NA,NA,NA,NA,NA,NA,NA,NA,NA,0,0,1,9.13235359729527e-05
"OTU1388","k__Fungi","p__Basidiomycota","c__Microbotryomycetes","o__Microbotryomycetes_ord_Incertae_sedis","f__Microbotryomycetes_fam_Incertae_sedis","g__Pseudohyphozyma",NA,FALSE,"placeable_existing_SH","UNITE_container","https://unite.ut.ee/sh/SH0641385.10FU",FALSE,"k__Fungi;p__Basidiomycota;c__Microbotryomycetes",3,99.1,"SH0946282.10FU","SH0641385.10FU","SH0144904.10FU","present_in","present_in","present_in",0,0,7,6.47637108859319e-05
"OTU1389","k__Fungi","p__Ascomycota",NA,NA,NA,NA,NA,TRUE,"novel_new_SH","UNITE_container",NA,TRUE,"k__Fungi",1,91.4,"s828","s524","s13","new_singleton_in","new_singleton_in","new_singleton_in",1,0.000268522724236514,0,0
"OTU1390","k__Fungi","p__Basidiomycota","c__Tremellomycetes","o__Cystofilobasidiales","f__Mrakiaceae","g__Mrakia","s__cryoconiti",FALSE,"placeable_existing_SH","PlutoF_live","https://unite.ut.ee/sh/SH0651936.10FU",FALSE,"k__Fungi;p__Basidiomycota;c__Tremellomycetes;o__Cystofilobasidiales;f__Mrakiaceae;g__Mrakia;s__Mrakia_pini",7,100,"167","SH0651936.10FU","SH0153433.10FU","new_sh_in","new_sh_in","present_in",1,0.00082983682983683,9,0.00177175874606989
"OTU1391","k__Fungi","p__Ascomycota","c__Eurotiomycetes","o__Phaeomoniellales","f__Celotheliaceae","g__Paraphaeomoniella",NA,FALSE,"placeable_existing_SH","UNITE_container","https://unite.ut.ee/sh/SH0686525.10FU",FALSE,"k__Fungi;p__Ascomycota;c__Eurotiomycetes;o__Phaeomoniellales;f__Celotheliaceae;g__Paraphaeomoniella",6,96.3,"SH0999938.10FU","SH0686525.10FU","SH0179972.10FU","present_in","present_in","present_in",2,0.00141442929215862,1,2.01498016856518e-07
"OTU1392","k__Fungi","p__Basidiomycota","c__Microbotryomycetes","o__Microbotryomycetes_ord_Incertae_sedis","f__Chrysozymaceae","g__Bannozyma",NA,FALSE,"placeable_existing_SH","UNITE_container","https://unite.ut.ee/sh/SH0703866.10FU",FALSE,"k__Fungi;p__Basidiomycota;c__Microbotryomycetes;o__Microbotryomycetes_ord_Incertae_sedis;f__Chrysozymaceae;g__Bannozyma",6,100,"SH1020466.10FU","SH0703866.10FU","SH0193517.10FU","present_in","present_in","present_in",0,0,7,0.00010335287301902
"OTU1393","k__Fungi","p__Ascomycota",NA,NA,NA,NA,NA,TRUE,"no_SH_match","UNITE_container",NA,FALSE,NA,NA,NA,NA,NA,NA,NA,NA,NA,0,0,4,8.97429294585297e-05
"OTU1394","k__Fungi","p__Ascomycota","c__Leotiomycetes","o__Helotiales",NA,NA,NA,TRUE,"novel_new_SH","UNITE_container",NA,TRUE,"k__Fungi",1,88.8,"s829","s525","s14","new_singleton_in","new_singleton_in","new_singleton_in",0,0,1,4.77097771481793e-05
"OTU1395","k__Fungi","p__Ascomycota",NA,NA,NA,NA,NA,TRUE,"no_SH_match","UNITE_container",NA,FALSE,NA,NA,NA,NA,NA,NA,NA,NA,NA,0,0,1,4.04594920630189e-05
"OTU1396","k__Fungi","p__Ascomycota","c__Dothideomycetes","o__Venturiales","f__Venturiaceae","g__Venturia",NA,FALSE,"placeable_existing_SH","UNITE_container","https://unite.ut.ee/sh/SH0676380.10FU",FALSE,"k__Fungi;p__Ascomycota;c__Dothideomycetes;o__Venturiales;f__Venturiaceae;g__Fagicola",6,100,"168","SH0676380.10FU","SH0171985.10FU","new_sh_in","present_in","present_in",0,0,5,0.004077572108192
"OTU1397","k__Fungi","p__Basidiomycota","c__Malasseziomycetes","o__Malasseziales","f__Malasseziaceae","g__Malassezia","s__sympodialis 2",FALSE,"placeable_existing_SH","UNITE_container","https://unite.ut.ee/sh/SH0664850.10FU",FALSE,"k__Fungi;p__Basidiomycota;c__Malasseziomycetes;o__Malasseziales;f__Malasseziaceae;g__Malassezia;s__Malassezia_sympodialis",7,100,"SH0973982.10FU","SH0664850.10FU","SH0163328.10FU","present_in","present_in","present_in",2,0.000293162744013734,0,0
"OTU1400","k__Fungi","p__Ascomycota","c__Eurotiomycetes","o__Chaetothyriales",NA,NA,NA,TRUE,"placeable_existing_SH","UNITE_container","https://unite.ut.ee/sh/SH0549049.10FU",FALSE,"k__Fungi;p__Ascomycota;c__Eurotiomycetes;o__Chaetothyriales;f__Herpotrichiellaceae",5,100,"SH0839798.10FU","SH0549049.10FU","SH0069733.10FU","present_in","present_in","present_in",0,0,3,0.00182032110220284
"OTU1401","k__Fungi","p__Basidiomycota","c__Tremellomycetes","o__Tremellales","f__Bulleribasidiaceae","g__Dioszegia","s__hungarica 2",FALSE,"novel_new_SH","UNITE_container",NA,TRUE,"k__Fungi;p__Basidiomycota;c__Tremellomycetes;o__Tremellales;f__Bulleribasidiaceae;g__Dioszegia",6,100,"s830","s526","SH0002186.10FU","new_singleton_in","new_singleton_in","present_in",0,0,1,4.74083982698885e-05
"OTU1402","k__Fungi","p__Ascomycota","c__Dothideomycetes",NA,NA,NA,NA,TRUE,"novel_new_SH","UNITE_container",NA,FALSE,"k__Fungi;p__Ascomycota;c__Dothideomycetes",3,84.4,"164","104","6","new_sh_in","new_sh_in","new_sh_in",0,0,2,0.000120519960514973
"OTU1403","k__Fungi","p__Ascomycota",NA,NA,NA,NA,NA,TRUE,"novel_new_SH","UNITE_container",NA,TRUE,"k__Fungi;p__Ascomycota",2,84.9,"169","108","9","new_sh_in","new_sh_in","new_sh_in",1,0.000728259513032573,0,0
"OTU1405","k__Fungi","p__Ascomycota","c__Dothideomycetes",NA,NA,NA,NA,TRUE,"novel_new_SH","UNITE_container",NA,TRUE,"k__Fungi;p__Ascomycota;c__Dothideomycetes",3,93.1,"s831","s527","s15","new_singleton_in","new_singleton_in","new_singleton_in",1,1.10407447644788e-06,3,0.00386634519141081
"OTU1406","k__Fungi","p__Ascomycota","c__Leotiomycetes",NA,NA,NA,NA,TRUE,"novel_new_SH","UNITE_container",NA,TRUE,"k__Fungi;p__Ascomycota",2,93.8,"s832","s528","s16","new_singleton_in","new_singleton_in","new_singleton_in",0,0,1,0.000102109890861965
"OTU1409","k__Fungi","p__Basidiomycota","c__Microbotryomycetes","o__Microbotryomycetes_ord_Incertae_sedis","f__Chrysozymaceae",NA,NA,TRUE,"novel_new_SH","UNITE_container",NA,FALSE,"k__Fungi;p__Basidiomycota;c__Microbotryomycetes",3,93.5,"s833","s529","s17","new_singleton_in","new_singleton_in","new_singleton_in",0,0,2,0.00030249797545997
"OTU1410","k__Fungi","p__Ascomycota","c__Dothideomycetes","o__Venturiales","f__Venturiaceae","g__Venturia",NA,FALSE,"novel_new_SH","UNITE_container",NA,TRUE,"k__Fungi;p__Ascomycota;c__Dothideomycetes",3,100,"s834","s530","s18","new_singleton_in","new_singleton_in","new_singleton_in",0,0,5,0.00177685192600964
"OTU1411","k__Fungi","p__Basidiomycota","c__Agaricomycetes","o__Cantharellales","f__Ceratobasidiaceae",NA,NA,TRUE,"placeable_existing_SH","PlutoF_live","https://unite.ut.ee/sh/SH0676052.10FU",FALSE,"k__Fungi;p__Basidiomycota;c__Agaricomycetes;o__Cantharellales;f__Ceratobasidiaceae;g__Ceratobasidium",6,99.3,"s835","SH0676052.10FU","s19","new_singleton_in","new_singleton_in","new_singleton_in",0,0,1,7.28359595796817e-05
"OTU1412","k__Fungi","p__Basidiomycota","c__Tremellomycetes","o__Filobasidiales","f__Piskurozymaceae","g__Piskurozyma",NA,FALSE,"placeable_existing_SH","UNITE_container","https://unite.ut.ee/sh/SH0532291.10FU",FALSE,"k__Fungi;p__Basidiomycota;c__Tremellomycetes;o__Tremellales;f__Cryptococcaceae;g__Cryptococcus",6,99.1,"SH0820074.10FU","SH0532291.10FU","SH0056615.10FU","present_in","present_in","present_in",0,0,6,0.000163550480595042
"OTU1413","k__Fungi","p__Ascomycota","c__Eurotiomycetes","o__Chaetothyriales","f__Epibryaceae","g__Epibryon","s__interlamellare 2",FALSE,"placeable_existing_SH","UNITE_container","https://unite.ut.ee/sh/SH0652618.10FU",FALSE,"k__Fungi;p__Ascomycota;c__Eurotiomycetes;o__Chaetothyriales;f__Herpotrichiellaceae;g__Cladophialophora",6,100,"SH0959409.10FU","SH0652618.10FU","SH0153978.10FU","present_in","present_in","present_in",2,0.000425513194573074,0,0
"OTU1414","k__Fungi","p__Basidiomycota","c__Tremellomycetes","o__Filobasidiales","f__Piskurozymaceae","g__Piskurozyma",NA,FALSE,"placeable_existing_SH","UNITE_container","https://unite.ut.ee/sh/SH0532291.10FU",FALSE,"k__Fungi;p__Basidiomycota;c__Tremellomycetes;o__Tremellales;f__Cryptococcaceae;g__Cryptococcus",6,98.3,"SH0820074.10FU","SH0532291.10FU","SH0056615.10FU","present_in","present_in","present_in",0,0,2,6.32975038060371e-05
"OTU1415","k__Fungi","p__Basidiomycota","c__Agaricomycetes","o__Agaricales","f__Cortinariaceae","g__Cortinarius","s__armillatus 3",FALSE,"placeable_existing_SH","UNITE_container","https://unite.ut.ee/sh/SH0674987.10FU",FALSE,"k__Fungi;p__Basidiomycota;c__Agaricomycetes;o__Agaricales;f__Cortinariaceae;g__Cortinarius;s__Cortinarius_armillatus",7,100,"SH0986459.10FU","SH0674987.10FU","SH0171035.10FU","present_in","present_in","present_in",0,0,1,6.96351644102498e-05
"OTU1416","k__Fungi","p__Ascomycota","c__Dothideomycetes",NA,NA,NA,NA,TRUE,"novel_new_SH","UNITE_container",NA,FALSE,"k__Fungi;p__Ascomycota;c__Dothideomycetes",3,82.2,"173","111","11","new_sh_in","new_sh_in","new_sh_in",3,0.00227117075923833,4,0.000895623611839423
"OTU1419","k__Fungi","p__Ascomycota","c__Sordariomycetes","o__Hypocreales","f__Ophiocordycipitaceae","g__Tolypocladium",NA,FALSE,"placeable_existing_SH","UNITE_container","https://unite.ut.ee/sh/SH0556540.10FU",FALSE,"k__Fungi;p__Ascomycota;c__Sordariomycetes;o__Hypocreales;f__Ophiocordycipitaceae;g__Tolypocladium",6,100,"s836","SH0556540.10FU","SH0075912.10FU","new_singleton_in","present_in","present_in",0,0,1,0.000105180865023228
"OTU1420","k__Fungi","p__Ascomycota","c__Leotiomycetes","o__Phacidiales","f__Phacidiaceae",NA,NA,TRUE,"placeable_existing_SH","PlutoF_live","https://unite.ut.ee/sh/SH0628700.10FU",FALSE,"k__Fungi;p__Ascomycota;c__Leotiomycetes;o__Phacidiales;f__Phacidiaceae;g__Phacidium",6,98,"s837","SH0628700.10FU","SH0134790.10FU","new_singleton_in","new_singleton_in","present_in",0,0,2,0.0356119171344046
"OTU1421","k__Fungi","p__Basidiomycota","c__Agaricomycetes","o__Cantharellales","f__Hydnaceae","g__Sistotrema",NA,FALSE,"placeable_existing_SH","UNITE_container","https://unite.ut.ee/sh/SH0469893.10FU",FALSE,"k__Fungi;p__Basidiomycota;c__Agaricomycetes;o__Cantharellales;f__Hydnaceae;g__Sistotrema",6,100,"SH0743964.10FU","SH0469893.10FU","SH0010122.10FU","present_in","present_in","present_in",2,0.00262530591129918,1,1.75442496909216e-05
"OTU1422","k__Fungi","p__Ascomycota","c__Sordariomycetes","o__Amphisphaeriales","f__Sporocadaceae",NA,NA,TRUE,"placeable_existing_SH","PlutoF_live","https://unite.ut.ee/sh/SH0611506.10FU",FALSE,"k__Fungi;p__Ascomycota;c__Sordariomycetes;o__Amphisphaeriales;f__Sporocadaceae;g__Seimatosporium",6,99,"s838","SH0611506.10FU","SH0120887.10FU","new_singleton_in","new_singleton_in","present_in",1,0.000234590001870308,0,0
"OTU1423","k__Fungi","p__Basidiomycota","c__Microbotryomycetes","o__Kriegeriales","f__Kriegeriaceae","g__Phenoliferia",NA,FALSE,"placeable_existing_SH","UNITE_container","https://unite.ut.ee/sh/SH0705758.10FU",FALSE,"k__Fungi;p__Basidiomycota;c__Microbotryomycetes;o__Kriegeriales;f__Kriegeriaceae;g__Phenoliferia;s__Phenoliferia_psychrophila",7,100,"SH1022698.10FU","SH0705758.10FU","SH0194963.10FU","present_in","present_in","present_in",1,0.000233521254709167,0,0
"OTU1424","k__Fungi","p__Ascomycota","c__Dothideomycetes","o__Mytilinidiales","f__Mytilinidiaceae","g__Lophium","s__arboricola 2",FALSE,"placeable_existing_SH","UNITE_container","https://unite.ut.ee/sh/SH0623111.10FU",FALSE,"k__Fungi;p__Ascomycota;c__Dothideomycetes;o__Mytilinidiales;f__Mytilinidiaceae;g__Lophium;s__Lophium_arboricola",7,100,"SH0924986.10FU","SH0623111.10FU","SH0129992.10FU","present_in","present_in","present_in",1,0.000189168247521843,3,9.29737662207333e-06
"OTU1425","k__Fungi","p__Ascomycota","c__Sordariomycetes","o__Amphisphaeriales","f__Pseudomassariaceae","g__Pseudomassaria",NA,FALSE,"placeable_existing_SH","PlutoF_live","https://unite.ut.ee/sh/SH0576834.10FU",FALSE,"k__Fungi;p__Ascomycota;c__Sordariomycetes",3,100,"s839","SH0576834.10FU","SH0092533.10FU","new_singleton_in","new_singleton_in","present_in",0,0,1,0.000341553063715314
"OTU1426","k__Fungi","p__Basidiomycota","c__Agaricomycetes","o__Russulales","f__Bondarzewiaceae","g__Heterobasidion","s__parviporum",FALSE,"placeable_existing_SH","UNITE_container","https://unite.ut.ee/sh/SH0697875.10FU",FALSE,"k__Fungi;p__Basidiomycota;c__Agaricomycetes;o__Russulales;f__Bondarzewiaceae;g__Heterobasidion;s__Heterobasidion_parviporum",7,100,"SH1013279.10FU","SH0697875.10FU","SH0188950.10FU","present_in","present_in","present_in",0,0,1,5.84344248883902e-05
"OTU1427","k__Fungi","p__Ascomycota","c__Dothideomycetes","o__Dothideales",NA,NA,NA,TRUE,"placeable_existing_SH","UNITE_container","https://unite.ut.ee/sh/SH0623929.10FU",FALSE,"k__Fungi;p__Ascomycota;c__Dothideomycetes",3,100,"s840","SH0623929.10FU","SH0130745.10FU","new_singleton_in","present_in","present_in",5,0.00985595798296514,11,0.00141594545186014
"OTU1428","k__Fungi","p__Ascomycota","c__Saccharomycetes","o__Saccharomycetales","f__Saccharomycetales_fam_Incertae_sedis","g__Candida","s__sake 3",FALSE,"novel_new_SH","UNITE_container",NA,TRUE,"k__Fungi;p__Ascomycota;c__Saccharomycetes;o__Saccharomycetales",4,100,"171","110","SH0167055.10FU","new_sh_in","new_sh_in","present_in",1,0.000185501670373837,0,0
"OTU1429","k__Fungi","p__Basidiomycota","c__Exobasidiomycetes","o__Exobasidiales","f__Exobasidiaceae","g__Exobasidium","s__arescens 4",FALSE,"placeable_existing_SH","UNITE_container","https://unite.ut.ee/sh/SH0631558.10FU",FALSE,"k__Fungi;p__Basidiomycota;c__Exobasidiomycetes;o__Exobasidiales;f__Exobasidiaceae;g__Exobasidium",6,99.5,"SH0934686.10FU","SH0631558.10FU","SH0136961.10FU","present_in","present_in","present_in",1,0.00146335146335146,1,8.56074964772515e-07
"OTU1430","k__Fungi","p__Ascomycota","c__Leotiomycetes",NA,NA,NA,NA,TRUE,"placeable_existing_SH","UNITE_container","https://unite.ut.ee/sh/SH0628731.10FU",FALSE,"k__Fungi;p__Ascomycota;c__Leotiomycetes",3,100,"SH0931205.10FU","SH0628731.10FU","SH0134818.10FU","present_in","present_in","present_in",0,0,3,5.79075251054756e-05
"OTU1432","k__Fungi","p__Ascomycota","c__Dothideomycetes","o__Venturiales","f__Venturiaceae",NA,NA,TRUE,"placeable_existing_SH","UNITE_container","https://unite.ut.ee/sh/SH0676380.10FU",FALSE,"k__Fungi;p__Ascomycota;c__Dothideomycetes;o__Venturiales;f__Venturiaceae;g__Fagicola",6,100,"168","SH0676380.10FU","SH0171985.10FU","new_sh_in","present_in","present_in",0,0,3,0.0023895826474227
"OTU1433","k__Fungi","p__Ascomycota","c__Dothideomycetes","o__Dothideales","f__Dothideales_fam_Incertae_sedis","g__Hormonema","s__macrosporum",FALSE,"placeable_existing_SH","UNITE_container","https://unite.ut.ee/sh/SH0623901.10FU",FALSE,"k__Fungi;p__Ascomycota;c__Dothideomycetes;o__Dothideales",4,100,"SH0925985.10FU","SH0623901.10FU","SH0130745.10FU","present_in","present_in","present_in",1,0.00022684158495204,0,0
"OTU1434","k__Fungi","p__Ascomycota","c__Eurotiomycetes","o__Chaetothyriales","f__Herpotrichiellaceae",NA,NA,TRUE,"placeable_existing_SH","PlutoF_live","https://unite.ut.ee/sh/SH0683830.10FU",FALSE,"k__Fungi;p__Ascomycota;c__Eurotiomycetes;o__Chaetothyriales;f__Herpotrichiellaceae;g__Exophiala",6,98.6,"172","SH0683830.10FU","SH0177807.10FU","new_sh_in","new_sh_in","present_in",2,0.000258444833202335,0,0
"OTU1435","k__Fungi","p__Basidiomycota","c__Tremellomycetes","o__Filobasidiales","f__Filobasidiales_fam_Incertae_sedis","g__Filobasidiales_gen_Incertae_sedis",NA,FALSE,"placeable_existing_SH","UNITE_container","https://unite.ut.ee/sh/SH0671801.10FU",FALSE,"k__Fungi;p__Basidiomycota;c__Tremellomycetes;o__Filobasidiales",4,97.4,"SH0982322.10FU","SH0671801.10FU","SH0168577.10FU","present_in","present_in","present_in",0,0,3,9.24650501249323e-07
"OTU1437","k__Fungi","p__Ascomycota","c__Sordariomycetes","o__Hypocreales","f__Nectriaceae","g__Stylonectria","s__norvegica",FALSE,"placeable_existing_SH","PlutoF_live","https://unite.ut.ee/sh/SH0463152.10FU",FALSE,"k__Fungi;p__Ascomycota;c__Sordariomycetes;o__Hypocreales;f__Nectriaceae;g__Stylonectria;s__Stylonectria_carpini",7,100,"s841","SH0463152.10FU","s20","new_singleton_in","new_singleton_in","new_singleton_in",0,0,2,5.67792860428583e-05
"OTU1438","k__Fungi","p__Ascomycota",NA,NA,NA,NA,NA,TRUE,"no_SH_match","UNITE_container",NA,FALSE,NA,NA,NA,NA,NA,NA,NA,NA,NA,0,0,3,9.07088851227646e-05
"OTU1439","k__Fungi","p__Ascomycota","c__Sordariomycetes","o__Hypocreales","f__Nectriaceae","g__Bisifusarium","s__delphinoides",FALSE,"placeable_existing_SH","UNITE_container","https://unite.ut.ee/sh/SH0458861.10FU",FALSE,"k__Fungi;p__Ascomycota;c__Sordariomycetes;o__Hypocreales;f__Nectriaceae;g__Bisifusarium;s__Bisifusarium_delphinoides",7,100,"SH0731131.10FU","SH0458861.10FU","SH0001283.10FU","present_in","present_in","present_in",2,0.00244241296107567,1,0.000560469134130042
"OTU1440","k__Fungi","p__Ascomycota","c__Leotiomycetes","o__Helotiales","f__Dermateaceae","g__Coleophoma",NA,FALSE,"novel_new_SH","UNITE_container",NA,TRUE,"k__Fungi;p__Ascomycota;c__Leotiomycetes",3,100,"s842","s536","s21","new_singleton_in","new_singleton_in","new_singleton_in",0,0,2,4.98010438598641e-05
"OTU1441","k__Fungi","p__Mortierellomycota","c__Mortierellomycetes","o__Mortierellales","f__Mortierellaceae","g__Mortierella","s__basiparvispora 2",FALSE,"placeable_existing_SH","UNITE_container","https://unite.ut.ee/sh/SH0573265.10FU",FALSE,"k__Fungi;p__Mortierellomycota;c__Mortierellomycetes;o__Mortierellales;f__Mortierellaceae",5,100,"SH0867661.10FU","SH0573265.10FU","SH0089571.10FU","present_in","present_in","present_in",0,0,1,0.000118451860505825
"OTU1442","k__Fungi","p__Ascomycota","c__Sordariomycetes","o__Xylariales","f__Diatrypaceae",NA,NA,TRUE,"novel_new_SH","UNITE_container",NA,TRUE,"k__Fungi;p__Ascomycota;c__Sordariomycetes;o__Xylariales;f__Diatrypaceae",5,97.2,"180","117","SH0150984.10FU","new_sh_in","new_sh_in","present_in",1,7.65188651600342e-05,1,2.97440524288497e-05
"OTU1443","k__Fungi","p__Ascomycota","c__Eurotiomycetes","o__Eurotiales","f__Aspergillaceae","g__Penicillium",NA,FALSE,"placeable_existing_SH","UNITE_container","https://unite.ut.ee/sh/SH0635852.10FU",FALSE,"k__Fungi;p__Ascomycota;c__Eurotiomycetes;o__Eurotiales;f__Aspergillaceae;g__Penicillium;s__Penicillium_spinulosum",7,100,"SH0939673.10FU","SH0635852.10FU","SH0140494.10FU","present_in","present_in","present_in",0,0,2,8.96660907536058e-05
"OTU1444","k__Fungi","p__Ascomycota","c__Eurotiomycetes","o__Chaetothyriales",NA,NA,NA,TRUE,"placeable_existing_SH","UNITE_container","https://unite.ut.ee/sh/SH0693206.10FU",FALSE,"k__Fungi;p__Ascomycota;c__Eurotiomycetes;o__Chaetothyriales;f__Chaetothyriaceae",5,98.8,"SH1007807.10FU","SH0693206.10FU","SH0185319.10FU","present_in","present_in","present_in",1,5.85506373806809e-05,0,0
"OTU1445","k__Fungi","p__Ascomycota","c__Dothideomycetes","o__Botryosphaeriales",NA,NA,NA,TRUE,"novel_new_SH","UNITE_container",NA,TRUE,"k__Fungi;p__Ascomycota;c__Dothideomycetes;o__Botryosphaeriales",4,86.2,"s843","s537","s22","new_singleton_in","new_singleton_in","new_singleton_in",2,0.00437848230038663,0,0
"OTU1446","k__Fungi","p__Basidiomycota","c__Agaricomycetes","o__Agaricales","f__Tubariaceae","g__Tubaria","s__confragosa",FALSE,"placeable_existing_SH","PlutoF_live","https://unite.ut.ee/sh/SH0671170.10FU",FALSE,"k__Fungi;p__Basidiomycota;c__Agaricomycetes;o__Agaricales;f__Tubariaceae;g__Tubaria;s__Tubaria_confragosa",7,100,"s844","SH0671170.10FU","s23","new_singleton_in","new_singleton_in","new_singleton_in",1,0.00084019684019684,0,0
"OTU1447","k__Fungi","p__Ascomycota","c__Leotiomycetes","o__Phacidiales","f__Phacidiaceae",NA,NA,TRUE,"placeable_existing_SH","UNITE_container","https://unite.ut.ee/sh/SH0628700.10FU",FALSE,"k__Fungi;p__Ascomycota;c__Leotiomycetes;o__Phacidiales;f__Phacidiaceae;g__Phacidium",6,100,"SH0931217.10FU","SH0628700.10FU","SH0134790.10FU","present_in","present_in","present_in",0,0,2,0.00168481624502697
"OTU1448","k__Fungi","p__Ascomycota","c__Lecanoromycetes","o__Lecanorales",NA,NA,NA,TRUE,"novel_new_SH","UNITE_container",NA,FALSE,"k__Fungi;p__Ascomycota;c__Lecanoromycetes",3,81.5,"s845","s539","s24","new_singleton_in","new_singleton_in","new_singleton_in",1,0.000199588532342961,1,3.26419379179066e-07
"OTU1449","k__Fungi","p__Ascomycota","c__Eurotiomycetes","o__Chaetothyriales",NA,NA,NA,TRUE,"placeable_existing_SH","UNITE_container","https://unite.ut.ee/sh/SH0693206.10FU",FALSE,"k__Fungi;p__Ascomycota;c__Eurotiomycetes;o__Chaetothyriales;f__Chaetothyriaceae",5,100,"SH1007807.10FU","SH0693206.10FU","SH0185319.10FU","present_in","present_in","present_in",2,0.00111793388159641,2,5.51522422710484e-06
"OTU1450","k__Fungi","p__Ascomycota","c__Leotiomycetes","o__Helotiales","f__Gelatinodiscaceae","g__Ascocoryne",NA,FALSE,"novel_new_SH","UNITE_container",NA,TRUE,"k__Fungi;p__Ascomycota;c__Leotiomycetes",3,100,"s846","s540","s25","new_singleton_in","new_singleton_in","new_singleton_in",0,0,3,8.64248338479139e-05
"OTU1451","k__Fungi","p__Basidiomycota","c__Agaricomycetes","o__Thelephorales","f__Thelephoraceae","g__Thelephora",NA,FALSE,"placeable_existing_SH","UNITE_container","https://unite.ut.ee/sh/SH0618066.10FU",FALSE,"k__Fungi;p__Basidiomycota;c__Agaricomycetes;o__Thelephorales;f__Thelephoraceae;g__Thelephora;s__Thelephora_wakefieldiae",7,100,"SH0919137.10FU","SH0618066.10FU","SH0126051.10FU","present_in","present_in","present_in",0,0,1,0.000118013149911359
"OTU1452","k__Fungi","p__Ascomycota","c__Sordariomycetes","o__Xylariales","f__Xylariaceae",NA,NA,TRUE,"placeable_existing_SH","UNITE_container","https://unite.ut.ee/sh/SH0631897.10FU",FALSE,"k__Fungi;p__Ascomycota;c__Sordariomycetes;o__Xylariales;f__Xylariaceae",5,98.7,"SH0935050.10FU","SH0631897.10FU","SH0137243.10FU","present_in","present_in","present_in",5,0.0054324826607726,1,2.63407681468466e-07
"OTU1453","k__Fungi","p__Basidiomycota","c__Tremellomycetes","o__Filobasidiales","f__Piskurozymaceae","g__Piskurozyma",NA,FALSE,"placeable_existing_SH","UNITE_container","https://unite.ut.ee/sh/SH0532286.10FU",FALSE,"k__Fungi;p__Basidiomycota;c__Tremellomycetes;o__Filobasidiales;f__Piskurozymaceae;g__Piskurozyma",6,98.2,"SH0820079.10FU","SH0532286.10FU","SH0056619.10FU","present_in","present_in","present_in",0,0,6,8.00897361970001e-05
"OTU1454","k__Fungi","p__Ascomycota","c__Dothideomycetes","o__Gloniales","f__Gloniaceae","g__Cenococcum",NA,FALSE,"placeable_existing_SH","UNITE_container","https://unite.ut.ee/sh/SH0686325.10FU",FALSE,"k__Fungi;p__Ascomycota;c__Dothideomycetes;o__Gloniales;f__Gloniaceae",5,100,"SH0999694.10FU","SH0686325.10FU","SH0179852.10FU","present_in","present_in","present_in",0,0,1,8.51098553264073e-05
"OTU1455","k__Fungi","p__Ascomycota","c__Orbiliomycetes","o__Orbiliales",NA,NA,NA,TRUE,"novel_new_SH","UNITE_container",NA,TRUE,"k__Fungi;p__Ascomycota;c__Orbiliomycetes;o__Orbiliales",4,91.6,"s847","s541","s26","new_singleton_in","new_singleton_in","new_singleton_in",0,0,3,0.00156556751777467
"OTU1457","k__Fungi","p__Basidiomycota","c__Tremellomycetes","o__Tremellales",NA,NA,NA,TRUE,"placeable_existing_SH","UNITE_container","https://unite.ut.ee/sh/SH0488509.10FU",FALSE,"k__Fungi;p__Basidiomycota;c__Tremellomycetes;o__Tremellales",4,100,"SH0766027.10FU","SH0488509.10FU","SH0024824.10FU","present_in","present_in","present_in",1,2.65689001989745e-07,3,0.00308496407121715
"OTU1458","k__Fungi","p__Ascomycota","c__Sordariomycetes","o__Hypocreales","f__Clavicipitaceae","g__Metapochonia",NA,FALSE,"placeable_existing_SH","UNITE_container","https://unite.ut.ee/sh/SH0649010.10FU",FALSE,"k__Fungi;p__Ascomycota;c__Sordariomycetes;o__Hypocreales;f__Clavicipitaceae;g__Metapochonia;s__Metapochonia_bulbillosa",7,100,"SH0954965.10FU","SH0649010.10FU","SH0151181.10FU","present_in","present_in","present_in",0,0,1,8.36840458943927e-05
"OTU1460","k__Fungi","p__Ascomycota","c__Dothideomycetes",NA,NA,NA,NA,TRUE,"novel_new_SH","UNITE_container",NA,FALSE,"k__Fungi;p__Ascomycota;c__Dothideomycetes",3,81.1,"173","111","11","new_sh_in","new_sh_in","new_sh_in",0,0,4,0.00259329894785972
"OTU1461","k__Fungi","p__Basidiomycota","c__Agaricomycetes","o__Agaricales","f__Hydnangiaceae","g__Laccaria",NA,FALSE,"placeable_existing_SH","UNITE_container","https://unite.ut.ee/sh/SH0666627.10FU",FALSE,"k__Fungi;p__Basidiomycota;c__Agaricomycetes;o__Agaricales;f__Hydnangiaceae",5,100,"SH0976157.10FU","SH0666627.10FU","SH0164638.10FU","present_in","present_in","present_in",0,0,1,4.72653316919676e-05
"OTU1462","k__Fungi","p__Ascomycota","c__Eurotiomycetes","o__Eurotiales","f__Aspergillaceae","g__Penicillium","s__bialowiezense 2",FALSE,"placeable_existing_SH","UNITE_container","https://unite.ut.ee/sh/SH0635722.10FU",FALSE,"k__Fungi;p__Ascomycota;c__Eurotiomycetes;o__Eurotiales;f__Aspergillaceae;g__Penicillium;s__Penicillium_bialowiezense",7,100,"SH0939434.10FU","SH0635722.10FU","SH0140442.10FU","present_in","present_in","present_in",1,0.000201993213455527,0,0
"OTU1463","k__Fungi","p__Basidiomycota","c__Tremellomycetes","o__Filobasidiales","f__Piskurozymaceae","g__Piskurozyma",NA,FALSE,"placeable_existing_SH","PlutoF_live","https://unite.ut.ee/sh/SH0532293.10FU",FALSE,"k__Fungi;p__Basidiomycota;c__Tremellomycetes;o__Filobasidiales;f__Piskurozymaceae;g__Piskurozyma",6,99.6,"175","SH0532293.10FU","12","new_sh_in","new_sh_in","new_sh_in",0,0,4,4.00585370238499e-05
