"Assemblage","qTD","TD_obs","TD_asy","s.e.","qTD.LCL","qTD.UCL"
"Summer","Species richness",864,1708.0083725798,79.4587879063538,1552.27201002814,1863.74473513146
"Summer","Shannon diversity",613.785467799711,977.865576861536,28.5530009379003,921.902723372713,1033.82843035036
"Summer","Simpson diversity",420.844961240308,522.662998027086,17.8795878824238,487.619649719116,557.706346335055
"Winter","Species richness",436,1046.16376201923,78.7988653952881,891.720823821847,1200.60670021662
"Winter","Shannon diversity",286.064369596504,492.779657975847,24.4417309550233,444.874745584184,540.684570367511
"Winter","Simpson diversity",175.909353706381,208.970021443075,10.4678499887536,188.45341246955,229.4866304166
