"grouping","term","Df","Sum Sq","Mean Sq","F","N.Perm","Pr(>F)"
"Season","Groups",1,1607.7025918266,1607.7025918266,15.3487550339175,999,0.001
"Season","Residuals",50,5237.24102793326,104.744820558665,NA,NA,NA
"Year","Groups",2,730.527698510001,365.263849255,2.95966511108545,999,0.059
"Year","Residuals",49,6047.28168280195,123.413911893917,NA,NA,NA
