"Df","SumOfSqs","R2","F","Pr(>F)","term"
1,3273.718966798,0.112134469781171,6.10023216626367,0.001,"Season"
1,107.438180691764,0.00368007258665461,0.200199788799154,0.878,"Year"
1,53.9936597751662,0.00184944110103474,0.100611525752598,0.951,"Season:Year"
48,25759.4311369545,0.88233601653114,NA,NA,"Residual"
51,29194.5819442195,1,NA,NA,"Total"
