"term","Df","Sum Sq","Mean Sq","F value","Pr(>F)"
"Season",1,1587.51456895604,1587.51456895604,15.7712633822468,0.000249263340709029
"Year",2,335.745575947315,167.872787973657,1.66774277579429,0.199877437031604
"Season:Year",2,48.5389813813746,24.2694906906873,0.241106782464064,0.786744451203721
"Residuals",46,4630.29932365345,100.658680948988,NA,NA
